serial_number,name,source_group,source_desc,unit_cost,acquisition_date
24041700035,Drone Battery 24041700035,Drone Battery,IT1 SP Damoda Drone Battery,1655220,2025-01-30
240425000109,Drone Battery 240425000109,Drone Battery,IT1 SP Damoda Drone Battery,1655220,2025-01-30
24032800402,Drone Battery 24032800402,Drone Battery,IT1 SP Damoda Drone Battery,1655220,2025-01-30
24032500167,Drone Battery 24032500167,Drone Battery,IT1 SP Damoda Drone Battery,1655220,2025-01-30
24041700014,Drone Battery 24041700014,Drone Battery,IT1 SP Damoda Drone Battery,1655220,2025-01-30
24032600159,Drone Battery 24032600159,Drone Battery,IT1 SP Damoda Drone Battery,1655220,2025-01-30
240419000031,Drone Battery 240419000031,Drone Battery,IT1 SP Damoda Drone Battery,1655220,2025-01-30
24032300290,Drone Battery 24032300290,Drone Battery,IT1 SP Damoda Drone Battery,1655220,2025-01-30
24032800359,Drone Battery 24032800359,Drone Battery,IT1 SP Damoda Drone Battery,1655220,2025-01-30
24032700062,Drone Battery 24032700062,Drone Battery,IT1 SP Damoda Drone Battery,1655220,2025-01-30
24032500144,Drone Battery 24032500144,Drone Battery,IT1 SP Damoda Drone Battery,1655220,2025-01-30
24032500045,Drone Battery 24032500045,Drone Battery,IT1 SP Damoda Drone Battery,1655220,2025-01-30
24032600245,Drone Battery 24032600245,Drone Battery,IT1 SP Damoda Drone Battery,1655220,2025-01-30
240425000212,Drone Battery 240425000212,Drone Battery,IT1 SP Damoda Drone Battery,1655220,2025-01-30
240415000074,Drone Battery 240415000074,Drone Battery,IT1 SP Damoda Drone Battery,1655220,2025-01-30
24032700011,Drone Battery 24032700011,Drone Battery,IT1 SP Damoda Drone Battery,1655220,2025-01-30
240415000317,Drone Battery 240415000317,Drone Battery,IT1 SP Damoda Drone Battery,1655220,2025-01-30
24032600341,Drone Battery 24032600341,Drone Battery,IT1 SP Damoda Drone Battery,1655220,2025-01-30
240403000384,Drone Battery 240403000384,Drone Battery,IT1 SP Damoda Drone Battery,1655220,2025-01-30
240412000067,Drone Battery 240412000067,Drone Battery,IT1 SP Damoda Drone Battery,1655220,2025-01-30
240415000224,Drone Battery 240415000224,Drone Battery,IT1 SP Damoda Drone Battery,1655220,2025-01-30
240425000119,Drone Battery 240425000119,Drone Battery,IT1 SP Damoda Drone Battery,1655220,2025-01-30
24032000080,Drone Battery 24032000080,Drone Battery,IT1 SP Damoda Drone Battery,1655220,2025-01-30
240407000211,Drone Battery 240407000211,Drone Battery,IT1 SP Damoda Drone Battery,1655220,2025-01-30
24032500305,Drone Battery 24032500305,Drone Battery,IT1 SP Damoda Drone Battery,1655220,2025-01-30
24032800080,Drone Battery 24032800080,Drone Battery,IT1 SP Damoda Drone Battery,1655220,2025-01-30
240406000146,Drone Battery 240406000146,Drone Battery,IT1 SP Damoda Drone Battery,1655220,2025-01-30
24032600439,Drone Battery 24032600439,Drone Battery,IT1 SP Damoda Drone Battery,1655220,2025-01-30
24031100545,Drone Battery 24031100545,Drone Battery,IT1 SP Damoda Drone Battery,1655220,2025-01-30
24041700033,Drone Battery 24041700033,Drone Battery,IT1 SP Damoda Drone Battery,1655220,2025-01-30
240407000280,Drone Battery 240407000280,Drone Battery,IT1 SP Damoda Drone Battery,1655220,2025-01-30
24032900100,Drone Battery 24032900100,Drone Battery,IT1 SP Damoda Drone Battery,1655220,2025-01-30
24032600452,Drone Battery 24032600452,Drone Battery,IT1 SP Damoda Drone Battery,1655220,2025-01-30
24031800219,Drone Battery 24031800219,Drone Battery,IT1 SP Damoda Drone Battery,1655220,2025-01-30
24032600095,Drone Battery 24032600095,Drone Battery,IT1 SP Damoda Drone Battery,1655220,2025-01-30
240406000514,Drone Battery 240406000514,Drone Battery,IT1 SP Damoda Drone Battery,1655220,2025-01-30
24032500087,Drone Battery 24032500087,Drone Battery,IT1 SP Damoda Drone Battery,1655220,2025-01-30
24032700084,Drone Battery 24032700084,Drone Battery,IT1 SP Damoda Drone Battery,1655220,2025-01-30
240410000415,Drone Battery 240410000415,Drone Battery,IT1 SP Damoda Drone Battery,1655220,2025-01-30
24041700043,Drone Battery 24041700043,Drone Battery,IT1 SP Damoda Drone Battery,1655220,2025-01-30
240425000172,Drone Battery 240425000172,Drone Battery,IT1 SP Damoda Drone Battery,1655220,2025-01-30
240415000093,Drone Battery 240415000093,Drone Battery,IT1 SP Damoda Drone Battery,1655220,2025-01-30
24041700041,Drone Battery 24041700041,Drone Battery,IT1 SP Damoda Drone Battery,1655220,2025-01-30
24041700047,Drone Battery 24041700047,Drone Battery,IT1 SP Damoda Drone Battery,1655220,2025-01-30
24032600018,Drone Battery 24032600018,Drone Battery,IT1 SP Damoda Drone Battery,1655220,2025-01-30
24032500252,Drone Battery 24032500252,Drone Battery,IT1 SP Damoda Drone Battery,1655220,2025-01-30
240415000292,Drone Battery 240415000292,Drone Battery,IT1 SP Damoda Drone Battery,1655220,2025-01-30
24041700026,Drone Battery 24041700026,Drone Battery,IT1 SP Damoda Drone Battery,1655220,2025-01-30
24041700012,Drone Battery 24041700012,Drone Battery,IT1 SP Damoda Drone Battery,1655220,2025-01-30
240419000025,Drone Battery 240419000025,Drone Battery,IT1 SP Damoda Drone Battery,1655220,2025-01-30
240415000173,Drone Battery 240415000173,Drone Battery,IT1 SP Damoda Drone Battery,1655220,2025-01-30
24032900152,Drone Battery 24032900152,Drone Battery,IT1 SP Damoda Drone Battery,1655220,2025-01-30
240425000072,Drone Battery 240425000072,Drone Battery,IT1 SP Damoda Drone Battery,1655220,2025-01-30
24032500386,Drone Battery 24032500386,Drone Battery,IT1 SP Damoda Drone Battery,1655220,2025-01-30
240419000106,Drone Battery 240419000106,Drone Battery,IT1 SP Damoda Drone Battery,1655220,2025-01-30
24033000282,Drone Battery 24033000282,Drone Battery,IT1 SP Damoda Drone Battery,1655220,2025-01-30
24032900160,Drone Battery 24032900160,Drone Battery,IT1 SP Damoda Drone Battery,1655220,2025-01-30
240415000296,Drone Battery 240415000296,Drone Battery,IT1 SP Damoda Drone Battery,1655220,2025-01-30
24032500188,Drone Battery 24032500188,Drone Battery,IT1 SP Damoda Drone Battery,1655220,2025-01-30
24033000274,Drone Battery 24033000274,Drone Battery,IT1 SP Damoda Drone Battery,1655220,2025-01-30
240419000157,Drone Battery 240419000157,Drone Battery,IT1 SP Damoda Drone Battery,1655220,2025-01-30
240415000229,Drone Battery 240415000229,Drone Battery,IT1 SP Damoda Drone Battery,1655220,2025-01-30
240415000187,Drone Battery 240415000187,Drone Battery,IT1 SP Damoda Drone Battery,1655220,2025-01-30
24032800176,Drone Battery 24032800176,Drone Battery,IT1 SP Damoda Drone Battery,1655220,2025-01-30
240425000011,Drone Battery 240425000011,Drone Battery,IT1 SP Damoda Drone Battery,1655220,2025-01-30
240425000067,Drone Battery 240425000067,Drone Battery,IT1 SP Damoda Drone Battery,1655220,2025-01-30
240425000068,Drone Battery 240425000068,Drone Battery,IT1 SP Damoda Drone Battery,1655220,2025-01-30
24032800103,Drone Battery 24032800103,Drone Battery,IT1 SP Damoda Drone Battery,1655220,2025-01-30
24032300133,Drone Battery 24032300133,Drone Battery,IT1 SP Damoda Drone Battery,1655220,2025-01-30
240415000094,Drone Battery 240415000094,Drone Battery,IT1 SP Damoda Drone Battery,1655220,2025-01-30
240419000062,Drone Battery 240419000062,Drone Battery,IT1 SP Damoda Drone Battery,1655220,2025-01-30
240409000537,Drone Battery 240409000537,Drone Battery,IT1 SP Damoda Drone Battery,1655220,2025-01-30
24032700113,Drone Battery 24032700113,Drone Battery,IT1 SP Damoda Drone Battery,1655220,2025-01-30
240425000235,Drone Battery 240425000235,Drone Battery,IT1 SP Damoda Drone Battery,1655220,2025-01-30
240406000018,Drone Battery 240406000018,Drone Battery,IT1 SP Damoda Drone Battery,1655220,2025-01-30
240425000076,Drone Battery 240425000076,Drone Battery,IT1 SP Damoda Drone Battery,1655220,2025-01-30
240415000108,Drone Battery 240415000108,Drone Battery,IT1 SP Damoda Drone Battery,1655220,2025-01-30
240425000189,Drone Battery 240425000189,Drone Battery,IT1 SP Damoda Drone Battery,1655220,2025-01-30
240425000199,Drone Battery 240425000199,Drone Battery,IT1 SP Damoda Drone Battery,1655220,2025-01-30
240419000090,Drone Battery 240419000090,Drone Battery,IT1 SP Damoda Drone Battery,1655220,2025-01-30
24031101015,Drone Battery 24031101015,Drone Battery,IT1 SP Damoda Drone Battery,1655220,2025-01-30
24031100725,Drone Battery 24031100725,Drone Battery,IT1 SP Damoda Drone Battery,1655220,2025-01-30
24031100803,Drone Battery 24031100803,Drone Battery,IT1 SP Damoda Drone Battery,1655220,2025-01-30
240425000029,Drone Battery 240425000029,Drone Battery,IT1 SP Damoda Drone Battery,1655220,2025-01-30
24032700046,Drone Battery 24032700046,Drone Battery,IT1 SP Damoda Drone Battery,1655220,2025-01-30
24031100787,Drone Battery 24031100787,Drone Battery,IT1 SP Damoda Drone Battery,1655220,2025-01-30
24031100917,Drone Battery 24031100917,Drone Battery,IT1 SP Damoda Drone Battery,1655220,2025-01-30
24032700009,Drone Battery 24032700009,Drone Battery,IT1 SP Damoda Drone Battery,1655220,2025-01-30
24033000095,Drone Battery 24033000095,Drone Battery,IT1 SP Damoda Drone Battery,1655220,2025-01-30
24031101035,Drone Battery 24031101035,Drone Battery,IT1 SP Damoda Drone Battery,1655220,2025-01-30
24032600399,Drone Battery 24032600399,Drone Battery,IT1 SP Damoda Drone Battery,1655220,2025-01-30
24031100217,Drone Battery 24031100217,Drone Battery,IT1 SP Damoda Drone Battery,1655220,2025-01-30
24031100293,Drone Battery 24031100293,Drone Battery,IT1 SP Damoda Drone Battery,1655220,2025-01-30
24031100219,Drone Battery 24031100219,Drone Battery,IT1 SP Damoda Drone Battery,1655220,2025-01-30
24031100701,Drone Battery 24031100701,Drone Battery,IT1 SP Damoda Drone Battery,1655220,2025-01-30
24031101007,Drone Battery 24031101007,Drone Battery,IT1 SP Damoda Drone Battery,1655220,2025-01-30
240425000059,Drone Battery 240425000059,Drone Battery,IT1 SP Damoda Drone Battery,1655220,2025-01-30
24032300294,Drone Battery 24032300294,Drone Battery,IT1 SP Damoda Drone Battery,1655220,2025-01-30
24032600270,Drone Battery 24032600270,Drone Battery,IT1 SP Damoda Drone Battery,1655220,2025-01-30
240425000188,Drone Battery 240425000188,Drone Battery,IT1 SP Damoda Drone Battery,1655220,2025-01-30
24032800108,Drone Battery 24032800108,Drone Battery,IT1 SP Damoda Drone Battery,1655220,2025-01-30
240427000014,Drone Battery 240427000014,Drone Battery,IT1 SP Damoda Drone Battery,1655220,2025-01-30
240407000363,Drone Battery 240407000363,Drone Battery,IT1 SP Damoda Drone Battery,1655220,2025-01-30
240419000134,Drone Battery 240419000134,Drone Battery,IT1 SP Damoda Drone Battery,1655220,2025-01-30
24031100617,Drone Battery 24031100617,Drone Battery,IT1 SP Damoda Drone Battery,1655220,2025-01-30
24032600485,Drone Battery 24032600485,Drone Battery,IT1 SP Damoda Drone Battery,1655220,2025-01-30
24032600454,Drone Battery 24032600454,Drone Battery,IT1 SP Damoda Drone Battery,1655220,2025-01-30
240410000355,Drone Battery 240410000355,Drone Battery,IT1 SP Damoda Drone Battery,1655220,2025-01-30
24032700063,Drone Battery 24032700063,Drone Battery,IT1 SP Damoda Drone Battery,1655220,2025-01-30
24032600110,Drone Battery 24032600110,Drone Battery,IT1 SP Damoda Drone Battery,1655220,2025-01-30
24032800352,Drone Battery 24032800352,Drone Battery,IT1 SP Damoda Drone Battery,1655220,2025-01-30
24031101023,Drone Battery 24031101023,Drone Battery,IT1 SP Damoda Drone Battery,1655220,2025-01-30
240415000332,Drone Battery 240415000332,Drone Battery,IT1 SP Damoda Drone Battery,1655220,2025-01-30
240406000260,Drone Battery 240406000260,Drone Battery,IT1 SP Damoda Drone Battery,1655220,2025-01-30
24032800391,Drone Battery 24032800391,Drone Battery,IT1 SP Damoda Drone Battery,1655220,2025-01-30
240415000030,Drone Battery 240415000030,Drone Battery,IT1 SP Damoda Drone Battery,1655220,2025-01-30
24031100995,Drone Battery 24031100995,Drone Battery,IT1 SP Damoda Drone Battery,1655220,2025-01-30
240425000032,Drone Battery 240425000032,Drone Battery,IT1 SP Damoda Drone Battery,1655220,2025-01-30
24032600483,Drone Battery 24032600483,Drone Battery,IT1 SP Damoda Drone Battery,1655220,2025-01-30
24031100805,Drone Battery 24031100805,Drone Battery,IT1 SP Damoda Drone Battery,1655220,2025-01-30
240425000017,Drone Battery 240425000017,Drone Battery,IT1 SP Damoda Drone Battery,1655220,2025-01-30
240403000492,Drone Battery 240403000492,Drone Battery,IT1 SP Damoda Drone Battery,1655220,2025-01-30
240425000181,Drone Battery 240425000181,Drone Battery,IT1 SP Damoda Drone Battery,1655220,2025-01-30
240415000077,Drone Battery 240415000077,Drone Battery,IT1 SP Damoda Drone Battery,1655220,2025-01-30
240403000345,Drone Battery 240403000345,Drone Battery,IT1 SP Damoda Drone Battery,1655220,2025-01-30
240412000033,Drone Battery 240412000033,Drone Battery,IT1 SP Damoda Drone Battery,1655220,2025-01-30
240425000016,Drone Battery 240425000016,Drone Battery,IT1 SP Damoda Drone Battery,1655220,2025-01-30
24032900169,Drone Battery 24032900169,Drone Battery,IT1 SP Damoda Drone Battery,1655220,2025-01-30
240425000075,Drone Battery 240425000075,Drone Battery,IT1 SP Damoda Drone Battery,1655220,2025-01-30
240419000116,Drone Battery 240419000116,Drone Battery,IT1 SP Damoda Drone Battery,1655220,2025-01-30
240403000103,Drone Battery 240403000103,Drone Battery,IT1 SP Damoda Drone Battery,1655220,2025-01-30
240425000043,Drone Battery 240425000043,Drone Battery,IT1 SP Damoda Drone Battery,1655220,2025-01-30
240409000027,Drone Battery 240409000027,Drone Battery,IT1 SP Damoda Drone Battery,1655220,2025-01-30
240425000014,Drone Battery 240425000014,Drone Battery,IT1 SP Damoda Drone Battery,1655220,2025-01-30
240425000051,Drone Battery 240425000051,Drone Battery,IT1 SP Damoda Drone Battery,1655220,2025-01-30
240406000017,Drone Battery 240406000017,Drone Battery,IT1 SP Damoda Drone Battery,1655220,2025-01-30
240425000187,Drone Battery 240425000187,Drone Battery,IT1 SP Damoda Drone Battery,1655220,2025-01-30
240409000583,Drone Battery 240409000583,Drone Battery,IT1 SP Damoda Drone Battery,1655220,2025-01-30
240406000187,Drone Battery 240406000187,Drone Battery,IT1 SP Damoda Drone Battery,1655220,2025-01-30
240406000495,Drone Battery 240406000495,Drone Battery,IT1 SP Damoda Drone Battery,1655220,2025-01-30
240403000174,Drone Battery 240403000174,Drone Battery,IT1 SP Damoda Drone Battery,1655220,2025-01-30
240406000624,Drone Battery 240406000624,Drone Battery,IT1 SP Damoda Drone Battery,1655220,2025-01-30
24033000143,Drone Battery 24033000143,Drone Battery,IT1 SP Damoda Drone Battery,1655220,2025-01-30
24032800365,Drone Battery 24032800365,Drone Battery,IT1 SP Damoda Drone Battery,1655220,2025-01-30
240415000145,Drone Battery 240415000145,Drone Battery,IT1 SP Damoda Drone Battery,1655220,2025-01-30
240407000456,Drone Battery 240407000456,Drone Battery,IT1 SP Damoda Drone Battery,1655220,2025-01-30
240425000226,Drone Battery 240425000226,Drone Battery,IT1 SP Damoda Drone Battery,1655220,2025-01-30
24032600272,Drone Battery 24032600272,Drone Battery,IT1 SP Damoda Drone Battery,1655220,2025-01-30
240412000046,Drone Battery 240412000046,Drone Battery,IT1 SP Damoda Drone Battery,1655220,2025-01-30
240407000511,Drone Battery 240407000511,Drone Battery,IT1 SP Damoda Drone Battery,1655220,2025-01-30
24033000189,Drone Battery 24033000189,Drone Battery,IT1 SP Damoda Drone Battery,1655220,2025-01-30
240425000054,Drone Battery 240425000054,Drone Battery,IT1 SP Damoda Drone Battery,1655220,2025-01-30
240415000059,Drone Battery 240415000059,Drone Battery,IT1 SP Damoda Drone Battery,1655220,2025-01-30
240419000088,Drone Battery 240419000088,Drone Battery,IT1 SP Damoda Drone Battery,1655220,2025-01-30
240407000381,Drone Battery 240407000381,Drone Battery,IT1 SP Damoda Drone Battery,1655220,2025-01-30
240409000433,Drone Battery 240409000433,Drone Battery,IT1 SP Damoda Drone Battery,1655220,2025-01-30
240403000527,Drone Battery 240403000527,Drone Battery,IT1 SP Damoda Drone Battery,1655220,2025-01-30
240410000163,Drone Battery 240410000163,Drone Battery,IT1 SP Damoda Drone Battery,1655220,2025-01-30
24032800064,Drone Battery 24032800064,Drone Battery,IT1 SP Damoda Drone Battery,1655220,2025-01-30
240412000091,Drone Battery 240412000091,Drone Battery,IT1 SP Damoda Drone Battery,1655220,2025-01-30
24032800529,Drone Battery 24032800529,Drone Battery,IT1 SP Damoda Drone Battery,1655220,2025-01-30
24032500337,Drone Battery 24032500337,Drone Battery,IT1 SP Damoda Drone Battery,1655220,2025-01-30
24032800157,Drone Battery 24032800157,Drone Battery,IT1 SP Damoda Drone Battery,1655220,2025-01-30
24031100233,Drone Battery 24031100233,Drone Battery,IT1 SP Damoda Drone Battery,1655220,2025-01-30
24031100227,Drone Battery 24031100227,Drone Battery,IT1 SP Damoda Drone Battery,1655220,2025-01-30
24032600019,Drone Battery 24032600019,Drone Battery,IT1 SP Damoda Drone Battery,1655220,2025-01-30
24032500423,Drone Battery 24032500423,Drone Battery,IT1 SP Damoda Drone Battery,1655220,2025-01-30
24032600410,Drone Battery 24032600410,Drone Battery,IT1 SP Damoda Drone Battery,1655220,2025-01-30
24031100897,Drone Battery 24031100897,Drone Battery,IT1 SP Damoda Drone Battery,1655220,2025-01-30
240407000544,Drone Battery 240407000544,Drone Battery,IT1 SP Damoda Drone Battery,1655220,2025-01-30
240409000026,Drone Battery 240409000026,Drone Battery,IT1 SP Damoda Drone Battery,1655220,2025-01-30
24032500253,Drone Battery 24032500253,Drone Battery,IT1 SP Damoda Drone Battery,1655220,2025-01-30
240403000249,Drone Battery 240403000249,Drone Battery,IT1 SP Damoda Drone Battery,1655220,2025-01-30
24031100653,Drone Battery 24031100653,Drone Battery,IT1 SP Damoda Drone Battery,1655220,2025-01-30
240427000013,Drone Battery 240427000013,Drone Battery,IT1 SP Damoda Drone Battery,1655220,2025-01-30
240425000112,Drone Battery 240425000112,Drone Battery,IT1 SP Damoda Drone Battery,1655220,2025-01-30
24031100777,Drone Battery 24031100777,Drone Battery,IT1 SP Damoda Drone Battery,1655220,2025-01-30
24031100031,Drone Battery 24031100031,Drone Battery,IT1 SP Damoda Drone Battery,1655220,2025-01-30
24032800092,Drone Battery 24032800092,Drone Battery,IT1 SP Damoda Drone Battery,1655220,2025-01-30
24031100755,Drone Battery 24031100755,Drone Battery,IT1 SP Damoda Drone Battery,1655220,2025-01-30
24031100793,Drone Battery 24031100793,Drone Battery,IT1 SP Damoda Drone Battery,1655220,2025-01-30
240410000373,Drone Battery 240410000373,Drone Battery,IT1 SP Damoda Drone Battery,1655220,2025-01-30
24032700122,Drone Battery 24032700122,Drone Battery,IT1 SP Damoda Drone Battery,1655220,2025-01-30
240419000087,Drone Battery 240419000087,Drone Battery,IT1 SP Damoda Drone Battery,1655220,2025-01-30
240415000241,Drone Battery 240415000241,Drone Battery,IT1 SP Damoda Drone Battery,1655220,2025-01-30
240407000153,Drone Battery 240407000153,Drone Battery,IT1 SP Damoda Drone Battery,1655220,2025-01-30
24032500016,Drone Battery 24032500016,Drone Battery,IT1 SP Damoda Drone Battery,1655220,2025-01-30
24032600144,Drone Battery 24032600144,Drone Battery,IT1 SP Damoda Drone Battery,1655220,2025-01-30
24032500129,Drone Battery 24032500129,Drone Battery,IT1 SP Damoda Drone Battery,1655220,2025-01-30
24032700095,Drone Battery 24032700095,Drone Battery,IT1 SP Damoda Drone Battery,1655220,2025-01-30
24032500141,Drone Battery 24032500141,Drone Battery,IT1 SP Damoda Drone Battery,1655220,2025-01-30
24032500190,Drone Battery 24032500190,Drone Battery,IT1 SP Damoda Drone Battery,1655220,2025-01-30
240409000188,Drone Battery 240409000188,Drone Battery,IT1 SP Damoda Drone Battery,1655220,2025-01-30
24031100281,Drone Battery 24031100281,Drone Battery,IT1 SP Damoda Drone Battery,1655220,2025-01-30
24032500218,Drone Battery 24032500218,Drone Battery,IT1 SP Damoda Drone Battery,1655220,2025-01-30
240425000128,Drone Battery 240425000128,Drone Battery,IT1 SP Damoda Drone Battery,1655220,2025-01-30
24032800126,Drone Battery 24032800126,Drone Battery,IT1 SP Damoda Drone Battery,1655220,2025-01-30
24031100299,Drone Battery 24031100299,Drone Battery,IT1 SP Damoda Drone Battery,1655220,2025-01-30
24032600115,Drone Battery 24032600115,Drone Battery,IT1 SP Damoda Drone Battery,1655220,2025-01-30
24032500257,Drone Battery 24032500257,Drone Battery,IT1 SP Damoda Drone Battery,1655220,2025-01-30
24031900198,Drone Battery 24031900198,Drone Battery,IT1 SP Damoda Drone Battery,1655220,2025-01-30
240407000056,Drone Battery 240407000056,Drone Battery,IT1 SP Damoda Drone Battery,1655220,2025-01-30
240403000327,Drone Battery 240403000327,Drone Battery,IT1 SP Damoda Drone Battery,1655220,2025-01-30
24032500013,Drone Battery 24032500013,Drone Battery,IT1 SP Damoda Drone Battery,1655220,2025-01-30
24032100185,Drone Battery 24032100185,Drone Battery,IT1 SP Damoda Drone Battery,1655220,2025-01-30
240406000080,Drone Battery 240406000080,Drone Battery,IT1 SP Damoda Drone Battery,1655220,2025-01-30
24032700161,Drone Battery 24032700161,Drone Battery,IT1 SP Damoda Drone Battery,1655220,2025-01-30
24032800227,Drone Battery 24032800227,Drone Battery,IT1 SP Damoda Drone Battery,1655220,2025-01-30
240419000071,Drone Battery 240419000071,Drone Battery,IT1 SP Damoda Drone Battery,1655220,2025-01-30
24032300243,Drone Battery 24032300243,Drone Battery,IT1 SP Damoda Drone Battery,1655220,2025-01-30
24032500150,Drone Battery 24032500150,Drone Battery,IT1 SP Damoda Drone Battery,1655220,2025-01-30
24032800512,Drone Battery 24032800512,Drone Battery,IT1 SP Damoda Drone Battery,1655220,2025-01-30
24032800242,Drone Battery 24032800242,Drone Battery,IT1 SP Damoda Drone Battery,1655220,2025-01-30
240406000093,Drone Battery 240406000093,Drone Battery,IT1 SP Damoda Drone Battery,1655220,2025-01-30
240403000541,Drone Battery 240403000541,Drone Battery,IT1 SP Damoda Drone Battery,1655220,2025-01-30
24032800395,Drone Battery 24032800395,Drone Battery,IT1 SP Damoda Drone Battery,1655220,2025-01-30
24032700081,Drone Battery 24032700081,Drone Battery,IT1 SP Damoda Drone Battery,1655220,2025-01-30
240407000262,Drone Battery 240407000262,Drone Battery,IT1 SP Damoda Drone Battery,1655220,2025-01-30
24032600295,Drone Battery 24032600295,Drone Battery,IT1 SP Damoda Drone Battery,1655220,2025-01-30
24032700075,Drone Battery 24032700075,Drone Battery,IT1 SP Damoda Drone Battery,1655220,2025-01-30
240410000252,Drone Battery 240410000252,Drone Battery,IT1 SP Damoda Drone Battery,1655220,2025-01-30
240415000325,Drone Battery 240415000325,Drone Battery,IT1 SP Damoda Drone Battery,1655220,2025-01-30
24032600009,Drone Battery 24032600009,Drone Battery,IT1 SP Damoda Drone Battery,1655220,2025-01-30
240406000066,Drone Battery 240406000066,Drone Battery,IT1 SP Damoda Drone Battery,1655220,2025-01-30
24032500053,Drone Battery 24032500053,Drone Battery,IT1 SP Damoda Drone Battery,1655220,2025-01-30
240412000305,Drone Battery 240412000305,Drone Battery,IT1 SP Damoda Drone Battery,1655220,2025-01-30
240419000063,Drone Battery 240419000063,Drone Battery,IT1 SP Damoda Drone Battery,1655220,2025-01-30
24032800073,Drone Battery 24032800073,Drone Battery,IT1 SP Damoda Drone Battery,1655220,2025-01-30
240419000126,Drone Battery 240419000126,Drone Battery,IT1 SP Damoda Drone Battery,1655220,2025-01-30
24032800511,Drone Battery 24032800511,Drone Battery,IT1 SP Damoda Drone Battery,1655220,2025-01-30
240415000218,Drone Battery 240415000218,Drone Battery,IT1 SP Damoda Drone Battery,1655220,2025-01-30
24032600388,Drone Battery 24032600388,Drone Battery,IT1 SP Damoda Drone Battery,1655220,2025-01-30
24032500255,Drone Battery 24032500255,Drone Battery,IT1 SP Damoda Drone Battery,1655220,2025-01-30
240403000245,Drone Battery 240403000245,Drone Battery,IT1 SP Damoda Drone Battery,1655220,2025-01-30
24032500407,Drone Battery 24032500407,Drone Battery,IT1 SP Damoda Drone Battery,1655220,2025-01-30
24032500273,Drone Battery 24032500273,Drone Battery,IT1 SP Damoda Drone Battery,1655220,2025-01-30
24032700163,Drone Battery 24032700163,Drone Battery,IT1 SP Damoda Drone Battery,1655220,2025-01-30
24032500186,Drone Battery 24032500186,Drone Battery,IT1 SP Damoda Drone Battery,1655220,2025-01-30
24032500411,Drone Battery 24032500411,Drone Battery,IT1 SP Damoda Drone Battery,1655220,2025-01-30
24032600017,Drone Battery 24032600017,Drone Battery,IT1 SP Damoda Drone Battery,1655220,2025-01-30
24032600458,Drone Battery 24032600458,Drone Battery,IT1 SP Damoda Drone Battery,1655220,2025-01-30
24032700211,Drone Battery 24032700211,Drone Battery,IT1 SP Damoda Drone Battery,1655220,2025-01-30
24032800397,Drone Battery 24032800397,Drone Battery,IT1 SP Damoda Drone Battery,1655220,2025-01-30
240415000288,Drone Battery 240415000288,Drone Battery,IT1 SP Damoda Drone Battery,1655220,2025-01-30
24032700197,Drone Battery 24032700197,Drone Battery,IT1 SP Damoda Drone Battery,1655220,2025-01-30
24032500116,Drone Battery 24032500116,Drone Battery,IT1 SP Damoda Drone Battery,1655220,2025-01-30
24032500194,Drone Battery 24032500194,Drone Battery,IT1 SP Damoda Drone Battery,1655220,2025-01-30
24032700257,Drone Battery 24032700257,Drone Battery,IT1 SP Damoda Drone Battery,1655220,2025-01-30
24032500420,Drone Battery 24032500420,Drone Battery,IT1 SP Damoda Drone Battery,1655220,2025-01-30
24031100659,Drone Battery 24031100659,Drone Battery,IT1 SP Damoda Drone Battery,1655220,2025-01-30
24031100571,Drone Battery 24031100571,Drone Battery,IT1 SP Damoda Drone Battery,1655220,2025-01-30
24031100583,Drone Battery 24031100583,Drone Battery,IT1 SP Damoda Drone Battery,1655220,2025-01-30
240425000098,Drone Battery 240425000098,Drone Battery,IT1 SP Damoda Drone Battery,1655220,2025-01-30
24032900053,Drone Battery 24032900053,Drone Battery,IT1 SP Damoda Drone Battery,1655220,2025-01-30
24032500325,Drone Battery 24032500325,Drone Battery,IT1 SP Damoda Drone Battery,1655220,2025-01-30
24032700157,Drone Battery 24032700157,Drone Battery,IT1 SP Damoda Drone Battery,1655220,2025-01-30
24032500366,Drone Battery 24032500366,Drone Battery,IT1 SP Damoda Drone Battery,1655220,2025-01-30
24032500310,Drone Battery 24032500310,Drone Battery,IT1 SP Damoda Drone Battery,1655220,2025-01-30
24031100265,Drone Battery 24031100265,Drone Battery,IT1 SP Damoda Drone Battery,1655220,2025-01-30
24032600321,Drone Battery 24032600321,Drone Battery,IT1 SP Damoda Drone Battery,1655220,2025-01-30
24032800337,Drone Battery 24032800337,Drone Battery,IT1 SP Damoda Drone Battery,1655220,2025-01-30
24031101242,Drone Battery 24031101242,Drone Battery,IT1 SP Damoda Drone Battery,1655220,2025-01-30
2024011301625,Drone Battery 2024011301625,Drone Battery,IT1 SP Damoda Drone Battery,1655220,2025-01-30
240415000029,Drone Battery 240415000029,Drone Battery,IT1 SP Damoda Drone Battery,1655220,2025-01-30
24032700125,Drone Battery 24032700125,Drone Battery,IT1 SP Damoda Drone Battery,1655220,2025-01-30
2024011301625,Drone Battery 2024011301625,Drone Battery,IT1 SP Damoda Drone Battery,1655220,2025-01-30
24032700010,Drone Battery 24032700010,Drone Battery,IT1 SP Damoda Drone Battery,1655220,2025-01-30
24033000089,Drone Battery 24033000089,Drone Battery,IT1 SP Damoda Drone Battery,1655220,2025-01-30
240425000070,Drone Battery 240425000070,Drone Battery,IT1 SP Damoda Drone Battery,1655220,2025-01-30
24032500372,Drone Battery 24032500372,Drone Battery,IT1 SP Damoda Drone Battery,1655220,2025-01-30
24032800019,Drone Battery 24032800019,Drone Battery,IT1 SP Damoda Drone Battery,1655220,2025-01-30
24032600281,Drone Battery 24032600281,Drone Battery,IT1 SP Damoda Drone Battery,1655220,2025-01-30
24032700160,Drone Battery 24032700160,Drone Battery,IT1 SP Damoda Drone Battery,1655220,2025-01-30
24031100393,Drone Battery 24031100393,Drone Battery,IT1 SP Damoda Drone Battery,1655220,2025-01-30
24032900201,Drone Battery 24032900201,Drone Battery,IT1 SP Damoda Drone Battery,1655220,2025-01-30
24032600319,Drone Battery 24032600319,Drone Battery,IT1 SP Damoda Drone Battery,1655220,2025-01-30
24032600147,Drone Battery 24032600147,Drone Battery,IT1 SP Damoda Drone Battery,1655220,2025-01-30
24032600415,Drone Battery 24032600415,Drone Battery,IT1 SP Damoda Drone Battery,1655220,2025-01-30
24032500054,Drone Battery 24032500054,Drone Battery,IT1 SP Damoda Drone Battery,1655220,2025-01-30
24031100235,Drone Battery 24031100235,Drone Battery,IT1 SP Damoda Drone Battery,1655220,2025-01-30
24032700119,Drone Battery 24032700119,Drone Battery,IT1 SP Damoda Drone Battery,1655220,2025-01-30
240403000475,Drone Battery 240403000475,Drone Battery,IT1 SP Damoda Drone Battery,1655220,2025-01-30
24032700256,Drone Battery 24032700256,Drone Battery,IT1 SP Damoda Drone Battery,1655220,2025-01-30
240406000279,Drone Battery 240406000279,Drone Battery,IT1 SP Damoda Drone Battery,1655220,2025-01-30
240425000077,Drone Battery 240425000077,Drone Battery,IT1 SP Damoda Drone Battery,1655220,2025-01-30
24033000063,Drone Battery 24033000063,Drone Battery,IT1 SP Damoda Drone Battery,1655220,2025-01-30
24032600085,Drone Battery 24032600085,Drone Battery,IT1 SP Damoda Drone Battery,1655220,2025-01-30
24031100567,Drone Battery 24031100567,Drone Battery,IT1 SP Damoda Drone Battery,1655220,2025-01-30
24032500271,Drone Battery 24032500271,Drone Battery,IT1 SP Damoda Drone Battery,1655220,2025-01-30
24031101288,Drone Battery 24031101288,Drone Battery,IT1 SP Damoda Drone Battery,1655220,2025-01-30
24032600050,Drone Battery 24032600050,Drone Battery,IT1 SP Damoda Drone Battery,1655220,2025-01-30
240425000095,Drone Battery 240425000095,Drone Battery,IT1 SP Damoda Drone Battery,1655220,2025-01-30
240415000334,Drone Battery 240415000334,Drone Battery,IT1 SP Damoda Drone Battery,1655220,2025-01-30
24032300107,Drone Battery 24032300107,Drone Battery,IT1 SP Damoda Drone Battery,1655220,2025-01-30
24032600051,Drone Battery 24032600051,Drone Battery,IT1 SP Damoda Drone Battery,1655220,2025-01-30
24032700104,Drone Battery 24032700104,Drone Battery,IT1 SP Damoda Drone Battery,1655220,2025-01-30
24032600254,Drone Battery 24032600254,Drone Battery,IT1 SP Damoda Drone Battery,1655220,2025-01-30
24032700103,Drone Battery 24032700103,Drone Battery,IT1 SP Damoda Drone Battery,1655220,2025-01-30
24032500189,Drone Battery 24032500189,Drone Battery,IT1 SP Damoda Drone Battery,1655220,2025-01-30
240419000057,Drone Battery 240419000057,Drone Battery,IT1 SP Damoda Drone Battery,1655220,2025-01-30
24032800121,Drone Battery 24032800121,Drone Battery,IT1 SP Damoda Drone Battery,1655220,2025-01-30
24032800029,Drone Battery 24032800029,Drone Battery,IT1 SP Damoda Drone Battery,1655220,2025-01-30
240412000085,Drone Battery 240412000085,Drone Battery,IT1 SP Damoda Drone Battery,1655220,2025-01-30
24032600157,Drone Battery 24032600157,Drone Battery,IT1 SP Damoda Drone Battery,1655220,2025-01-30
240410000052,Drone Battery 240410000052,Drone Battery,IT1 SP Damoda Drone Battery,1655220,2025-01-30
24031100263,Drone Battery 24031100263,Drone Battery,IT1 SP Damoda Drone Battery,1655220,2025-01-30
24032500157,Drone Battery 24032500157,Drone Battery,IT1 SP Damoda Drone Battery,1655220,2025-01-30
240403000102,Drone Battery 240403000102,Drone Battery,IT1 SP Damoda Drone Battery,1655220,2025-01-30
24032600107,Drone Battery 24032600107,Drone Battery,IT1 SP Damoda Drone Battery,1655220,2025-01-30
24032800026,Drone Battery 24032800026,Drone Battery,IT1 SP Damoda Drone Battery,1655220,2025-01-30
24032600094,Drone Battery 24032600094,Drone Battery,IT1 SP Damoda Drone Battery,1655220,2025-01-30
24032800429,Drone Battery 24032800429,Drone Battery,IT1 SP Damoda Drone Battery,1655220,2025-01-30
24032600449,Drone Battery 24032600449,Drone Battery,IT1 SP Damoda Drone Battery,1655220,2025-01-30
240406000299,Drone Battery 240406000299,Drone Battery,IT1 SP Damoda Drone Battery,1655220,2025-01-30
24032800522,Drone Battery 24032800522,Drone Battery,IT1 SP Damoda Drone Battery,1655220,2025-01-30
240415000018,Drone Battery 240415000018,Drone Battery,IT1 SP Damoda Drone Battery,1655220,2025-01-30
240403000270,Drone Battery 240403000270,Drone Battery,IT1 SP Damoda Drone Battery,1655220,2025-01-30
240415000242,Drone Battery 240415000242,Drone Battery,IT1 SP Damoda Drone Battery,1655220,2025-01-30
24032600223,Drone Battery 24032600223,Drone Battery,IT1 SP Damoda Drone Battery,1655220,2025-01-30
24032600196,Drone Battery 24032600196,Drone Battery,IT1 SP Damoda Drone Battery,1655220,2025-01-30
24032000282,Drone Battery 24032000282,Drone Battery,IT1 SP Damoda Drone Battery,1655220,2025-01-30
24032800146,Drone Battery 24032800146,Drone Battery,IT1 SP Damoda Drone Battery,1655220,2025-01-30
24032900110,Drone Battery 24032900110,Drone Battery,IT1 SP Damoda Drone Battery,1655220,2025-01-30
24032000051,Drone Battery 24032000051,Drone Battery,IT1 SP Damoda Drone Battery,1655220,2025-01-30
24032500206,Drone Battery 24032500206,Drone Battery,IT1 SP Damoda Drone Battery,1655220,2025-01-30
24032800231,Drone Battery 24032800231,Drone Battery,IT1 SP Damoda Drone Battery,1655220,2025-01-30
24033000162,Drone Battery 24033000162,Drone Battery,IT1 SP Damoda Drone Battery,1655220,2025-01-30
24032500256,Drone Battery 24032500256,Drone Battery,IT1 SP Damoda Drone Battery,1655220,2025-01-30
24032600026,Drone Battery 24032600026,Drone Battery,IT1 SP Damoda Drone Battery,1655220,2025-01-30
240427000005,Drone Battery 240427000005,Drone Battery,IT1 SP Damoda Drone Battery,1655220,2025-01-30
24032200085,Drone Battery 24032200085,Drone Battery,IT1 SP Damoda Drone Battery,1655220,2025-01-30
24032000168,Drone Battery 24032000168,Drone Battery,IT1 SP Damoda Drone Battery,1655220,2025-01-30
24032000258,Drone Battery 24032000258,Drone Battery,IT1 SP Damoda Drone Battery,1655220,2025-01-30
24032800226,Drone Battery 24032800226,Drone Battery,IT1 SP Damoda Drone Battery,1655220,2025-01-30
24031100959,Drone Battery 24031100959,Drone Battery,IT1 SP Damoda Drone Battery,1655220,2025-01-30
24032600181,Drone Battery 24032600181,Drone Battery,IT1 SP Damoda Drone Battery,1655220,2025-01-30
24032600192,Drone Battery 24032600192,Drone Battery,IT1 SP Damoda Drone Battery,1655220,2025-01-30
240425000180,Drone Battery 240425000180,Drone Battery,IT1 SP Damoda Drone Battery,1655220,2025-01-30
24032500006,Drone Battery 24032500006,Drone Battery,IT1 SP Damoda Drone Battery,1655220,2025-01-30
24031100933,Drone Battery 24031100933,Drone Battery,IT1 SP Damoda Drone Battery,1655220,2025-01-30
240425000108,Drone Battery 240425000108,Drone Battery,IT1 SP Damoda Drone Battery,1655220,2025-01-30
24032500119,Drone Battery 24032500119,Drone Battery,IT1 SP Damoda Drone Battery,1655220,2025-01-30
24031100587,Drone Battery 24031100587,Drone Battery,IT1 SP Damoda Drone Battery,1655220,2025-01-30
24032700266,Drone Battery 24032700266,Drone Battery,IT1 SP Damoda Drone Battery,1655220,2025-01-30
240407000567,Drone Battery 240407000567,Drone Battery,IT1 SP Damoda Drone Battery,1655220,2025-01-30
24031101244,Drone Battery 24031101244,Drone Battery,IT1 SP Damoda Drone Battery,1655220,2025-01-30
24032600284,Drone Battery 24032600284,Drone Battery,IT1 SP Damoda Drone Battery,1655220,2025-01-30
24032600390,Drone Battery 24032600390,Drone Battery,IT1 SP Damoda Drone Battery,1655220,2025-01-30
24032600111,Drone Battery 24032600111,Drone Battery,IT1 SP Damoda Drone Battery,1655220,2025-01-30
24031100797,Drone Battery 24031100797,Drone Battery,IT1 SP Damoda Drone Battery,1655220,2025-01-30
24032600188,Drone Battery 24032600188,Drone Battery,IT1 SP Damoda Drone Battery,1655220,2025-01-30
240409000548,Drone Battery 240409000548,Drone Battery,IT1 SP Damoda Drone Battery,1655220,2025-01-30
24032500385,Drone Battery 24032500385,Drone Battery,IT1 SP Damoda Drone Battery,1655220,2025-01-30
24031100275,Drone Battery 24031100275,Drone Battery,IT1 SP Damoda Drone Battery,1655220,2025-01-30
24032500021,Drone Battery 24032500021,Drone Battery,IT1 SP Damoda Drone Battery,1655220,2025-01-30
24031100271,Drone Battery 24031100271,Drone Battery,IT1 SP Damoda Drone Battery,1655220,2025-01-30
24032700074,Drone Battery 24032700074,Drone Battery,IT1 SP Damoda Drone Battery,1655220,2025-01-30
24032800311,Drone Battery 24032800311,Drone Battery,IT1 SP Damoda Drone Battery,1655220,2025-01-30
24032700053,Drone Battery 24032700053,Drone Battery,IT1 SP Damoda Drone Battery,1655220,2025-01-30
24032600224,Drone Battery 24032600224,Drone Battery,IT1 SP Damoda Drone Battery,1655220,2025-01-30
24032500378,Drone Battery 24032500378,Drone Battery,IT1 SP Damoda Drone Battery,1655220,2025-01-30
240407000605,Drone Battery 240407000605,Drone Battery,IT1 SP Damoda Drone Battery,1655220,2025-01-30
24032600261,Drone Battery 24032600261,Drone Battery,IT1 SP Damoda Drone Battery,1655220,2025-01-30
24032600407,Drone Battery 24032600407,Drone Battery,IT1 SP Damoda Drone Battery,1655220,2025-01-30
24032700198,Drone Battery 24032700198,Drone Battery,IT1 SP Damoda Drone Battery,1655220,2025-01-30
24032500265,Drone Battery 24032500265,Drone Battery,IT1 SP Damoda Drone Battery,1655220,2025-01-30
24032800331,Drone Battery 24032800331,Drone Battery,IT1 SP Damoda Drone Battery,1655220,2025-01-30
24032000251,Drone Battery 24032000251,Drone Battery,IT1 SP Damoda Drone Battery,1655220,2025-01-30
240427000008,Drone Battery 240427000008,Drone Battery,IT1 SP Damoda Drone Battery,1655220,2025-01-30
24032500301,Drone Battery 24032500301,Drone Battery,IT1 SP Damoda Drone Battery,1655220,2025-01-30
24032700050,Drone Battery 24032700050,Drone Battery,IT1 SP Damoda Drone Battery,1655220,2025-01-30
24032000100,Drone Battery 24032000100,Drone Battery,IT1 SP Damoda Drone Battery,1655220,2025-01-30
24032600075,Drone Battery 24032600075,Drone Battery,IT1 SP Damoda Drone Battery,1655220,2025-01-30
24032500124,Drone Battery 24032500124,Drone Battery,IT1 SP Damoda Drone Battery,1655220,2025-01-30
24032600428,Drone Battery 24032600428,Drone Battery,IT1 SP Damoda Drone Battery,1655220,2025-01-30
240409000536,Drone Battery 240409000536,Drone Battery,IT1 SP Damoda Drone Battery,1655220,2025-01-30
24032300296,Drone Battery 24032300296,Drone Battery,IT1 SP Damoda Drone Battery,1655220,2025-01-30
24032500302,Drone Battery 24032500302,Drone Battery,IT1 SP Damoda Drone Battery,1655220,2025-01-30
24031100915,Drone Battery 24031100915,Drone Battery,IT1 SP Damoda Drone Battery,1655220,2025-01-30
24032500343,Drone Battery 24032500343,Drone Battery,IT1 SP Damoda Drone Battery,1655220,2025-01-30
24032000216,Drone Battery 24032000216,Drone Battery,IT1 SP Damoda Drone Battery,1655220,2025-01-30
24032000059,Drone Battery 24032000059,Drone Battery,IT1 SP Damoda Drone Battery,1655220,2025-01-30
24032000047,Drone Battery 24032000047,Drone Battery,IT1 SP Damoda Drone Battery,1655220,2025-01-30
240410000335,Drone Battery 240410000335,Drone Battery,IT1 SP Damoda Drone Battery,1655220,2025-01-30
240419000070,Drone Battery 240419000070,Drone Battery,IT1 SP Damoda Drone Battery,1655220,2025-01-30
24032500182,Drone Battery 24032500182,Drone Battery,IT1 SP Damoda Drone Battery,1655220,2025-01-30
24032500377,Drone Battery 24032500377,Drone Battery,IT1 SP Damoda Drone Battery,1655220,2025-01-30
24031100961,Drone Battery 24031100961,Drone Battery,IT1 SP Damoda Drone Battery,1655220,2025-01-30
24032000196,Drone Battery 24032000196,Drone Battery,IT1 SP Damoda Drone Battery,1655220,2025-01-30
24031100559,Drone Battery 24031100559,Drone Battery,IT1 SP Damoda Drone Battery,1655220,2025-01-30
24032600023,Drone Battery 24032600023,Drone Battery,IT1 SP Damoda Drone Battery,1655220,2025-01-30
24032000090,Drone Battery 24032000090,Drone Battery,IT1 SP Damoda Drone Battery,1655220,2025-01-30
24031900005,Drone Battery 24031900005,Drone Battery,IT1 SP Damoda Drone Battery,1655220,2025-01-30
24032600146,Drone Battery 24032600146,Drone Battery,IT1 SP Damoda Drone Battery,1655220,2025-01-30
24032200056,Drone Battery 24032200056,Drone Battery,IT1 SP Damoda Drone Battery,1655220,2025-01-30
24032000050,Drone Battery 24032000050,Drone Battery,IT1 SP Damoda Drone Battery,1655220,2025-01-30
24032000055,Drone Battery 24032000055,Drone Battery,IT1 SP Damoda Drone Battery,1655220,2025-01-30
24032000182,Drone Battery 24032000182,Drone Battery,IT1 SP Damoda Drone Battery,1655220,2025-01-30
240425000231,Drone Battery 240425000231,Drone Battery,IT1 SP Damoda Drone Battery,1655220,2025-01-30
24032600372,Drone Battery 24032600372,Drone Battery,IT1 SP Damoda Drone Battery,1655220,2025-01-30
240415000105,Drone Battery 240415000105,Drone Battery,IT1 SP Damoda Drone Battery,1655220,2025-01-30
24032500118,Drone Battery 24032500118,Drone Battery,IT1 SP Damoda Drone Battery,1655220,2025-01-30
24031100565,Drone Battery 24031100565,Drone Battery,IT1 SP Damoda Drone Battery,1655220,2025-01-30
24032500176,Drone Battery 24032500176,Drone Battery,IT1 SP Damoda Drone Battery,1655220,2025-01-30
240403000089,Drone Battery 240403000089,Drone Battery,IT1 SP Damoda Drone Battery,1655220,2025-01-30
24032500170,Drone Battery 24032500170,Drone Battery,IT1 SP Damoda Drone Battery,1655220,2025-01-30
24032000194,Drone Battery 24032000194,Drone Battery,IT1 SP Damoda Drone Battery,1655220,2025-01-30
24032500174,Drone Battery 24032500174,Drone Battery,IT1 SP Damoda Drone Battery,1655220,2025-01-30
24031100631,Drone Battery 24031100631,Drone Battery,IT1 SP Damoda Drone Battery,1655220,2025-01-30
24032600300,Drone Battery 24032600300,Drone Battery,IT1 SP Damoda Drone Battery,1655220,2025-01-30
24032000259,Drone Battery 24032000259,Drone Battery,IT1 SP Damoda Drone Battery,1655220,2025-01-30
24031101271,Drone Battery 24031101271,Drone Battery,IT1 SP Damoda Drone Battery,1655220,2025-01-30
24032500247,Drone Battery 24032500247,Drone Battery,IT1 SP Damoda Drone Battery,1655220,2025-01-30
24032600400,Drone Battery 24032600400,Drone Battery,IT1 SP Damoda Drone Battery,1655220,2025-01-30
240407000077,Drone Battery 240407000077,Drone Battery,IT1 SP Damoda Drone Battery,1655220,2025-01-30
24032600156,Drone Battery 24032600156,Drone Battery,IT1 SP Damoda Drone Battery,1655220,2025-01-30
24031101275,Drone Battery 24031101275,Drone Battery,IT1 SP Damoda Drone Battery,1655220,2025-01-30
24032500123,Drone Battery 24032500123,Drone Battery,IT1 SP Damoda Drone Battery,1655220,2025-01-30
24032500196,Drone Battery 24032500196,Drone Battery,IT1 SP Damoda Drone Battery,1655220,2025-01-30
24032500201,Drone Battery 24032500201,Drone Battery,IT1 SP Damoda Drone Battery,1655220,2025-01-30
24032600082,Drone Battery 24032600082,Drone Battery,IT1 SP Damoda Drone Battery,1655220,2025-01-30
24032700150,Drone Battery 24032700150,Drone Battery,IT1 SP Damoda Drone Battery,1655220,2025-01-30
24031100253,Drone Battery 24031100253,Drone Battery,IT1 SP Damoda Drone Battery,1655220,2025-01-30
24032600438,Drone Battery 24032600438,Drone Battery,IT1 SP Damoda Drone Battery,1655220,2025-01-30
24032700022,Drone Battery 24032700022,Drone Battery,IT1 SP Damoda Drone Battery,1655220,2025-01-30
24032800381,Drone Battery 24032800381,Drone Battery,IT1 SP Damoda Drone Battery,1655220,2025-01-30
240406000025,Drone Battery 240406000025,Drone Battery,IT1 SP Damoda Drone Battery,1655220,2025-01-30
24032700258,Drone Battery 24032700258,Drone Battery,IT1 SP Damoda Drone Battery,1655220,2025-01-30
24031100743,Drone Battery 24031100743,Drone Battery,IT1 SP Damoda Drone Battery,1655220,2025-01-30
24032500392,Drone Battery 24032500392,Drone Battery,IT1 SP Damoda Drone Battery,1655220,2025-01-30
24032500179,Drone Battery 24032500179,Drone Battery,IT1 SP Damoda Drone Battery,1655220,2025-01-30
240425000093,Drone Battery 240425000093,Drone Battery,IT1 SP Damoda Drone Battery,1655220,2025-01-30
24031100949,Drone Battery 24031100949,Drone Battery,IT1 SP Damoda Drone Battery,1655220,2025-01-30
240425000114,Drone Battery 240425000114,Drone Battery,IT1 SP Damoda Drone Battery,1655220,2025-01-30
24031100745,Drone Battery 24031100745,Drone Battery,IT1 SP Damoda Drone Battery,1655220,2025-01-30
240425000065,Drone Battery 240425000065,Drone Battery,IT1 SP Damoda Drone Battery,1655220,2025-01-30
24031100267,Drone Battery 24031100267,Drone Battery,IT1 SP Damoda Drone Battery,1655220,2025-01-30
24031100297,Drone Battery 24031100297,Drone Battery,IT1 SP Damoda Drone Battery,1655220,2025-01-30
240407000662,Drone Battery 240407000662,Drone Battery,IT1 SP Damoda Drone Battery,1655220,2025-01-30
240425000036,Drone Battery 240425000036,Drone Battery,IT1 SP Damoda Drone Battery,1655220,2025-01-30
240419000068,Drone Battery 240419000068,Drone Battery,IT1 SP Damoda Drone Battery,1655220,2025-01-30
24032900147,Drone Battery 24032900147,Drone Battery,IT1 SP Damoda Drone Battery,1655220,2025-01-30
240415000233,Drone Battery 240415000233,Drone Battery,IT1 SP Damoda Drone Battery,1655220,2025-01-30
24032700020,Drone Battery 24032700020,Drone Battery,IT1 SP Damoda Drone Battery,1655220,2025-01-30
24041700030,Drone Battery 24041700030,Drone Battery,IT1 SP Damoda Drone Battery,1655220,2025-01-30
240415000052,Drone Battery 240415000052,Drone Battery,IT1 SP Damoda Drone Battery,1655220,2025-01-30
240419000094,Drone Battery 240419000094,Drone Battery,IT1 SP Damoda Drone Battery,1655220,2025-01-30
24032600092,Drone Battery 24032600092,Drone Battery,IT1 SP Damoda Drone Battery,1655220,2025-01-30
240403000237,Drone Battery 240403000237,Drone Battery,IT1 SP Damoda Drone Battery,1655220,2025-01-30
240403000510,Drone Battery 240403000510,Drone Battery,IT1 SP Damoda Drone Battery,1655220,2025-01-30
240412000094,Drone Battery 240412000094,Drone Battery,IT1 SP Damoda Drone Battery,1655220,2025-01-30
240415000022,Drone Battery 240415000022,Drone Battery,IT1 SP Damoda Drone Battery,1655220,2025-01-30
240403000356,Drone Battery 240403000356,Drone Battery,IT1 SP Damoda Drone Battery,1655220,2025-01-30
24032700003,Drone Battery 24032700003,Drone Battery,IT1 SP Damoda Drone Battery,1655220,2025-01-30
24032500166,Drone Battery 24032500166,Drone Battery,IT1 SP Damoda Drone Battery,1655220,2025-01-30
24031100497,Drone Battery 24031100497,Drone Battery,IT1 SP Damoda Drone Battery,1655220,2025-01-30
240409000106,Drone Battery 240409000106,Drone Battery,IT1 SP Damoda Drone Battery,1655220,2025-01-30
24032500254,Drone Battery 24032500254,Drone Battery,IT1 SP Damoda Drone Battery,1655220,2025-01-30
24032900109,Drone Battery 24032900109,Drone Battery,IT1 SP Damoda Drone Battery,1655220,2025-01-30
240415000076,Drone Battery 240415000076,Drone Battery,IT1 SP Damoda Drone Battery,1655220,2025-01-30
240419000021,Drone Battery 240419000021,Drone Battery,IT1 SP Damoda Drone Battery,1655220,2025-01-30
240415000076,Drone Battery 240415000076,Drone Battery,IT1 SP Damoda Drone Battery,1655220,2025-01-30
240409000272,Drone Battery 240409000272,Drone Battery,IT1 SP Damoda Drone Battery,1655220,2025-01-30
24032500104,Drone Battery 24032500104,Drone Battery,IT1 SP Damoda Drone Battery,1655220,2025-01-30
240419000047,Drone Battery 240419000047,Drone Battery,IT1 SP Damoda Drone Battery,1655220,2025-01-30
240410000093,Drone Battery 240410000093,Drone Battery,IT1 SP Damoda Drone Battery,1655220,2025-01-30
240403000512,Drone Battery 240403000512,Drone Battery,IT1 SP Damoda Drone Battery,1655220,2025-01-30
240425000213,Drone Battery 240425000213,Drone Battery,IT1 SP Damoda Drone Battery,1655220,2025-01-30
240403000030,Drone Battery 240403000030,Drone Battery,IT1 SP Damoda Drone Battery,1655220,2025-01-30
240425000210,Drone Battery 240425000210,Drone Battery,IT1 SP Damoda Drone Battery,1655220,2025-01-30
240425000096,Drone Battery 240425000096,Drone Battery,IT1 SP Damoda Drone Battery,1655220,2025-01-30
240403000519,Drone Battery 240403000519,Drone Battery,IT1 SP Damoda Drone Battery,1655220,2025-01-30
240425000008,Drone Battery 240425000008,Drone Battery,IT1 SP Damoda Drone Battery,1655220,2025-01-30
240406000026,Drone Battery 240406000026,Drone Battery,IT1 SP Damoda Drone Battery,1655220,2025-01-30
240409000341,Drone Battery 240409000341,Drone Battery,IT1 SP Damoda Drone Battery,1655220,2025-01-30
240425000223,Drone Battery 240425000223,Drone Battery,IT1 SP Damoda Drone Battery,1655220,2025-01-30
240415000329,Drone Battery 240415000329,Drone Battery,IT1 SP Damoda Drone Battery,1655220,2025-01-30
240412000050,Drone Battery 240412000050,Drone Battery,IT1 SP Damoda Drone Battery,1655220,2025-01-30
240409000133,Drone Battery 240409000133,Drone Battery,IT1 SP Damoda Drone Battery,1655220,2025-01-30
24032800219,Drone Battery 24032800219,Drone Battery,IT1 SP Damoda Drone Battery,1655220,2025-01-30
24032600197,Drone Battery 24032600197,Drone Battery,IT1 SP Damoda Drone Battery,1655220,2025-01-30
240419000009,Drone Battery 240419000009,Drone Battery,IT1 SP Damoda Drone Battery,1655220,2025-01-30
240425000186,Drone Battery 240425000186,Drone Battery,IT1 SP Damoda Drone Battery,1655220,2025-01-30
240419000132,Drone Battery 240419000132,Drone Battery,IT1 SP Damoda Drone Battery,1655220,2025-01-30
24032800237,Drone Battery 24032800237,Drone Battery,IT1 SP Damoda Drone Battery,1655220,2025-01-30
24032800387,Drone Battery 24032800387,Drone Battery,IT1 SP Damoda Drone Battery,1655220,2025-01-30
24032700012,Drone Battery 24032700012,Drone Battery,IT1 SP Damoda Drone Battery,1655220,2025-01-30
240425000039,Drone Battery 240425000039,Drone Battery,IT1 SP Damoda Drone Battery,1655220,2025-01-30
24032600047,Drone Battery 24032600047,Drone Battery,IT1 SP Damoda Drone Battery,1655220,2025-01-30
24032500146,Drone Battery 24032500146,Drone Battery,IT1 SP Damoda Drone Battery,1655220,2025-01-30
240415000023,Drone Battery 240415000023,Drone Battery,IT1 SP Damoda Drone Battery,1655220,2025-01-30
240407000638,Drone Battery 240407000638,Drone Battery,IT1 SP Damoda Drone Battery,1655220,2025-01-30
24032600303,Drone Battery 24032600303,Drone Battery,IT1 SP Damoda Drone Battery,1655220,2025-01-30
240419000018,Drone Battery 240419000018,Drone Battery,IT1 SP Damoda Drone Battery,1655220,2025-01-30
24032800247,Drone Battery 24032800247,Drone Battery,IT1 SP Damoda Drone Battery,1655220,2025-01-30
240415000267,Drone Battery 240415000267,Drone Battery,IT1 SP Damoda Drone Battery,1655220,2025-01-30
24032800372,Drone Battery 24032800372,Drone Battery,IT1 SP Damoda Drone Battery,1655220,2025-01-30
240403000284,Drone Battery 240403000284,Drone Battery,IT1 SP Damoda Drone Battery,1655220,2025-01-30
24032900128,Drone Battery 24032900128,Drone Battery,IT1 SP Damoda Drone Battery,1655220,2025-01-30
24032700247,Drone Battery 24032700247,Drone Battery,IT1 SP Damoda Drone Battery,1655220,2025-01-30
24031900013,Drone Battery 24031900013,Drone Battery,IT1 SP Damoda Drone Battery,1655220,2025-01-30
24032000281,Drone Battery 24032000281,Drone Battery,IT1 SP Damoda Drone Battery,1655220,2025-01-30
240419000124,Drone Battery 240419000124,Drone Battery,IT1 SP Damoda Drone Battery,1655220,2025-01-30
24032800358,Drone Battery 24032800358,Drone Battery,IT1 SP Damoda Drone Battery,1655220,2025-01-30
24032500413,Drone Battery 24032500413,Drone Battery,IT1 SP Damoda Drone Battery,1655220,2025-01-30
24032800513,Drone Battery 24032800513,Drone Battery,IT1 SP Damoda Drone Battery,1655220,2025-01-30
24032600208,Drone Battery 24032600208,Drone Battery,IT1 SP Damoda Drone Battery,1655220,2025-01-30
240415000043,Drone Battery 240415000043,Drone Battery,IT1 SP Damoda Drone Battery,1655220,2025-01-30
240415000028,Drone Battery 240415000028,Drone Battery,IT1 SP Damoda Drone Battery,1655220,2025-01-30
24032700008,Drone Battery 24032700008,Drone Battery,IT1 SP Damoda Drone Battery,1655220,2025-01-30
240415000035,Drone Battery 240415000035,Drone Battery,IT1 SP Damoda Drone Battery,1655220,2025-01-30
240419000017,Drone Battery 240419000017,Drone Battery,IT1 SP Damoda Drone Battery,1655220,2025-01-30
240406000140,Drone Battery 240406000140,Drone Battery,IT1 SP Damoda Drone Battery,1655220,2025-01-30
24032700073,Drone Battery 24032700073,Drone Battery,IT1 SP Damoda Drone Battery,1655220,2025-01-30
24032300131,Drone Battery 24032300131,Drone Battery,IT1 SP Damoda Drone Battery,1655220,2025-01-30
24032000029,Drone Battery 24032000029,Drone Battery,IT1 SP Damoda Drone Battery,1655220,2025-01-30
24032700017,Drone Battery 24032700017,Drone Battery,IT1 SP Damoda Drone Battery,1655220,2025-01-30
24033000208,Drone Battery 24033000208,Drone Battery,IT1 SP Damoda Drone Battery,1655220,2025-01-30
24032300135,Drone Battery 24032300135,Drone Battery,IT1 SP Damoda Drone Battery,1655220,2025-01-30
24032800245,Drone Battery 24032800245,Drone Battery,IT1 SP Damoda Drone Battery,1655220,2025-01-30
24041700046,Drone Battery 24041700046,Drone Battery,IT1 SP Damoda Drone Battery,1655220,2025-01-30
240409000028,Drone Battery 240409000028,Drone Battery,IT1 SP Damoda Drone Battery,1655220,2025-01-30
24031400479,Drone Battery 24031400479,Drone Battery,IT1 SP Damoda Drone Battery,1655220,2025-01-30
240425000175,Drone Battery 240425000175,Drone Battery,IT1 SP Damoda Drone Battery,1655220,2025-01-30
24032900168,Drone Battery 24032900168,Drone Battery,IT1 SP Damoda Drone Battery,1655220,2025-01-30
24032700088,Drone Battery 24032700088,Drone Battery,IT1 SP Damoda Drone Battery,1655220,2025-01-30
24032600345,Drone Battery 24032600345,Drone Battery,IT1 SP Damoda Drone Battery,1655220,2025-01-30
24032600290,Drone Battery 24032600290,Drone Battery,IT1 SP Damoda Drone Battery,1655220,2025-01-30
24041700040,Drone Battery 24041700040,Drone Battery,IT1 SP Damoda Drone Battery,1655220,2025-01-30
240419000128,Drone Battery 240419000128,Drone Battery,IT1 SP Damoda Drone Battery,1655220,2025-01-30
24032500219,Drone Battery 24032500219,Drone Battery,IT1 SP Damoda Drone Battery,1655220,2025-01-30
24041700031,Drone Battery 24041700031,Drone Battery,IT1 SP Damoda Drone Battery,1655220,2025-01-30
24032700269,Drone Battery 24032700269,Drone Battery,IT1 SP Damoda Drone Battery,1655220,2025-01-30
24032700060,Drone Battery 24032700060,Drone Battery,IT1 SP Damoda Drone Battery,1655220,2025-01-30
24041700021,Drone Battery 24041700021,Drone Battery,IT1 SP Damoda Drone Battery,1655220,2025-01-30
240425000110,Drone Battery 240425000110,Drone Battery,IT1 SP Damoda Drone Battery,1655220,2025-01-30
24032500357,Drone Battery 24032500357,Drone Battery,IT1 SP Damoda Drone Battery,1655220,2025-01-30
240415000132,Drone Battery 240415000132,Drone Battery,IT1 SP Damoda Drone Battery,1655220,2025-01-30
24041700023,Drone Battery 24041700023,Drone Battery,IT1 SP Damoda Drone Battery,1655220,2025-01-30
24041700029,Drone Battery 24041700029,Drone Battery,IT1 SP Damoda Drone Battery,1655220,2025-01-30
24032800085,Drone Battery 24032800085,Drone Battery,IT1 SP Damoda Drone Battery,1655220,2025-01-30
240415000165,Drone Battery 240415000165,Drone Battery,IT1 SP Damoda Drone Battery,1655220,2025-01-30
24041700036,Drone Battery 24041700036,Drone Battery,IT1 SP Damoda Drone Battery,1655220,2025-01-30
24032900144,Drone Battery 24032900144,Drone Battery,IT1 SP Damoda Drone Battery,1655220,2025-01-30
24032600074,Drone Battery 24032600074,Drone Battery,IT1 SP Damoda Drone Battery,1655220,2025-01-30
24032700093,Drone Battery 24032700093,Drone Battery,IT1 SP Damoda Drone Battery,1655220,2025-01-30
24041700039,Drone Battery 24041700039,Drone Battery,IT1 SP Damoda Drone Battery,1655220,2025-01-30
24041700042,Drone Battery 24041700042,Drone Battery,IT1 SP Damoda Drone Battery,1655220,2025-01-30
240415000038,Drone Battery 240415000038,Drone Battery,IT1 SP Damoda Drone Battery,1655220,2025-01-30
240425000080,Drone Battery 240425000080,Drone Battery,IT1 SP Damoda Drone Battery,1655220,2025-01-30
24032600364,Drone Battery 24032600364,Drone Battery,IT1 SP Damoda Drone Battery,1655220,2025-01-30
24031800156,Drone Battery 24031800156,Drone Battery,IT1 SP Damoda Drone Battery,1655220,2025-01-30
24041700050,Drone Battery 24041700050,Drone Battery,IT1 SP Damoda Drone Battery,1655220,2025-01-30
24041700024,Drone Battery 24041700024,Drone Battery,IT1 SP Damoda Drone Battery,1655220,2025-01-30
24041700025,Drone Battery 24041700025,Drone Battery,IT1 SP Damoda Drone Battery,1655220,2025-01-30
240409000698,Drone Battery 240409000698,Drone Battery,IT1 SP Damoda Drone Battery,1655220,2025-01-30
24032100190,Drone Battery 24032100190,Drone Battery,IT1 SP Damoda Drone Battery,1655220,2025-01-30
240425000171,Drone Battery 240425000171,Drone Battery,IT1 SP Damoda Drone Battery,1655220,2025-01-30
24041700028,Drone Battery 24041700028,Drone Battery,IT1 SP Damoda Drone Battery,1655220,2025-01-30
240409000056,Drone Battery 240409000056,Drone Battery,IT1 SP Damoda Drone Battery,1655220,2025-01-30
240419000092,Drone Battery 240419000092,Drone Battery,IT1 SP Damoda Drone Battery,1655220,2025-01-30
24032800434,Drone Battery 24032800434,Drone Battery,IT1 SP Damoda Drone Battery,1655220,2025-01-30
24032300143,Drone Battery 24032300143,Drone Battery,IT1 SP Damoda Drone Battery,1655220,2025-01-30
240415000185,Drone Battery 240415000185,Drone Battery,IT1 SP Damoda Drone Battery,1655220,2025-01-30
24032600330,Drone Battery 24032600330,Drone Battery,IT1 SP Damoda Drone Battery,1655220,2025-01-30
24032500009,Drone Battery 24032500009,Drone Battery,IT1 SP Damoda Drone Battery,1655220,2025-01-30
24032600158,Drone Battery 24032600158,Drone Battery,IT1 SP Damoda Drone Battery,1655220,2025-01-30
24031101025,Drone Battery 24031101025,Drone Battery,IT1 SP Damoda Drone Battery,1655220,2025-01-30
24032500226,Drone Battery 24032500226,Drone Battery,IT1 SP Damoda Drone Battery,1655220,2025-01-30
24032800102,Drone Battery 24032800102,Drone Battery,IT1 SP Damoda Drone Battery,1655220,2025-01-30
240406000024,Drone Battery 240406000024,Drone Battery,IT1 SP Damoda Drone Battery,1655220,2025-01-30
24032500279,Drone Battery 24032500279,Drone Battery,IT1 SP Damoda Drone Battery,1655220,2025-01-30
24031100711,Drone Battery 24031100711,Drone Battery,IT1 SP Damoda Drone Battery,1655220,2025-01-30
240407000615,Drone Battery 240407000615,Drone Battery,IT1 SP Damoda Drone Battery,1655220,2025-01-30
240406000650,Drone Battery 240406000650,Drone Battery,IT1 SP Damoda Drone Battery,1655220,2025-01-30
240403000259,Drone Battery 240403000259,Drone Battery,IT1 SP Damoda Drone Battery,1655220,2025-01-30
24032700237,Drone Battery 24032700237,Drone Battery,IT1 SP Damoda Drone Battery,1655220,2025-01-30
24032800052,Drone Battery 24032800052,Drone Battery,IT1 SP Damoda Drone Battery,1655220,2025-01-30
24032700177,Drone Battery 24032700177,Drone Battery,IT1 SP Damoda Drone Battery,1655220,2025-01-30
24031100207,Drone Battery 24031100207,Drone Battery,IT1 SP Damoda Drone Battery,1655220,2025-01-30
24032700038,Drone Battery 24032700038,Drone Battery,IT1 SP Damoda Drone Battery,1655220,2025-01-30
240412000026,Drone Battery 240412000026,Drone Battery,IT1 SP Damoda Drone Battery,1655220,2025-01-30
24032800046,Drone Battery 24032800046,Drone Battery,IT1 SP Damoda Drone Battery,1655220,2025-01-30
24031100599,Drone Battery 24031100599,Drone Battery,IT1 SP Damoda Drone Battery,1655220,2025-01-30
24032700067,Drone Battery 24032700067,Drone Battery,IT1 SP Damoda Drone Battery,1655220,2025-01-30
24031100387,Drone Battery 24031100387,Drone Battery,IT1 SP Damoda Drone Battery,1655220,2025-01-30
240419000053,Drone Battery 240419000053,Drone Battery,IT1 SP Damoda Drone Battery,1655220,2025-01-30
24032600013,Drone Battery 24032600013,Drone Battery,IT1 SP Damoda Drone Battery,1655220,2025-01-30
24032800198,Drone Battery 24032800198,Drone Battery,IT1 SP Damoda Drone Battery,1655220,2025-01-30
24032500046,Drone Battery 24032500046,Drone Battery,IT1 SP Damoda Drone Battery,1655220,2025-01-30
24031100415,Drone Battery 24031100415,Drone Battery,IT1 SP Damoda Drone Battery,1655220,2025-01-30
24032500415,Drone Battery 24032500415,Drone Battery,IT1 SP Damoda Drone Battery,1655220,2025-01-30
24031101059,Drone Battery 24031101059,Drone Battery,IT1 SP Damoda Drone Battery,1655220,2025-01-30
24032600213,Drone Battery 24032600213,Drone Battery,IT1 SP Damoda Drone Battery,1655220,2025-01-30
24032500262,Drone Battery 24032500262,Drone Battery,IT1 SP Damoda Drone Battery,1655220,2025-01-30
24031101017,Drone Battery 24031101017,Drone Battery,IT1 SP Damoda Drone Battery,1655220,2025-01-30
240410000405,Drone Battery 240410000405,Drone Battery,IT1 SP Damoda Drone Battery,1655220,2025-01-30
24032600153,Drone Battery 24032600153,Drone Battery,IT1 SP Damoda Drone Battery,1655220,2025-01-30
24032800521,Drone Battery 24032800521,Drone Battery,IT1 SP Damoda Drone Battery,1655220,2025-01-30
240403000088,Drone Battery 240403000088,Drone Battery,IT1 SP Damoda Drone Battery,1655220,2025-01-30
24032600205,Drone Battery 24032600205,Drone Battery,IT1 SP Damoda Drone Battery,1655220,2025-01-30
240406000322,Drone Battery 240406000322,Drone Battery,IT1 SP Damoda Drone Battery,1655220,2025-01-30
240415000277,Drone Battery 240415000277,Drone Battery,IT1 SP Damoda Drone Battery,1655220,2025-01-30
240406000275,Drone Battery 240406000275,Drone Battery,IT1 SP Damoda Drone Battery,1655220,2025-01-30
24031100279,Drone Battery 24031100279,Drone Battery,IT1 SP Damoda Drone Battery,1655220,2025-01-30
24031100423,Drone Battery 24031100423,Drone Battery,IT1 SP Damoda Drone Battery,1655220,2025-01-30
240403000170,Drone Battery 240403000170,Drone Battery,IT1 SP Damoda Drone Battery,1655220,2025-01-30
24032600362,Drone Battery 24032600362,Drone Battery,IT1 SP Damoda Drone Battery,1655220,2025-01-30
24031100637,Drone Battery 24031100637,Drone Battery,IT1 SP Damoda Drone Battery,1655220,2025-01-30
24032600164,Drone Battery 24032600164,Drone Battery,IT1 SP Damoda Drone Battery,1655220,2025-01-30
24031100007,Drone Battery 24031100007,Drone Battery,IT1 SP Damoda Drone Battery,1655220,2025-01-30
24031100561,Drone Battery 24031100561,Drone Battery,IT1 SP Damoda Drone Battery,1655220,2025-01-30
24031100239,Drone Battery 24031100239,Drone Battery,IT1 SP Damoda Drone Battery,1655220,2025-01-30
240425000073,Drone Battery 240425000073,Drone Battery,IT1 SP Damoda Drone Battery,1655220,2025-01-30
24031400074,Drone Battery 24031400074,Drone Battery,IT1 SP Damoda Drone Battery,1655220,2025-01-30
24032500324,Drone Battery 24032500324,Drone Battery,IT1 SP Damoda Drone Battery,1655220,2025-01-30
24032500380,Drone Battery 24032500380,Drone Battery,IT1 SP Damoda Drone Battery,1655220,2025-01-30
240419000066,Drone Battery 240419000066,Drone Battery,IT1 SP Damoda Drone Battery,1655220,2025-01-30
240415000140,Drone Battery 240415000140,Drone Battery,IT1 SP Damoda Drone Battery,1655220,2025-01-30
24031100389,Drone Battery 24031100389,Drone Battery,IT1 SP Damoda Drone Battery,1655220,2025-01-30
240415000293,Drone Battery 240415000293,Drone Battery,IT1 SP Damoda Drone Battery,1655220,2025-01-30
24031101222,Drone Battery 24031101222,Drone Battery,IT1 SP Damoda Drone Battery,1655220,2025-01-30
24031100229,Drone Battery 24031100229,Drone Battery,IT1 SP Damoda Drone Battery,1655220,2025-01-30
24032500250,Drone Battery 24032500250,Drone Battery,IT1 SP Damoda Drone Battery,1655220,2025-01-30
24032800224,Drone Battery 24032800224,Drone Battery,IT1 SP Damoda Drone Battery,1655220,2025-01-30
240425000060,Drone Battery 240425000060,Drone Battery,IT1 SP Damoda Drone Battery,1655220,2025-01-30
24031100593,Drone Battery 24031100593,Drone Battery,IT1 SP Damoda Drone Battery,1655220,2025-01-30
240415000285,Drone Battery 240415000285,Drone Battery,IT1 SP Damoda Drone Battery,1655220,2025-01-30
240415000327,Drone Battery 240415000327,Drone Battery,IT1 SP Damoda Drone Battery,1655220,2025-01-30
24032700085,Drone Battery 24032700085,Drone Battery,IT1 SP Damoda Drone Battery,1655220,2025-01-30
24032600311,Drone Battery 24032600311,Drone Battery,IT1 SP Damoda Drone Battery,1655220,2025-01-30
24032700126,Drone Battery 24032700126,Drone Battery,IT1 SP Damoda Drone Battery,1655220,2025-01-30
24032500263,Drone Battery 24032500263,Drone Battery,IT1 SP Damoda Drone Battery,1655220,2025-01-30
24032600142,Drone Battery 24032600142,Drone Battery,IT1 SP Damoda Drone Battery,1655220,2025-01-30
24031100241,Drone Battery 24031100241,Drone Battery,IT1 SP Damoda Drone Battery,1655220,2025-01-30
24032800177,Drone Battery 24032800177,Drone Battery,IT1 SP Damoda Drone Battery,1655220,2025-01-30
24031100287,Drone Battery 24031100287,Drone Battery,IT1 SP Damoda Drone Battery,1655220,2025-01-30
24031100541,Drone Battery 24031100541,Drone Battery,IT1 SP Damoda Drone Battery,1655220,2025-01-30
24031101227,Drone Battery 24031101227,Drone Battery,IT1 SP Damoda Drone Battery,1655220,2025-01-30
240415000111,Drone Battery 240415000111,Drone Battery,IT1 SP Damoda Drone Battery,1655220,2025-01-30
24032800235,Drone Battery 24032800235,Drone Battery,IT1 SP Damoda Drone Battery,1655220,2025-01-30
24032500327,Drone Battery 24032500327,Drone Battery,IT1 SP Damoda Drone Battery,1655220,2025-01-30
24032700048,Drone Battery 24032700048,Drone Battery,IT1 SP Damoda Drone Battery,1655220,2025-01-30
240406000127,Drone Battery 240406000127,Drone Battery,IT1 SP Damoda Drone Battery,1655220,2025-01-30
240406000677,Drone Battery 240406000677,Drone Battery,IT1 SP Damoda Drone Battery,1655220,2025-01-30
24032900038,Drone Battery 24032900038,Drone Battery,IT1 SP Damoda Drone Battery,1655220,2025-01-30
24032500417,Drone Battery 24032500417,Drone Battery,IT1 SP Damoda Drone Battery,1655220,2025-01-30
24032500376,Drone Battery 24032500376,Drone Battery,IT1 SP Damoda Drone Battery,1655220,2025-01-30
24032800229,Drone Battery 24032800229,Drone Battery,IT1 SP Damoda Drone Battery,1655220,2025-01-30
24032300184,Drone Battery 24032300184,Drone Battery,IT1 SP Damoda Drone Battery,1655220,2025-01-30
24032800317,Drone Battery 24032800317,Drone Battery,IT1 SP Damoda Drone Battery,1655220,2025-01-30
24032800253,Drone Battery 24032800253,Drone Battery,IT1 SP Damoda Drone Battery,1655220,2025-01-30
24032300305,Drone Battery 24032300305,Drone Battery,IT1 SP Damoda Drone Battery,1655220,2025-01-30
24032700089,Drone Battery 24032700089,Drone Battery,IT1 SP Damoda Drone Battery,1655220,2025-01-30
24032800303,Drone Battery 24032800303,Drone Battery,IT1 SP Damoda Drone Battery,1655220,2025-01-30
24032600209,Drone Battery 24032600209,Drone Battery,IT1 SP Damoda Drone Battery,1655220,2025-01-30
24032600446,Drone Battery 24032600446,Drone Battery,IT1 SP Damoda Drone Battery,1655220,2025-01-30
24032500136,Drone Battery 24032500136,Drone Battery,IT1 SP Damoda Drone Battery,1655220,2025-01-30
24032700134,Drone Battery 24032700134,Drone Battery,IT1 SP Damoda Drone Battery,1655220,2025-01-30
24032800386,Drone Battery 24032800386,Drone Battery,IT1 SP Damoda Drone Battery,1655220,2025-01-30
24032500026,Drone Battery 24032500026,Drone Battery,IT1 SP Damoda Drone Battery,1655220,2025-01-30
24032800228,Drone Battery 24032800228,Drone Battery,IT1 SP Damoda Drone Battery,1655220,2025-01-30
240403000029,Drone Battery 240403000029,Drone Battery,IT1 SP Damoda Drone Battery,1655220,2025-01-30
24032800234,Drone Battery 24032800234,Drone Battery,IT1 SP Damoda Drone Battery,1655220,2025-01-30
24032800312,Drone Battery 24032800312,Drone Battery,IT1 SP Damoda Drone Battery,1655220,2025-01-30
240410000208,Drone Battery 240410000208,Drone Battery,IT1 SP Damoda Drone Battery,1655220,2025-01-30
24032300299,Drone Battery 24032300299,Drone Battery,IT1 SP Damoda Drone Battery,1655220,2025-01-30
24032800392,Drone Battery 24032800392,Drone Battery,IT1 SP Damoda Drone Battery,1655220,2025-01-30
240403000067,Drone Battery 240403000067,Drone Battery,IT1 SP Damoda Drone Battery,1655220,2025-01-30
24032600053,Drone Battery 24032600053,Drone Battery,IT1 SP Damoda Drone Battery,1655220,2025-01-30
24032600445,Drone Battery 24032600445,Drone Battery,IT1 SP Damoda Drone Battery,1655220,2025-01-30
24032700065,Drone Battery 24032700065,Drone Battery,IT1 SP Damoda Drone Battery,1655220,2025-01-30
24032600451,Drone Battery 24032600451,Drone Battery,IT1 SP Damoda Drone Battery,1655220,2025-01-30
24032800178,Drone Battery 24032800178,Drone Battery,IT1 SP Damoda Drone Battery,1655220,2025-01-30
24032800355,Drone Battery 24032800355,Drone Battery,IT1 SP Damoda Drone Battery,1655220,2025-01-30
24032600366,Drone Battery 24032600366,Drone Battery,IT1 SP Damoda Drone Battery,1655220,2025-01-30
240403000320,Drone Battery 240403000320,Drone Battery,IT1 SP Damoda Drone Battery,1655220,2025-01-30
24032800023,Drone Battery 24032800023,Drone Battery,IT1 SP Damoda Drone Battery,1655220,2025-01-30
24032600477,Drone Battery 24032600477,Drone Battery,IT1 SP Damoda Drone Battery,1655220,2025-01-30
240403000051,Drone Battery 240403000051,Drone Battery,IT1 SP Damoda Drone Battery,1655220,2025-01-30
240425000161,Drone Battery 240425000161,Drone Battery,IT1 SP Damoda Drone Battery,1655220,2025-01-30
240407000621,Drone Battery 240407000621,Drone Battery,IT1 SP Damoda Drone Battery,1655220,2025-01-30
24032200021,Drone Battery 24032200021,Drone Battery,IT1 SP Damoda Drone Battery,1655220,2025-01-30
240415000237,Drone Battery 240415000237,Drone Battery,IT1 SP Damoda Drone Battery,1655220,2025-01-30
240425000153,Drone Battery 240425000153,Drone Battery,IT1 SP Damoda Drone Battery,1655220,2025-01-30
240425000009,Drone Battery 240425000009,Drone Battery,IT1 SP Damoda Drone Battery,1655220,2025-01-30
24032000284,Drone Battery 24032000284,Drone Battery,IT1 SP Damoda Drone Battery,1655220,2025-01-30
24032000173,Drone Battery 24032000173,Drone Battery,IT1 SP Damoda Drone Battery,1655220,2025-01-30
240410000051,Drone Battery 240410000051,Drone Battery,IT1 SP Damoda Drone Battery,1655220,2025-01-30
240415000204,Drone Battery 240415000204,Drone Battery,IT1 SP Damoda Drone Battery,1655220,2025-01-30
24031100945,Drone Battery 24031100945,Drone Battery,IT1 SP Damoda Drone Battery,1655220,2025-01-30
240425000165,Drone Battery 240425000165,Drone Battery,IT1 SP Damoda Drone Battery,1655220,2025-01-30
240425000040,Drone Battery 240425000040,Drone Battery,IT1 SP Damoda Drone Battery,1655220,2025-01-30
24032800438,Drone Battery 24032800438,Drone Battery,IT1 SP Damoda Drone Battery,1655220,2025-01-30
240425000234,Drone Battery 240425000234,Drone Battery,IT1 SP Damoda Drone Battery,1655220,2025-01-30
240410000422,Drone Battery 240410000422,Drone Battery,IT1 SP Damoda Drone Battery,1655220,2025-01-30
240412000342,Drone Battery 240412000342,Drone Battery,IT1 SP Damoda Drone Battery,1655220,2025-01-30
240407000328,Drone Battery 240407000328,Drone Battery,IT1 SP Damoda Drone Battery,1655220,2025-01-30
240425000215,Drone Battery 240425000215,Drone Battery,IT1 SP Damoda Drone Battery,1655220,2025-01-30
240406000336,Drone Battery 240406000336,Drone Battery,IT1 SP Damoda Drone Battery,1655220,2025-01-30
240425000203,Drone Battery 240425000203,Drone Battery,IT1 SP Damoda Drone Battery,1655220,2025-01-30
240410000330,Drone Battery 240410000330,Drone Battery,IT1 SP Damoda Drone Battery,1655220,2025-01-30
240425000066,Drone Battery 240425000066,Drone Battery,IT1 SP Damoda Drone Battery,1655220,2025-01-30
24032500133,Drone Battery 24032500133,Drone Battery,IT1 SP Damoda Drone Battery,1655220,2025-01-30
24032000260,Drone Battery 24032000260,Drone Battery,IT1 SP Damoda Drone Battery,1655220,2025-01-30
24032900161,Drone Battery 24032900161,Drone Battery,IT1 SP Damoda Drone Battery,1655220,2025-01-30
240409000634,Drone Battery 240409000634,Drone Battery,IT1 SP Damoda Drone Battery,1655220,2025-01-30
240410000060,Drone Battery 240410000060,Drone Battery,IT1 SP Damoda Drone Battery,1655220,2025-01-30
240415000213,Drone Battery 240415000213,Drone Battery,IT1 SP Damoda Drone Battery,1655220,2025-01-30
240425000024,Drone Battery 240425000024,Drone Battery,IT1 SP Damoda Drone Battery,1655220,2025-01-30
240410000045,Drone Battery 240410000045,Drone Battery,IT1 SP Damoda Drone Battery,1655220,2025-01-30
240415000245,Drone Battery 240415000245,Drone Battery,IT1 SP Damoda Drone Battery,1655220,2025-01-30
24031100539,Drone Battery 24031100539,Drone Battery,IT1 SP Damoda Drone Battery,1655220,2025-01-30
240412000327,Drone Battery 240412000327,Drone Battery,IT1 SP Damoda Drone Battery,1655220,2025-01-30
240412000196,Drone Battery 240412000196,Drone Battery,IT1 SP Damoda Drone Battery,1655220,2025-01-30
240425000201,Drone Battery 240425000201,Drone Battery,IT1 SP Damoda Drone Battery,1655220,2025-01-30
240425000151,Drone Battery 240425000151,Drone Battery,IT1 SP Damoda Drone Battery,1655220,2025-01-30
240425000155,Drone Battery 240425000155,Drone Battery,IT1 SP Damoda Drone Battery,1655220,2025-01-30
24032900005,Drone Battery 24032900005,Drone Battery,IT1 SP Damoda Drone Battery,1655220,2025-01-30
240425000013,Drone Battery 240425000013,Drone Battery,IT1 SP Damoda Drone Battery,1655220,2025-01-30
240407000245,Drone Battery 240407000245,Drone Battery,IT1 SP Damoda Drone Battery,1655220,2025-01-30
24031100575,Drone Battery 24031100575,Drone Battery,IT1 SP Damoda Drone Battery,1655220,2025-01-30
24031100585,Drone Battery 24031100585,Drone Battery,IT1 SP Damoda Drone Battery,1655220,2025-01-30
24032600396,Drone Battery 24032600396,Drone Battery,IT1 SP Damoda Drone Battery,1655220,2025-01-30
240407000519,Drone Battery 240407000519,Drone Battery,IT1 SP Damoda Drone Battery,1655220,2025-01-30
24033000011,Drone Battery 24033000011,Drone Battery,IT1 SP Damoda Drone Battery,1655220,2025-01-30
240419000006,Drone Battery 240419000006,Drone Battery,IT1 SP Damoda Drone Battery,1655220,2025-01-30
240407000525,Drone Battery 240407000525,Drone Battery,IT1 SP Damoda Drone Battery,1655220,2025-01-30
24032800326,Drone Battery 24032800326,Drone Battery,IT1 SP Damoda Drone Battery,1655220,2025-01-30
24032900157,Drone Battery 24032900157,Drone Battery,IT1 SP Damoda Drone Battery,1655220,2025-01-30
24032800510,Drone Battery 24032800510,Drone Battery,IT1 SP Damoda Drone Battery,1655220,2025-01-30
240403000472,Drone Battery 240403000472,Drone Battery,IT1 SP Damoda Drone Battery,1655220,2025-01-30
240425000173,Drone Battery 240425000173,Drone Battery,IT1 SP Damoda Drone Battery,1655220,2025-01-30
24032700145,Drone Battery 24032700145,Drone Battery,IT1 SP Damoda Drone Battery,1655220,2025-01-30
240407000152,Drone Battery 240407000152,Drone Battery,IT1 SP Damoda Drone Battery,1655220,2025-01-30
240407000542,Drone Battery 240407000542,Drone Battery,IT1 SP Damoda Drone Battery,1655220,2025-01-30
24041700013,Drone Battery 24041700013,Drone Battery,IT1 SP Damoda Drone Battery,1655220,2025-01-30
240425000069,Drone Battery 240425000069,Drone Battery,IT1 SP Damoda Drone Battery,1655220,2025-01-30
24032700185,Drone Battery 24032700185,Drone Battery,IT1 SP Damoda Drone Battery,1655220,2025-01-30
240403000035,Drone Battery 240403000035,Drone Battery,IT1 SP Damoda Drone Battery,1655220,2025-01-30
24032800168,Drone Battery 24032800168,Drone Battery,IT1 SP Damoda Drone Battery,1655220,2025-01-30
24032900119,Drone Battery 24032900119,Drone Battery,IT1 SP Damoda Drone Battery,1655220,2025-01-30
240415000246,Drone Battery 240415000246,Drone Battery,IT1 SP Damoda Drone Battery,1655220,2025-01-30
24032700176,Drone Battery 24032700176,Drone Battery,IT1 SP Damoda Drone Battery,1655220,2025-01-30
24032700117,Drone Battery 24032700117,Drone Battery,IT1 SP Damoda Drone Battery,1655220,2025-01-30
24031101232,Drone Battery 24031101232,Drone Battery,IT1 SP Damoda Drone Battery,1655220,2025-01-30
24032500125,Drone Battery 24032500125,Drone Battery,IT1 SP Damoda Drone Battery,1655220,2025-01-30
24032500211,Drone Battery 24032500211,Drone Battery,IT1 SP Damoda Drone Battery,1655220,2025-01-30
24032500213,Drone Battery 24032500213,Drone Battery,IT1 SP Damoda Drone Battery,1655220,2025-01-30
24032700262,Drone Battery 24032700262,Drone Battery,IT1 SP Damoda Drone Battery,1655220,2025-01-30
240415000016,Drone Battery 240415000016,Drone Battery,IT1 SP Damoda Drone Battery,1655220,2025-01-30
24032500192,Drone Battery 24032500192,Drone Battery,IT1 SP Damoda Drone Battery,1655220,2025-01-30
24031100179,Drone Battery 24031100179,Drone Battery,IT1 SP Damoda Drone Battery,1655220,2025-01-30
24041700016,Drone Battery 24041700016,Drone Battery,IT1 SP Damoda Drone Battery,1655220,2025-01-30
240425000183,Drone Battery 240425000183,Drone Battery,IT1 SP Damoda Drone Battery,1655220,2025-01-30
24032800304,Drone Battery 24032800304,Drone Battery,IT1 SP Damoda Drone Battery,1655220,2025-01-30
24032500342,Drone Battery 24032500342,Drone Battery,IT1 SP Damoda Drone Battery,1655220,2025-01-30
240407000454,Drone Battery 240407000454,Drone Battery,IT1 SP Damoda Drone Battery,1655220,2025-01-30
24031800013,Drone Battery 24031800013,Drone Battery,IT1 SP Damoda Drone Battery,1655220,2025-01-30
240410000334,Drone Battery 240410000334,Drone Battery,IT1 SP Damoda Drone Battery,1655220,2025-01-30
240419000163,Drone Battery 240419000163,Drone Battery,IT1 SP Damoda Drone Battery,1655220,2025-01-30
24031100291,Drone Battery 24031100291,Drone Battery,IT1 SP Damoda Drone Battery,1655220,2025-01-30
24031100343,Drone Battery 24031100343,Drone Battery,IT1 SP Damoda Drone Battery,1655220,2025-01-30
24031100063,Drone Battery 24031100063,Drone Battery,IT1 SP Damoda Drone Battery,1655220,2025-01-30
24032700037,Drone Battery 24032700037,Drone Battery,IT1 SP Damoda Drone Battery,1655220,2025-01-30
240415000041,Drone Battery 240415000041,Drone Battery,IT1 SP Damoda Drone Battery,1655220,2025-01-30
24032700108,Drone Battery 24032700108,Drone Battery,IT1 SP Damoda Drone Battery,1655220,2025-01-30
240425000028,Drone Battery 240425000028,Drone Battery,IT1 SP Damoda Drone Battery,1655220,2025-01-30
240419000125,Drone Battery 240419000125,Drone Battery,IT1 SP Damoda Drone Battery,1655220,2025-01-30
240425000102,Drone Battery 240425000102,Drone Battery,IT1 SP Damoda Drone Battery,1655220,2025-01-30
24032800151,Drone Battery 24032800151,Drone Battery,IT1 SP Damoda Drone Battery,1655220,2025-01-30
240419000051,Drone Battery 240419000051,Drone Battery,IT1 SP Damoda Drone Battery,1655220,2025-01-30
240407000644,Drone Battery 240407000644,Drone Battery,IT1 SP Damoda Drone Battery,1655220,2025-01-30
240425000196,Drone Battery 240425000196,Drone Battery,IT1 SP Damoda Drone Battery,1655220,2025-01-30
24031100405,Drone Battery 24031100405,Drone Battery,IT1 SP Damoda Drone Battery,1655220,2025-01-30
240409000114,Drone Battery 240409000114,Drone Battery,IT1 SP Damoda Drone Battery,1655220,2025-01-30
240415000199,Drone Battery 240415000199,Drone Battery,IT1 SP Damoda Drone Battery,1655220,2025-01-30
240406000130,Drone Battery 240406000130,Drone Battery,IT1 SP Damoda Drone Battery,1655220,2025-01-30
24032600174,Drone Battery 24032600174,Drone Battery,IT1 SP Damoda Drone Battery,1655220,2025-01-30
240415000092,Drone Battery 240415000092,Drone Battery,IT1 SP Damoda Drone Battery,1655220,2025-01-30
24032800505,Drone Battery 24032800505,Drone Battery,IT1 SP Damoda Drone Battery,1655220,2025-01-30
24032600233,Drone Battery 24032600233,Drone Battery,IT1 SP Damoda Drone Battery,1655220,2025-01-30
240407000306,Drone Battery 240407000306,Drone Battery,IT1 SP Damoda Drone Battery,1655220,2025-01-30
24031100395,Drone Battery 24031100395,Drone Battery,IT1 SP Damoda Drone Battery,1655220,2025-01-30
24032500308,Drone Battery 24032500308,Drone Battery,IT1 SP Damoda Drone Battery,1655220,2025-01-30
24032100284,Drone Battery 24032100284,Drone Battery,IT1 SP Damoda Drone Battery,1655220,2025-01-30
24032900190,Drone Battery 24032900190,Drone Battery,IT1 SP Damoda Drone Battery,1655220,2025-01-30
24032700118,Drone Battery 24032700118,Drone Battery,IT1 SP Damoda Drone Battery,1655220,2025-01-30
240425000192,Drone Battery 240425000192,Drone Battery,IT1 SP Damoda Drone Battery,1655220,2025-01-30
24032500393,Drone Battery 24032500393,Drone Battery,IT1 SP Damoda Drone Battery,1655220,2025-01-30
24032700182,Drone Battery 24032700182,Drone Battery,IT1 SP Damoda Drone Battery,1655220,2025-01-30
24032600408,Drone Battery 24032600408,Drone Battery,IT1 SP Damoda Drone Battery,1655220,2025-01-30
24032700036,Drone Battery 24032700036,Drone Battery,IT1 SP Damoda Drone Battery,1655220,2025-01-30
24032700186,Drone Battery 24032700186,Drone Battery,IT1 SP Damoda Drone Battery,1655220,2025-01-30
240419000007,Drone Battery 240419000007,Drone Battery,IT1 SP Damoda Drone Battery,1655220,2025-01-30
24032700252,Drone Battery 24032700252,Drone Battery,IT1 SP Damoda Drone Battery,1655220,2025-01-30
24031100413,Drone Battery 24031100413,Drone Battery,IT1 SP Damoda Drone Battery,1655220,2025-01-30
24032700241,Drone Battery 24032700241,Drone Battery,IT1 SP Damoda Drone Battery,1655220,2025-01-30
24031101259,Drone Battery 24031101259,Drone Battery,IT1 SP Damoda Drone Battery,1655220,2025-01-30
24031101245,Drone Battery 24031101245,Drone Battery,IT1 SP Damoda Drone Battery,1655220,2025-01-30
24031100055,Drone Battery 24031100055,Drone Battery,IT1 SP Damoda Drone Battery,1655220,2025-01-30
240425000012,Drone Battery 240425000012,Drone Battery,IT1 SP Damoda Drone Battery,1655220,2025-01-30
24032700253,Drone Battery 24032700253,Drone Battery,IT1 SP Damoda Drone Battery,1655220,2025-01-30
24032600332,Drone Battery 24032600332,Drone Battery,IT1 SP Damoda Drone Battery,1655220,2025-01-30
24032500027,Drone Battery 24032500027,Drone Battery,IT1 SP Damoda Drone Battery,1655220,2025-01-30
24032900188,Drone Battery 24032900188,Drone Battery,IT1 SP Damoda Drone Battery,1655220,2025-01-30
240425000220,Drone Battery 240425000220,Drone Battery,IT1 SP Damoda Drone Battery,1655220,2025-01-30
24031100713,Drone Battery 24031100713,Drone Battery,IT1 SP Damoda Drone Battery,1655220,2025-01-30
24032800273,Drone Battery 24032800273,Drone Battery,IT1 SP Damoda Drone Battery,1655220,2025-01-30
24032600397,Drone Battery 24032600397,Drone Battery,IT1 SP Damoda Drone Battery,1655220,2025-01-30
24032600444,Drone Battery 24032600444,Drone Battery,IT1 SP Damoda Drone Battery,1655220,2025-01-30
24032800025,Drone Battery 24032800025,Drone Battery,IT1 SP Damoda Drone Battery,1655220,2025-01-30
240406000644,Drone Battery 240406000644,Drone Battery,IT1 SP Damoda Drone Battery,1655220,2025-01-30
240406000085,Drone Battery 240406000085,Drone Battery,IT1 SP Damoda Drone Battery,1655220,2025-01-30
240409000018,Drone Battery 240409000018,Drone Battery,IT1 SP Damoda Drone Battery,1655220,2025-01-30
24032200112,Drone Battery 24032200112,Drone Battery,IT1 SP Damoda Drone Battery,1655220,2025-01-30
24032800506,Drone Battery 24032800506,Drone Battery,IT1 SP Damoda Drone Battery,1655220,2025-01-30
24032800265,Drone Battery 24032800265,Drone Battery,IT1 SP Damoda Drone Battery,1655220,2025-01-30
240410000361,Drone Battery 240410000361,Drone Battery,IT1 SP Damoda Drone Battery,1655220,2025-01-30
240407000159,Drone Battery 240407000159,Drone Battery,IT1 SP Damoda Drone Battery,1655220,2025-01-30
240409000315,Drone Battery 240409000315,Drone Battery,IT1 SP Damoda Drone Battery,1655220,2025-01-30
24032300152,Drone Battery 24032300152,Drone Battery,IT1 SP Damoda Drone Battery,1655220,2025-01-30
240425000085,Drone Battery 240425000085,Drone Battery,IT1 SP Damoda Drone Battery,1655220,2025-01-30
240409000647,Drone Battery 240409000647,Drone Battery,IT1 SP Damoda Drone Battery,1655220,2025-01-30
24032600152,Drone Battery 24032600152,Drone Battery,IT1 SP Damoda Drone Battery,1655220,2025-01-30
240410000336,Drone Battery 240410000336,Drone Battery,IT1 SP Damoda Drone Battery,1655220,2025-01-30
24032600155,Drone Battery 24032600155,Drone Battery,IT1 SP Damoda Drone Battery,1655220,2025-01-30
24032700124,Drone Battery 24032700124,Drone Battery,IT1 SP Damoda Drone Battery,1655220,2025-01-30
240403000015,Drone Battery 240403000015,Drone Battery,IT1 SP Damoda Drone Battery,1655220,2025-01-30
240409000538,Drone Battery 240409000538,Drone Battery,IT1 SP Damoda Drone Battery,1655220,2025-01-30
24032800310,Drone Battery 24032800310,Drone Battery,IT1 SP Damoda Drone Battery,1655220,2025-01-30
240425000216,Drone Battery 240425000216,Drone Battery,IT1 SP Damoda Drone Battery,1655220,2025-01-30
24032800336,Drone Battery 24032800336,Drone Battery,IT1 SP Damoda Drone Battery,1655220,2025-01-30
24032800377,Drone Battery 24032800377,Drone Battery,IT1 SP Damoda Drone Battery,1655220,2025-01-30
240425000150,Drone Battery 240425000150,Drone Battery,IT1 SP Damoda Drone Battery,1655220,2025-01-30
240425000061,Drone Battery 240425000061,Drone Battery,IT1 SP Damoda Drone Battery,1655220,2025-01-30
24032600450,Drone Battery 24032600450,Drone Battery,IT1 SP Damoda Drone Battery,1655220,2025-01-30
240412000202,Drone Battery 240412000202,Drone Battery,IT1 SP Damoda Drone Battery,1655220,2025-01-30
240425000207,Drone Battery 240425000207,Drone Battery,IT1 SP Damoda Drone Battery,1655220,2025-01-30
24031100581,Drone Battery 24031100581,Drone Battery,IT1 SP Damoda Drone Battery,1655220,2025-01-30
24031100725,Drone Battery 24031100725,Drone Battery,IT1 SP Damoda Drone Battery,1655220,2025-01-30
24032800480,Drone Battery 24032800480,Drone Battery,IT1 SP Damoda Drone Battery,1655220,2025-01-30
24032300278,Drone Battery 24032300278,Drone Battery,IT1 SP Damoda Drone Battery,1655220,2025-01-30
24032700228,Drone Battery 24032700228,Drone Battery,IT1 SP Damoda Drone Battery,1655220,2025-01-30
24032800333,Drone Battery 24032800333,Drone Battery,IT1 SP Damoda Drone Battery,1655220,2025-01-30
24031100813,Drone Battery 24031100813,Drone Battery,IT1 SP Damoda Drone Battery,1655220,2025-01-30
24031100185,Drone Battery 24031100185,Drone Battery,IT1 SP Damoda Drone Battery,1655220,2025-01-30
240419000131,Drone Battery 240419000131,Drone Battery,IT1 SP Damoda Drone Battery,1655220,2025-01-30
240409000264,Drone Battery 240409000264,Drone Battery,IT1 SP Damoda Drone Battery,1655220,2025-01-30
240410000406,Drone Battery 240410000406,Drone Battery,IT1 SP Damoda Drone Battery,1655220,2025-01-30
24032700128,Drone Battery 24032700128,Drone Battery,IT1 SP Damoda Drone Battery,1655220,2025-01-30
24032700218,Drone Battery 24032700218,Drone Battery,IT1 SP Damoda Drone Battery,1655220,2025-01-30
24032600212,Drone Battery 24032600212,Drone Battery,IT1 SP Damoda Drone Battery,1655220,2025-01-30
240407000393,Drone Battery 240407000393,Drone Battery,IT1 SP Damoda Drone Battery,1655220,2025-01-30
240407000508,Drone Battery 240407000508,Drone Battery,IT1 SP Damoda Drone Battery,1655220,2025-01-30
240415000195,Drone Battery 240415000195,Drone Battery,IT1 SP Damoda Drone Battery,1655220,2025-01-30
240409000089,Drone Battery 240409000089,Drone Battery,IT1 SP Damoda Drone Battery,1655220,2025-01-30
240425000158,Drone Battery 240425000158,Drone Battery,IT1 SP Damoda Drone Battery,1655220,2025-01-30
24032900153,Drone Battery 24032900153,Drone Battery,IT1 SP Damoda Drone Battery,1655220,2025-01-30
24032500214,Drone Battery 24032500214,Drone Battery,IT1 SP Damoda Drone Battery,1655220,2025-01-30
240425000211,Drone Battery 240425000211,Drone Battery,IT1 SP Damoda Drone Battery,1655220,2025-01-30
240415000039,Drone Battery 240415000039,Drone Battery,IT1 SP Damoda Drone Battery,1655220,2025-01-30
24032700004,Drone Battery 24032700004,Drone Battery,IT1 SP Damoda Drone Battery,1655220,2025-01-30
240425000160,Drone Battery 240425000160,Drone Battery,IT1 SP Damoda Drone Battery,1655220,2025-01-30
240403000205,Drone Battery 240403000205,Drone Battery,IT1 SP Damoda Drone Battery,1655220,2025-01-30
240406000561,Drone Battery 240406000561,Drone Battery,IT1 SP Damoda Drone Battery,1655220,2025-01-30
24032300004,Drone Battery 24032300004,Drone Battery,IT1 SP Damoda Drone Battery,1655220,2025-01-30
24031100401,Drone Battery 24031100401,Drone Battery,IT1 SP Damoda Drone Battery,1655220,2025-01-30
24032800082,Drone Battery 24032800082,Drone Battery,IT1 SP Damoda Drone Battery,1655220,2025-01-30
240407000515,Drone Battery 240407000515,Drone Battery,IT1 SP Damoda Drone Battery,1655220,2025-01-30
240419000082,Drone Battery 240419000082,Drone Battery,IT1 SP Damoda Drone Battery,1655220,2025-01-30
240425000156,Drone Battery 240425000156,Drone Battery,IT1 SP Damoda Drone Battery,1655220,2025-01-30
24031100643,Drone Battery 24031100643,Drone Battery,IT1 SP Damoda Drone Battery,1655220,2025-01-30
240415000055,Drone Battery 240415000055,Drone Battery,IT1 SP Damoda Drone Battery,1655220,2025-01-30
240412000337,Drone Battery 240412000337,Drone Battery,IT1 SP Damoda Drone Battery,1655220,2025-01-30
240412000159,Drone Battery 240412000159,Drone Battery,IT1 SP Damoda Drone Battery,1655220,2025-01-30
240406000144,Drone Battery 240406000144,Drone Battery,IT1 SP Damoda Drone Battery,1655220,2025-01-30
240427000009,Drone Battery 240427000009,Drone Battery,IT1 SP Damoda Drone Battery,1655220,2025-01-30
24033000174,Drone Battery 24033000174,Drone Battery,IT1 SP Damoda Drone Battery,1655220,2025-01-30
240412000203,Drone Battery 240412000203,Drone Battery,IT1 SP Damoda Drone Battery,1655220,2025-01-30
24031100973,Drone Battery 24031100973,Drone Battery,IT1 SP Damoda Drone Battery,1655220,2025-01-30
24031100921,Drone Battery 24031100921,Drone Battery,IT1 SP Damoda Drone Battery,1655220,2025-01-30
240425000027,Drone Battery 240425000027,Drone Battery,IT1 SP Damoda Drone Battery,1655220,2025-01-30
24032900174,Drone Battery 24032900174,Drone Battery,IT1 SP Damoda Drone Battery,1655220,2025-01-30
240419000114,Drone Battery 240419000114,Drone Battery,IT1 SP Damoda Drone Battery,1655220,2025-01-30
24031100195,Drone Battery 24031100195,Drone Battery,IT1 SP Damoda Drone Battery,1655220,2025-01-30
24031100975,Drone Battery 24031100975,Drone Battery,IT1 SP Damoda Drone Battery,1655220,2025-01-30
24031100669,Drone Battery 24031100669,Drone Battery,IT1 SP Damoda Drone Battery,1655220,2025-01-30
240409000472,Drone Battery 240409000472,Drone Battery,IT1 SP Damoda Drone Battery,1655220,2025-01-30
240425000229,Drone Battery 240425000229,Drone Battery,IT1 SP Damoda Drone Battery,1655220,2025-01-30
240409000358,Drone Battery 240409000358,Drone Battery,IT1 SP Damoda Drone Battery,1655220,2025-01-30
240407000545,Drone Battery 240407000545,Drone Battery,IT1 SP Damoda Drone Battery,1655220,2025-01-30
240425000221,Drone Battery 240425000221,Drone Battery,IT1 SP Damoda Drone Battery,1655220,2025-01-30
24032800484,Drone Battery 24032800484,Drone Battery,IT1 SP Damoda Drone Battery,1655220,2025-01-30
24032500007,Drone Battery 24032500007,Drone Battery,IT1 SP Damoda Drone Battery,1655220,2025-01-30
240425000154,Drone Battery 240425000154,Drone Battery,IT1 SP Damoda Drone Battery,1655220,2025-01-30
24032600034,Drone Battery 24032600034,Drone Battery,IT1 SP Damoda Drone Battery,1655220,2025-01-30
240410000288,Drone Battery 240410000288,Drone Battery,IT1 SP Damoda Drone Battery,1655220,2025-01-30
24031100357,Drone Battery 24031100357,Drone Battery,IT1 SP Damoda Drone Battery,1655220,2025-01-30
24031100283,Drone Battery 24031100283,Drone Battery,IT1 SP Damoda Drone Battery,1655220,2025-01-30
24032600234,Drone Battery 24032600234,Drone Battery,IT1 SP Damoda Drone Battery,1655220,2025-01-30
24031101005,Drone Battery 24031101005,Drone Battery,IT1 SP Damoda Drone Battery,1655220,2025-01-30
240425000218,Drone Battery 240425000218,Drone Battery,IT1 SP Damoda Drone Battery,1655220,2025-01-30
24031101295,Drone Battery 24031101295,Drone Battery,IT1 SP Damoda Drone Battery,1655220,2025-01-30
24032800244,Drone Battery 24032800244,Drone Battery,IT1 SP Damoda Drone Battery,1655220,2025-01-30
240415000058,Drone Battery 240415000058,Drone Battery,IT1 SP Damoda Drone Battery,1655220,2025-01-30
24031100429,Drone Battery 24031100429,Drone Battery,IT1 SP Damoda Drone Battery,1655220,2025-01-30
24031100573,Drone Battery 24031100573,Drone Battery,IT1 SP Damoda Drone Battery,1655220,2025-01-30
24031100935,Drone Battery 24031100935,Drone Battery,IT1 SP Damoda Drone Battery,1655220,2025-01-30
240407000132,Drone Battery 240407000132,Drone Battery,IT1 SP Damoda Drone Battery,1655220,2025-01-30
240425000190,Drone Battery 240425000190,Drone Battery,IT1 SP Damoda Drone Battery,1655220,2025-01-30
240406000011,Drone Battery 240406000011,Drone Battery,IT1 SP Damoda Drone Battery,1655220,2025-01-30
24032900195,Drone Battery 24032900195,Drone Battery,IT1 SP Damoda Drone Battery,1655220,2025-01-30
24031101027,Drone Battery 24031101027,Drone Battery,IT1 SP Damoda Drone Battery,1655220,2025-01-30
24032600440,Drone Battery 24032600440,Drone Battery,IT1 SP Damoda Drone Battery,1655220,2025-01-30
240419000011,Drone Battery 240419000011,Drone Battery,IT1 SP Damoda Drone Battery,1655220,2025-01-30
240415000191,Drone Battery 240415000191,Drone Battery,IT1 SP Damoda Drone Battery,1655220,2025-01-30
24031101211,Drone Battery 24031101211,Drone Battery,IT1 SP Damoda Drone Battery,1655220,2025-01-30
24032500300,Drone Battery 24032500300,Drone Battery,IT1 SP Damoda Drone Battery,1655220,2025-01-30
240412000041,Drone Battery 240412000041,Drone Battery,IT1 SP Damoda Drone Battery,1655220,2025-01-30
24032700090,Drone Battery 24032700090,Drone Battery,IT1 SP Damoda Drone Battery,1655220,2025-01-30
24033000171,Drone Battery 24033000171,Drone Battery,IT1 SP Damoda Drone Battery,1655220,2025-01-30
24032800222,Drone Battery 24032800222,Drone Battery,IT1 SP Damoda Drone Battery,1655220,2025-01-30
24032600412,Drone Battery 24032600412,Drone Battery,IT1 SP Damoda Drone Battery,1655220,2025-01-30
24032800328,Drone Battery 24032800328,Drone Battery,IT1 SP Damoda Drone Battery,1655220,2025-01-30
24032500359,Drone Battery 24032500359,Drone Battery,IT1 SP Damoda Drone Battery,1655220,2025-01-30
240403000253,Drone Battery 240403000253,Drone Battery,IT1 SP Damoda Drone Battery,1655220,2025-01-30
24032700044,Drone Battery 24032700044,Drone Battery,IT1 SP Damoda Drone Battery,1655220,2025-01-30
24032800159,Drone Battery 24032800159,Drone Battery,IT1 SP Damoda Drone Battery,1655220,2025-01-30
24032800416,Drone Battery 24032800416,Drone Battery,IT1 SP Damoda Drone Battery,1655220,2025-01-30
24032700064,Drone Battery 24032700064,Drone Battery,IT1 SP Damoda Drone Battery,1655220,2025-01-30
240403000402,Drone Battery 240403000402,Drone Battery,IT1 SP Damoda Drone Battery,1655220,2025-01-30
24033000277,Drone Battery 24033000277,Drone Battery,IT1 SP Damoda Drone Battery,1655220,2025-01-30
24032600066,Drone Battery 24032600066,Drone Battery,IT1 SP Damoda Drone Battery,1655220,2025-01-30
24032500335,Drone Battery 24032500335,Drone Battery,IT1 SP Damoda Drone Battery,1655220,2025-01-30
24032800095,Drone Battery 24032800095,Drone Battery,IT1 SP Damoda Drone Battery,1655220,2025-01-30
24032700079,Drone Battery 24032700079,Drone Battery,IT1 SP Damoda Drone Battery,1655220,2025-01-30
24032700152,Drone Battery 24032700152,Drone Battery,IT1 SP Damoda Drone Battery,1655220,2025-01-30
24032600420,Drone Battery 24032600420,Drone Battery,IT1 SP Damoda Drone Battery,1655220,2025-01-30
240407000459,Drone Battery 240407000459,Drone Battery,IT1 SP Damoda Drone Battery,1655220,2025-01-30
24031800111,Drone Battery 24031800111,Drone Battery,IT1 SP Damoda Drone Battery,1655220,2025-01-30
24032800051,Drone Battery 24032800051,Drone Battery,IT1 SP Damoda Drone Battery,1655220,2025-01-30
240415000067,Drone Battery 240415000067,Drone Battery,IT1 SP Damoda Drone Battery,1655220,2025-01-30
24032300055,Drone Battery 24032300055,Drone Battery,IT1 SP Damoda Drone Battery,1655220,2025-01-30
240409000135,Drone Battery 240409000135,Drone Battery,IT1 SP Damoda Drone Battery,1655220,2025-01-30
24032500362,Drone Battery 24032500362,Drone Battery,IT1 SP Damoda Drone Battery,1655220,2025-01-30
24032600462,Drone Battery 24032600462,Drone Battery,IT1 SP Damoda Drone Battery,1655220,2025-01-30
24032500373,Drone Battery 24032500373,Drone Battery,IT1 SP Damoda Drone Battery,1655220,2025-01-30
24032700246,Drone Battery 24032700246,Drone Battery,IT1 SP Damoda Drone Battery,1655220,2025-01-30
24032600468,Drone Battery 24032600468,Drone Battery,IT1 SP Damoda Drone Battery,1655220,2025-01-30
240407000270,Drone Battery 240407000270,Drone Battery,IT1 SP Damoda Drone Battery,1655220,2025-01-30
24032800479,Drone Battery 24032800479,Drone Battery,IT1 SP Damoda Drone Battery,1655220,2025-01-30
240403000129,Drone Battery 240403000129,Drone Battery,IT1 SP Damoda Drone Battery,1655220,2025-01-30
24032600166,Drone Battery 24032600166,Drone Battery,IT1 SP Damoda Drone Battery,1655220,2025-01-30
24032800133,Drone Battery 24032800133,Drone Battery,IT1 SP Damoda Drone Battery,1655220,2025-01-30
240403000404,Drone Battery 240403000404,Drone Battery,IT1 SP Damoda Drone Battery,1655220,2025-01-30
24032500363,Drone Battery 24032500363,Drone Battery,IT1 SP Damoda Drone Battery,1655220,2025-01-30
24032900133,Drone Battery 24032900133,Drone Battery,IT1 SP Damoda Drone Battery,1655220,2025-01-30
240403000256,Drone Battery 240403000256,Drone Battery,IT1 SP Damoda Drone Battery,1655220,2025-01-30
240403000412,Drone Battery 240403000412,Drone Battery,IT1 SP Damoda Drone Battery,1655220,2025-01-30
240425000050,Drone Battery 240425000050,Drone Battery,IT1 SP Damoda Drone Battery,1655220,2025-01-30
24032500181,Drone Battery 24032500181,Drone Battery,IT1 SP Damoda Drone Battery,1655220,2025-01-30
24032300220,Drone Battery 24032300220,Drone Battery,IT1 SP Damoda Drone Battery,1655220,2025-01-30
24032600173,Drone Battery 24032600173,Drone Battery,IT1 SP Damoda Drone Battery,1655220,2025-01-30
24032600028,Drone Battery 24032600028,Drone Battery,IT1 SP Damoda Drone Battery,1655220,2025-01-30
24032500242,Drone Battery 24032500242,Drone Battery,IT1 SP Damoda Drone Battery,1655220,2025-01-30
24032800332,Drone Battery 24032800332,Drone Battery,IT1 SP Damoda Drone Battery,1655220,2025-01-30
240425000245,Drone Battery 240425000245,Drone Battery,IT1 SP Damoda Drone Battery,1655220,2025-01-30
24032800169,Drone Battery 24032800169,Drone Battery,IT1 SP Damoda Drone Battery,1655220,2025-01-30
24032800382,Drone Battery 24032800382,Drone Battery,IT1 SP Damoda Drone Battery,1655220,2025-01-30
24032800136,Drone Battery 24032800136,Drone Battery,IT1 SP Damoda Drone Battery,1655220,2025-01-30
24032900094,Drone Battery 24032900094,Drone Battery,IT1 SP Damoda Drone Battery,1655220,2025-01-30
24032500138,Drone Battery 24032500138,Drone Battery,IT1 SP Damoda Drone Battery,1655220,2025-01-30
24032500162,Drone Battery 24032500162,Drone Battery,IT1 SP Damoda Drone Battery,1655220,2025-01-30
240425000064,Drone Battery 240425000064,Drone Battery,IT1 SP Damoda Drone Battery,1655220,2025-01-30
24032600387,Drone Battery 24032600387,Drone Battery,IT1 SP Damoda Drone Battery,1655220,2025-01-30
24032800034,Drone Battery 24032800034,Drone Battery,IT1 SP Damoda Drone Battery,1655220,2025-01-30
24031100231,Drone Battery 24031100231,Drone Battery,IT1 SP Damoda Drone Battery,1655220,2025-01-30
240419000127,Drone Battery 240419000127,Drone Battery,IT1 SP Damoda Drone Battery,1655220,2025-01-30
24032800504,Drone Battery 24032800504,Drone Battery,IT1 SP Damoda Drone Battery,1655220,2025-01-30
24032700138,Drone Battery 24032700138,Drone Battery,IT1 SP Damoda Drone Battery,1655220,2025-01-30
240427000010,Drone Battery 240427000010,Drone Battery,IT1 SP Damoda Drone Battery,1655220,2025-01-30
24032500237,Drone Battery 24032500237,Drone Battery,IT1 SP Damoda Drone Battery,1655220,2025-01-30
240425000062,Drone Battery 240425000062,Drone Battery,IT1 SP Damoda Drone Battery,1655220,2025-01-30
24032500001,Drone Battery 24032500001,Drone Battery,IT1 SP Damoda Drone Battery,1655220,2025-01-30
24032800022,Drone Battery 24032800022,Drone Battery,IT1 SP Damoda Drone Battery,1655220,2025-01-30
24032500172,Drone Battery 24032500172,Drone Battery,IT1 SP Damoda Drone Battery,1655220,2025-01-30
24032500022,Drone Battery 24032500022,Drone Battery,IT1 SP Damoda Drone Battery,1655220,2025-01-30
24032500371,Drone Battery 24032500371,Drone Battery,IT1 SP Damoda Drone Battery,1655220,2025-01-30
24032500151,Drone Battery 24032500151,Drone Battery,IT1 SP Damoda Drone Battery,1655220,2025-01-30
24032600123,Drone Battery 24032600123,Drone Battery,IT1 SP Damoda Drone Battery,1655220,2025-01-30
24032600178,Drone Battery 24032600178,Drone Battery,IT1 SP Damoda Drone Battery,1655220,2025-01-30
240425000237,Drone Battery 240425000237,Drone Battery,IT1 SP Damoda Drone Battery,1655220,2025-01-30
24032500012,Drone Battery 24032500012,Drone Battery,IT1 SP Damoda Drone Battery,1655220,2025-01-30
240415000163,Drone Battery 240415000163,Drone Battery,IT1 SP Damoda Drone Battery,1655220,2025-01-30
24032600045,Drone Battery 24032600045,Drone Battery,IT1 SP Damoda Drone Battery,1655220,2025-01-30
24032900189,Drone Battery 24032900189,Drone Battery,IT1 SP Damoda Drone Battery,1655220,2025-01-30
24032600202,Drone Battery 24032600202,Drone Battery,IT1 SP Damoda Drone Battery,1655220,2025-01-30
24032300145,Drone Battery 24032300145,Drone Battery,IT1 SP Damoda Drone Battery,1655220,2025-01-30
24032600298,Drone Battery 24032600298,Drone Battery,IT1 SP Damoda Drone Battery,1655220,2025-01-30
240412000114,Drone Battery 240412000114,Drone Battery,IT1 SP Damoda Drone Battery,1655220,2025-01-30
24032800508,Drone Battery 24032800508,Drone Battery,IT1 SP Damoda Drone Battery,1655220,2025-01-30
24032700015,Drone Battery 24032700015,Drone Battery,IT1 SP Damoda Drone Battery,1655220,2025-01-30
24032600072,Drone Battery 24032600072,Drone Battery,IT1 SP Damoda Drone Battery,1655220,2025-01-30
240406000671,Drone Battery 240406000671,Drone Battery,IT1 SP Damoda Drone Battery,1655220,2025-01-30
240403000196,Drone Battery 240403000196,Drone Battery,IT1 SP Damoda Drone Battery,1655220,2025-01-30
240415000009,Drone Battery 240415000009,Drone Battery,IT1 SP Damoda Drone Battery,1655220,2025-01-30
24032700054,Drone Battery 24032700054,Drone Battery,IT1 SP Damoda Drone Battery,1655220,2025-01-30
240419000050,Drone Battery 240419000050,Drone Battery,IT1 SP Damoda Drone Battery,1655220,2025-01-30
240419000064,Drone Battery 240419000064,Drone Battery,IT1 SP Damoda Drone Battery,1655220,2025-01-30
240409000020,Drone Battery 240409000020,Drone Battery,IT1 SP Damoda Drone Battery,1655220,2025-01-30
24032500168,Drone Battery 24032500168,Drone Battery,IT1 SP Damoda Drone Battery,1655220,2025-01-30
24033000165,Drone Battery 24033000165,Drone Battery,IT1 SP Damoda Drone Battery,1655220,2025-01-30
24032500200,Drone Battery 24032500200,Drone Battery,IT1 SP Damoda Drone Battery,1655220,2025-01-30
240409000278,Drone Battery 240409000278,Drone Battery,IT1 SP Damoda Drone Battery,1655220,2025-01-30
240406000180,Drone Battery 240406000180,Drone Battery,IT1 SP Damoda Drone Battery,1655220,2025-01-30
24032500374,Drone Battery 24032500374,Drone Battery,IT1 SP Damoda Drone Battery,1655220,2025-01-30
240403000539,Drone Battery 240403000539,Drone Battery,IT1 SP Damoda Drone Battery,1655220,2025-01-30
240406000281,Drone Battery 240406000281,Drone Battery,IT1 SP Damoda Drone Battery,1655220,2025-01-30
24032900107,Drone Battery 24032900107,Drone Battery,IT1 SP Damoda Drone Battery,1655220,2025-01-30
24032500158,Drone Battery 24032500158,Drone Battery,IT1 SP Damoda Drone Battery,1655220,2025-01-30
240403000207,Drone Battery 240403000207,Drone Battery,IT1 SP Damoda Drone Battery,1655220,2025-01-30
240415000314,Drone Battery 240415000314,Drone Battery,IT1 SP Damoda Drone Battery,1655220,2025-01-30
24032200285,Drone Battery 24032200285,Drone Battery,IT1 SP Damoda Drone Battery,1655220,2025-01-30
24033000188,Drone Battery 24033000188,Drone Battery,IT1 SP Damoda Drone Battery,1655220,2025-01-30
24032600314,Drone Battery 24032600314,Drone Battery,IT1 SP Damoda Drone Battery,1655220,2025-01-30
24032600336,Drone Battery 24032600336,Drone Battery,IT1 SP Damoda Drone Battery,1655220,2025-01-30
24033000156,Drone Battery 24033000156,Drone Battery,IT1 SP Damoda Drone Battery,1655220,2025-01-30
240410000068,Drone Battery 240410000068,Drone Battery,IT1 SP Damoda Drone Battery,1655220,2025-01-30
240415000147,Drone Battery 240415000147,Drone Battery,IT1 SP Damoda Drone Battery,1655220,2025-01-30
240415000238,Drone Battery 240415000238,Drone Battery,IT1 SP Damoda Drone Battery,1655220,2025-01-30
24032600119,Drone Battery 24032600119,Drone Battery,IT1 SP Damoda Drone Battery,1655220,2025-01-30
24032500197,Drone Battery 24032500197,Drone Battery,IT1 SP Damoda Drone Battery,1655220,2025-01-30
24032600118,Drone Battery 24032600118,Drone Battery,IT1 SP Damoda Drone Battery,1655220,2025-01-30
24031800451,Drone Battery 24031800451,Drone Battery,IT1 SP Damoda Drone Battery,1655220,2025-01-30
24032700110,Drone Battery 24032700110,Drone Battery,IT1 SP Damoda Drone Battery,1655220,2025-01-30
24032500159,Drone Battery 24032500159,Drone Battery,IT1 SP Damoda Drone Battery,1655220,2025-01-30
240415000330,Drone Battery 240415000330,Drone Battery,IT1 SP Damoda Drone Battery,1655220,2025-01-30
24032900170,Drone Battery 24032900170,Drone Battery,IT1 SP Damoda Drone Battery,1655220,2025-01-30
24033000055,Drone Battery 24033000055,Drone Battery,IT1 SP Damoda Drone Battery,1655220,2025-01-30
24032900070,Drone Battery 24032900070,Drone Battery,IT1 SP Damoda Drone Battery,1655220,2025-01-30
24032700215,Drone Battery 24032700215,Drone Battery,IT1 SP Damoda Drone Battery,1655220,2025-01-30
240403000038,Drone Battery 240403000038,Drone Battery,IT1 SP Damoda Drone Battery,1655220,2025-01-30
240403000193,Drone Battery 240403000193,Drone Battery,IT1 SP Damoda Drone Battery,1655220,2025-01-30
24032600191,Drone Battery 24032600191,Drone Battery,IT1 SP Damoda Drone Battery,1655220,2025-01-30
240406000277,Drone Battery 240406000277,Drone Battery,IT1 SP Damoda Drone Battery,1655220,2025-01-30
240403000042,Drone Battery 240403000042,Drone Battery,IT1 SP Damoda Drone Battery,1655220,2025-01-30
24032900001,Drone Battery 24032900001,Drone Battery,IT1 SP Damoda Drone Battery,1655220,2025-01-30
24033000193,Drone Battery 24033000193,Drone Battery,IT1 SP Damoda Drone Battery,1655220,2025-01-30
24032700025,Drone Battery 24032700025,Drone Battery,IT1 SP Damoda Drone Battery,1655220,2025-01-30
24032700130,Drone Battery 24032700130,Drone Battery,IT1 SP Damoda Drone Battery,1655220,2025-01-30
24032600465,Drone Battery 24032600465,Drone Battery,IT1 SP Damoda Drone Battery,1655220,2025-01-30
24032700127,Drone Battery 24032700127,Drone Battery,IT1 SP Damoda Drone Battery,1655220,2025-01-30
24033000180,Drone Battery 24033000180,Drone Battery,IT1 SP Damoda Drone Battery,1655220,2025-01-30
24032500130,Drone Battery 24032500130,Drone Battery,IT1 SP Damoda Drone Battery,1655220,2025-01-30
24032800250,Drone Battery 24032800250,Drone Battery,IT1 SP Damoda Drone Battery,1655220,2025-01-30
24032600422,Drone Battery 24032600422,Drone Battery,IT1 SP Damoda Drone Battery,1655220,2025-01-30
24032700040,Drone Battery 24032700040,Drone Battery,IT1 SP Damoda Drone Battery,1655220,2025-01-30
24032500117,Drone Battery 24032500117,Drone Battery,IT1 SP Damoda Drone Battery,1655220,2025-01-30
24032800430,Drone Battery 24032800430,Drone Battery,IT1 SP Damoda Drone Battery,1655220,2025-01-30
24032800100,Drone Battery 24032800100,Drone Battery,IT1 SP Damoda Drone Battery,1655220,2025-01-30
24032900018,Drone Battery 24032900018,Drone Battery,IT1 SP Damoda Drone Battery,1655220,2025-01-30
24032900048,Drone Battery 24032900048,Drone Battery,IT1 SP Damoda Drone Battery,1655220,2025-01-30
24032700105,Drone Battery 24032700105,Drone Battery,IT1 SP Damoda Drone Battery,1655220,2025-01-30
24032800363,Drone Battery 24032800363,Drone Battery,IT1 SP Damoda Drone Battery,1655220,2025-01-30
24032700245,Drone Battery 24032700245,Drone Battery,IT1 SP Damoda Drone Battery,1655220,2025-01-30
240403000417,Drone Battery 240403000417,Drone Battery,IT1 SP Damoda Drone Battery,1655220,2025-01-30
240403000325,Drone Battery 240403000325,Drone Battery,IT1 SP Damoda Drone Battery,1655220,2025-01-30
24031800476,Drone Battery 24031800476,Drone Battery,IT1 SP Damoda Drone Battery,1655220,2025-01-30
24031100277,Drone Battery 24031100277,Drone Battery,IT1 SP Damoda Drone Battery,1655220,2025-01-30
240406000320,Drone Battery 240406000320,Drone Battery,IT1 SP Damoda Drone Battery,1655220,2025-01-30
24032700260,Drone Battery 24032700260,Drone Battery,IT1 SP Damoda Drone Battery,1655220,2025-01-30
24032600175,Drone Battery 24032600175,Drone Battery,IT1 SP Damoda Drone Battery,1655220,2025-01-30
24032600317,Drone Battery 24032600317,Drone Battery,IT1 SP Damoda Drone Battery,1655220,2025-01-30
240403000334,Drone Battery 240403000334,Drone Battery,IT1 SP Damoda Drone Battery,1655220,2025-01-30
24032600116,Drone Battery 24032600116,Drone Battery,IT1 SP Damoda Drone Battery,1655220,2025-01-30
24032800520,Drone Battery 24032800520,Drone Battery,IT1 SP Damoda Drone Battery,1655220,2025-01-30
24032500248,Drone Battery 24032500248,Drone Battery,IT1 SP Damoda Drone Battery,1655220,2025-01-30
24032800127,Drone Battery 24032800127,Drone Battery,IT1 SP Damoda Drone Battery,1655220,2025-01-30
24032500049,Drone Battery 24032500049,Drone Battery,IT1 SP Damoda Drone Battery,1655220,2025-01-30
24032600214,Drone Battery 24032600214,Drone Battery,IT1 SP Damoda Drone Battery,1655220,2025-01-30
24032500403,Drone Battery 24032500403,Drone Battery,IT1 SP Damoda Drone Battery,1655220,2025-01-30
240410000364,Drone Battery 240410000364,Drone Battery,IT1 SP Damoda Drone Battery,1655220,2025-01-30
24032000275,Drone Battery 24032000275,Drone Battery,IT1 SP Damoda Drone Battery,1655220,2025-01-30
24032500261,Drone Battery 24032500261,Drone Battery,IT1 SP Damoda Drone Battery,1655220,2025-01-30
24032700006,Drone Battery 24032700006,Drone Battery,IT1 SP Damoda Drone Battery,1655220,2025-01-30
24032200035,Drone Battery 24032200035,Drone Battery,IT1 SP Damoda Drone Battery,1655220,2025-01-30
24032700013,Drone Battery 24032700013,Drone Battery,IT1 SP Damoda Drone Battery,1655220,2025-01-30
24032500204,Drone Battery 24032500204,Drone Battery,IT1 SP Damoda Drone Battery,1655220,2025-01-30
240403000116,Drone Battery 240403000116,Drone Battery,IT1 SP Damoda Drone Battery,1655220,2025-01-30
24032600411,Drone Battery 24032600411,Drone Battery,IT1 SP Damoda Drone Battery,1655220,2025-01-30
240406000542,Drone Battery 240406000542,Drone Battery,IT1 SP Damoda Drone Battery,1655220,2025-01-30
240419000120,Drone Battery 240419000120,Drone Battery,IT1 SP Damoda Drone Battery,1655220,2025-01-30
240415000091,Drone Battery 240415000091,Drone Battery,IT1 SP Damoda Drone Battery,1655220,2025-01-30
24032800474,Drone Battery 24032800474,Drone Battery,IT1 SP Damoda Drone Battery,1655220,2025-01-30
24032600148,Drone Battery 24032600148,Drone Battery,IT1 SP Damoda Drone Battery,1655220,2025-01-30
240403000200,Drone Battery 240403000200,Drone Battery,IT1 SP Damoda Drone Battery,1655220,2025-01-30
24032900127,Drone Battery 24032900127,Drone Battery,IT1 SP Damoda Drone Battery,1655220,2025-01-30
24032800238,Drone Battery 24032800238,Drone Battery,IT1 SP Damoda Drone Battery,1655220,2025-01-30
24032600277,Drone Battery 24032600277,Drone Battery,IT1 SP Damoda Drone Battery,1655220,2025-01-30
24033000032,Drone Battery 24033000032,Drone Battery,IT1 SP Damoda Drone Battery,1655220,2025-01-30
240407000627,Drone Battery 240407000627,Drone Battery,IT1 SP Damoda Drone Battery,1655220,2025-01-30
24032600199,Drone Battery 24032600199,Drone Battery,IT1 SP Damoda Drone Battery,1655220,2025-01-30
24032700080,Drone Battery 24032700080,Drone Battery,IT1 SP Damoda Drone Battery,1655220,2025-01-30
240425000037,Drone Battery 240425000037,Drone Battery,IT1 SP Damoda Drone Battery,1655220,2025-01-30
24032500236,Drone Battery 24032500236,Drone Battery,IT1 SP Damoda Drone Battery,1655220,2025-01-30
240403000083,Drone Battery 240403000083,Drone Battery,IT1 SP Damoda Drone Battery,1655220,2025-01-30
24032800473,Drone Battery 24032800473,Drone Battery,IT1 SP Damoda Drone Battery,1655220,2025-01-30
24032600079,Drone Battery 24032600079,Drone Battery,IT1 SP Damoda Drone Battery,1655220,2025-01-30
24032500398,Drone Battery 24032500398,Drone Battery,IT1 SP Damoda Drone Battery,1655220,2025-01-30
24032000036,Drone Battery 24032000036,Drone Battery,IT1 SP Damoda Drone Battery,1655220,2025-01-30
24032700102,Drone Battery 24032700102,Drone Battery,IT1 SP Damoda Drone Battery,1655220,2025-01-30
24032600081,Drone Battery 24032600081,Drone Battery,IT1 SP Damoda Drone Battery,1655220,2025-01-30
240403000311,Drone Battery 240403000311,Drone Battery,IT1 SP Damoda Drone Battery,1655220,2025-01-30
24032600145,Drone Battery 24032600145,Drone Battery,IT1 SP Damoda Drone Battery,1655220,2025-01-30
24032000035,Drone Battery 24032000035,Drone Battery,IT1 SP Damoda Drone Battery,1655220,2025-01-30
240403000113,Drone Battery 240403000113,Drone Battery,IT1 SP Damoda Drone Battery,1655220,2025-01-30
24032800031,Drone Battery 24032800031,Drone Battery,IT1 SP Damoda Drone Battery,1655220,2025-01-30
24032500164,Drone Battery 24032500164,Drone Battery,IT1 SP Damoda Drone Battery,1655220,2025-01-30
24032700169,Drone Battery 24032700169,Drone Battery,IT1 SP Damoda Drone Battery,1655220,2025-01-30
24041700018,Drone Battery 24041700018,Drone Battery,IT1 SP Damoda Drone Battery,1655220,2025-01-30
240403000211,Drone Battery 240403000211,Drone Battery,IT1 SP Damoda Drone Battery,1655220,2025-01-30
24032500156,Drone Battery 24032500156,Drone Battery,IT1 SP Damoda Drone Battery,1655220,2025-01-30
240415000066,Drone Battery 240415000066,Drone Battery,IT1 SP Damoda Drone Battery,1655220,2025-01-30
240403000292,Drone Battery 240403000292,Drone Battery,IT1 SP Damoda Drone Battery,1655220,2025-01-30
240425000130,Drone Battery 240425000130,Drone Battery,IT1 SP Damoda Drone Battery,1655220,2025-01-30
240415000012,Drone Battery 240415000012,Drone Battery,IT1 SP Damoda Drone Battery,1655220,2025-01-30
240419000160,Drone Battery 240419000160,Drone Battery,IT1 SP Damoda Drone Battery,1655220,2025-01-30
240403000375,Drone Battery 240403000375,Drone Battery,IT1 SP Damoda Drone Battery,1655220,2025-01-30
24032600354,Drone Battery 24032600354,Drone Battery,IT1 SP Damoda Drone Battery,1655220,2025-01-30
24032600448,Drone Battery 24032600448,Drone Battery,IT1 SP Damoda Drone Battery,1655220,2025-01-30
240425000010,Drone Battery 240425000010,Drone Battery,IT1 SP Damoda Drone Battery,1655220,2025-01-30
240415000321,Drone Battery 240415000321,Drone Battery,IT1 SP Damoda Drone Battery,1655220,2025-01-30
240403000257,Drone Battery 240403000257,Drone Battery,IT1 SP Damoda Drone Battery,1655220,2025-01-30
240412000093,Drone Battery 240412000093,Drone Battery,IT1 SP Damoda Drone Battery,1655220,2025-01-30
240403000451,Drone Battery 240403000451,Drone Battery,IT1 SP Damoda Drone Battery,1655220,2025-01-30
240419000075,Drone Battery 240419000075,Drone Battery,IT1 SP Damoda Drone Battery,1655220,2025-01-30
24032800354,Drone Battery 24032800354,Drone Battery,IT1 SP Damoda Drone Battery,1655220,2025-01-30
240403000172,Drone Battery 240403000172,Drone Battery,IT1 SP Damoda Drone Battery,1655220,2025-01-30
240415000186,Drone Battery 240415000186,Drone Battery,IT1 SP Damoda Drone Battery,1655220,2025-01-30
240403000453,Drone Battery 240403000453,Drone Battery,IT1 SP Damoda Drone Battery,1655220,2025-01-30
240406000069,Drone Battery 240406000069,Drone Battery,IT1 SP Damoda Drone Battery,1655220,2025-01-30
240403000179,Drone Battery 240403000179,Drone Battery,IT1 SP Damoda Drone Battery,1655220,2025-01-30
240415000322,Drone Battery 240415000322,Drone Battery,IT1 SP Damoda Drone Battery,1655220,2025-01-30
240403000234,Drone Battery 240403000234,Drone Battery,IT1 SP Damoda Drone Battery,1655220,2025-01-30
24032900175,Drone Battery 24032900175,Drone Battery,IT1 SP Damoda Drone Battery,1655220,2025-01-30
24032300158,Drone Battery 24032300158,Drone Battery,IT1 SP Damoda Drone Battery,1655220,2025-01-30
240407000510,Drone Battery 240407000510,Drone Battery,IT1 SP Damoda Drone Battery,1655220,2025-01-30
240409000232,Drone Battery 240409000232,Drone Battery,IT1 SP Damoda Drone Battery,1655220,2025-01-30
24032900069,Drone Battery 24032900069,Drone Battery,IT1 SP Damoda Drone Battery,1655220,2025-01-30
24032800016,Drone Battery 24032800016,Drone Battery,IT1 SP Damoda Drone Battery,1655220,2025-01-30
240425000015,Drone Battery 240425000015,Drone Battery,IT1 SP Damoda Drone Battery,1655220,2025-01-30
24032900114,Drone Battery 24032900114,Drone Battery,IT1 SP Damoda Drone Battery,1655220,2025-01-30
24032900039,Drone Battery 24032900039,Drone Battery,IT1 SP Damoda Drone Battery,1655220,2025-01-30
240406000023,Drone Battery 240406000023,Drone Battery,IT1 SP Damoda Drone Battery,1655220,2025-01-30
240407000625,Drone Battery 240407000625,Drone Battery,IT1 SP Damoda Drone Battery,1655220,2025-01-30
240425000204,Drone Battery 240425000204,Drone Battery,IT1 SP Damoda Drone Battery,1655220,2025-01-30
24032900151,Drone Battery 24032900151,Drone Battery,IT1 SP Damoda Drone Battery,1655220,2025-01-30
240403000452,Drone Battery 240403000452,Drone Battery,IT1 SP Damoda Drone Battery,1655220,2025-01-30
240425000018,Drone Battery 240425000018,Drone Battery,IT1 SP Damoda Drone Battery,1655220,2025-01-30
240407000442,Drone Battery 240407000442,Drone Battery,IT1 SP Damoda Drone Battery,1655220,2025-01-30
24032500419,Drone Battery 24032500419,Drone Battery,IT1 SP Damoda Drone Battery,1655220,2025-01-30
24032800254,Drone Battery 24032800254,Drone Battery,IT1 SP Damoda Drone Battery,1655220,2025-01-30
24032800065,Drone Battery 24032800065,Drone Battery,IT1 SP Damoda Drone Battery,1655220,2025-01-30
240407000129,Drone Battery 240407000129,Drone Battery,IT1 SP Damoda Drone Battery,1655220,2025-01-30
24031800485,Drone Battery 24031800485,Drone Battery,IT1 SP Damoda Drone Battery,1655220,2025-01-30
240403000378,Drone Battery 240403000378,Drone Battery,IT1 SP Damoda Drone Battery,1655220,2025-01-30
240409000494,Drone Battery 240409000494,Drone Battery,IT1 SP Damoda Drone Battery,1655220,2025-01-30
240406000027,Drone Battery 240406000027,Drone Battery,IT1 SP Damoda Drone Battery,1655220,2025-01-30
240409000140,Drone Battery 240409000140,Drone Battery,IT1 SP Damoda Drone Battery,1655220,2025-01-30
24032500260,Drone Battery 24032500260,Drone Battery,IT1 SP Damoda Drone Battery,1655220,2025-01-30
240407000385,Drone Battery 240407000385,Drone Battery,IT1 SP Damoda Drone Battery,1655220,2025-01-30
240406000032,Drone Battery 240406000032,Drone Battery,IT1 SP Damoda Drone Battery,1655220,2025-01-30
24032800075,Drone Battery 24032800075,Drone Battery,IT1 SP Damoda Drone Battery,1655220,2025-01-30
24032800062,Drone Battery 24032800062,Drone Battery,IT1 SP Damoda Drone Battery,1655220,2025-01-30
24032800379,Drone Battery 24032800379,Drone Battery,IT1 SP Damoda Drone Battery,1655220,2025-01-30
24032800099,Drone Battery 24032800099,Drone Battery,IT1 SP Damoda Drone Battery,1655220,2025-01-30
24032600476,Drone Battery 24032600476,Drone Battery,IT1 SP Damoda Drone Battery,1655220,2025-01-30
24032800241,Drone Battery 24032800241,Drone Battery,IT1 SP Damoda Drone Battery,1655220,2025-01-30
240406000137,Drone Battery 240406000137,Drone Battery,IT1 SP Damoda Drone Battery,1655220,2025-01-30
24032100182,Drone Battery 24032100182,Drone Battery,IT1 SP Damoda Drone Battery,1655220,2025-01-30
24032800351,Drone Battery 24032800351,Drone Battery,IT1 SP Damoda Drone Battery,1655220,2025-01-30
240406000107,Drone Battery 240406000107,Drone Battery,IT1 SP Damoda Drone Battery,1655220,2025-01-30
24032700051,Drone Battery 24032700051,Drone Battery,IT1 SP Damoda Drone Battery,1655220,2025-01-30
24032300300,Drone Battery 24032300300,Drone Battery,IT1 SP Damoda Drone Battery,1655220,2025-01-30
24032500381,Drone Battery 24032500381,Drone Battery,IT1 SP Damoda Drone Battery,1655220,2025-01-30
240406000091,Drone Battery 240406000091,Drone Battery,IT1 SP Damoda Drone Battery,1655220,2025-01-30
24032700058,Drone Battery 24032700058,Drone Battery,IT1 SP Damoda Drone Battery,1655220,2025-01-30
24032800097,Drone Battery 24032800097,Drone Battery,IT1 SP Damoda Drone Battery,1655220,2025-01-30
240409000134,Drone Battery 240409000134,Drone Battery,IT1 SP Damoda Drone Battery,1655220,2025-01-30
240403000189,Drone Battery 240403000189,Drone Battery,IT1 SP Damoda Drone Battery,1655220,2025-01-30
240403000036,Drone Battery 240403000036,Drone Battery,IT1 SP Damoda Drone Battery,1655220,2025-01-30
24032800308,Drone Battery 24032800308,Drone Battery,IT1 SP Damoda Drone Battery,1655220,2025-01-30
24032500025,Drone Battery 24032500025,Drone Battery,IT1 SP Damoda Drone Battery,1655220,2025-01-30
24032800518,Drone Battery 24032800518,Drone Battery,IT1 SP Damoda Drone Battery,1655220,2025-01-30
240406000082,Drone Battery 240406000082,Drone Battery,IT1 SP Damoda Drone Battery,1655220,2025-01-30
240407000646,Drone Battery 240407000646,Drone Battery,IT1 SP Damoda Drone Battery,1655220,2025-01-30
24032500421,Drone Battery 24032500421,Drone Battery,IT1 SP Damoda Drone Battery,1655220,2025-01-30
240415000137,Drone Battery 240415000137,Drone Battery,IT1 SP Damoda Drone Battery,1655220,2025-01-30
24031800137,Drone Battery 24031800137,Drone Battery,IT1 SP Damoda Drone Battery,1655220,2025-01-30
240419000161,Drone Battery 240419000161,Drone Battery,IT1 SP Damoda Drone Battery,1655220,2025-01-30
240406000237,Drone Battery 240406000237,Drone Battery,IT1 SP Damoda Drone Battery,1655220,2025-01-30
24032900200,Drone Battery 24032900200,Drone Battery,IT1 SP Damoda Drone Battery,1655220,2025-01-30
24031100853,Drone Battery 24031100853,Drone Battery,IT1 SP Damoda Drone Battery,1655220,2025-01-30
24032500217,Drone Battery 24032500217,Drone Battery,IT1 SP Damoda Drone Battery,1655220,2025-01-30
240403000382,Drone Battery 240403000382,Drone Battery,IT1 SP Damoda Drone Battery,1655220,2025-01-30
24032200197,Drone Battery 24032200197,Drone Battery,IT1 SP Damoda Drone Battery,1655220,2025-01-30
240425000103,Drone Battery 240425000103,Drone Battery,IT1 SP Damoda Drone Battery,1655220,2025-01-30
240415000072,Drone Battery 240415000072,Drone Battery,IT1 SP Damoda Drone Battery,1655220,2025-01-30
240425000038,Drone Battery 240425000038,Drone Battery,IT1 SP Damoda Drone Battery,1655220,2025-01-30
24032700232,Drone Battery 24032700232,Drone Battery,IT1 SP Damoda Drone Battery,1655220,2025-01-30
24032700016,Drone Battery 24032700016,Drone Battery,IT1 SP Damoda Drone Battery,1655220,2025-01-30
240415000024,Drone Battery 240415000024,Drone Battery,IT1 SP Damoda Drone Battery,1655220,2025-01-30
240407000366,Drone Battery 240407000366,Drone Battery,IT1 SP Damoda Drone Battery,1655220,2025-01-30
240425000020,Drone Battery 240425000020,Drone Battery,IT1 SP Damoda Drone Battery,1655220,2025-01-30
240425000157,Drone Battery 240425000157,Drone Battery,IT1 SP Damoda Drone Battery,1655220,2025-01-30
24032900084,Drone Battery 24032900084,Drone Battery,IT1 SP Damoda Drone Battery,1655220,2025-01-30
240425000152,Drone Battery 240425000152,Drone Battery,IT1 SP Damoda Drone Battery,1655220,2025-01-30
240425000184,Drone Battery 240425000184,Drone Battery,IT1 SP Damoda Drone Battery,1655220,2025-01-30
24032700250,Drone Battery 24032700250,Drone Battery,IT1 SP Damoda Drone Battery,1655220,2025-01-30
240407000470,Drone Battery 240407000470,Drone Battery,IT1 SP Damoda Drone Battery,1655220,2025-01-30
240407000574,Drone Battery 240407000574,Drone Battery,IT1 SP Damoda Drone Battery,1655220,2025-01-30
24031100295,Drone Battery 24031100295,Drone Battery,IT1 SP Damoda Drone Battery,1655220,2025-01-30
240406000547,Drone Battery 240406000547,Drone Battery,IT1 SP Damoda Drone Battery,1655220,2025-01-30
240425000193,Drone Battery 240425000193,Drone Battery,IT1 SP Damoda Drone Battery,1655220,2025-01-30
240406000492,Drone Battery 240406000492,Drone Battery,IT1 SP Damoda Drone Battery,1655220,2025-01-30
24032900125,Drone Battery 24032900125,Drone Battery,IT1 SP Damoda Drone Battery,1655220,2025-01-30
240409000113,Drone Battery 240409000113,Drone Battery,IT1 SP Damoda Drone Battery,1655220,2025-01-30
240425000034,Drone Battery 240425000034,Drone Battery,IT1 SP Damoda Drone Battery,1655220,2025-01-30
24033000247,Drone Battery 24033000247,Drone Battery,IT1 SP Damoda Drone Battery,1655220,2025-01-30
240415000071,Drone Battery 240415000071,Drone Battery,IT1 SP Damoda Drone Battery,1655220,2025-01-30
240425000005,Drone Battery 240425000005,Drone Battery,IT1 SP Damoda Drone Battery,1655220,2025-01-30
24032700221,Drone Battery 24032700221,Drone Battery,IT1 SP Damoda Drone Battery,1655220,2025-01-30
24032700239,Drone Battery 24032700239,Drone Battery,IT1 SP Damoda Drone Battery,1655220,2025-01-30
240406000526,Drone Battery 240406000526,Drone Battery,IT1 SP Damoda Drone Battery,1655220,2025-01-30
240403000499,Drone Battery 240403000499,Drone Battery,IT1 SP Damoda Drone Battery,1655220,2025-01-30
240425000194,Drone Battery 240425000194,Drone Battery,IT1 SP Damoda Drone Battery,1655220,2025-01-30
240409000021,Drone Battery 240409000021,Drone Battery,IT1 SP Damoda Drone Battery,1655220,2025-01-30
24031100693,Drone Battery 24031100693,Drone Battery,IT1 SP Damoda Drone Battery,1655220,2025-01-30
24032800096,Drone Battery 24032800096,Drone Battery,IT1 SP Damoda Drone Battery,1655220,2025-01-30
24033000170,Drone Battery 24033000170,Drone Battery,IT1 SP Damoda Drone Battery,1655220,2025-01-30
240415000295,Drone Battery 240415000295,Drone Battery,IT1 SP Damoda Drone Battery,1655220,2025-01-30
240410000354,Drone Battery 240410000354,Drone Battery,IT1 SP Damoda Drone Battery,1655220,2025-01-30
240425000197,Drone Battery 240425000197,Drone Battery,IT1 SP Damoda Drone Battery,1655220,2025-01-30
240406000293,Drone Battery 240406000293,Drone Battery,IT1 SP Damoda Drone Battery,1655220,2025-01-30
240425000166,Drone Battery 240425000166,Drone Battery,IT1 SP Damoda Drone Battery,1655220,2025-01-30
24032900196,Drone Battery 24032900196,Drone Battery,IT1 SP Damoda Drone Battery,1655220,2025-01-30
240406000096,Drone Battery 240406000096,Drone Battery,IT1 SP Damoda Drone Battery,1655220,2025-01-30
240419000059,Drone Battery 240419000059,Drone Battery,IT1 SP Damoda Drone Battery,1655220,2025-01-30
240403000482,Drone Battery 240403000482,Drone Battery,IT1 SP Damoda Drone Battery,1655220,2025-01-30
240406000678,Drone Battery 240406000678,Drone Battery,IT1 SP Damoda Drone Battery,1655220,2025-01-30
240425000042,Drone Battery 240425000042,Drone Battery,IT1 SP Damoda Drone Battery,1655220,2025-01-30
240415000234,Drone Battery 240415000234,Drone Battery,IT1 SP Damoda Drone Battery,1655220,2025-01-30
24033000026,Drone Battery 24033000026,Drone Battery,IT1 SP Damoda Drone Battery,1655220,2025-01-30
24032600139,Drone Battery 24032600139,Drone Battery,IT1 SP Damoda Drone Battery,1655220,2025-01-30
240425000195,Drone Battery 240425000195,Drone Battery,IT1 SP Damoda Drone Battery,1655220,2025-01-30
24032300118,Drone Battery 24032300118,Drone Battery,IT1 SP Damoda Drone Battery,1655220,2025-01-30
240403000488,Drone Battery 240403000488,Drone Battery,IT1 SP Damoda Drone Battery,1655220,2025-01-30
24032700115,Drone Battery 24032700115,Drone Battery,IT1 SP Damoda Drone Battery,1655220,2025-01-30
240406000010,Drone Battery 240406000010,Drone Battery,IT1 SP Damoda Drone Battery,1655220,2025-01-30
240406000243,Drone Battery 240406000243,Drone Battery,IT1 SP Damoda Drone Battery,1655220,2025-01-30
240403000252,Drone Battery 240403000252,Drone Battery,IT1 SP Damoda Drone Battery,1655220,2025-01-30
240403000458,Drone Battery 240403000458,Drone Battery,IT1 SP Damoda Drone Battery,1655220,2025-01-30
240406000327,Drone Battery 240406000327,Drone Battery,IT1 SP Damoda Drone Battery,1655220,2025-01-30
240425000057,Drone Battery 240425000057,Drone Battery,IT1 SP Damoda Drone Battery,1655220,2025-01-30
24032500266,Drone Battery 24032500266,Drone Battery,IT1 SP Damoda Drone Battery,1655220,2025-01-30
240419000012,Drone Battery 240419000012,Drone Battery,IT1 SP Damoda Drone Battery,1655220,2025-01-30
240406000188,Drone Battery 240406000188,Drone Battery,IT1 SP Damoda Drone Battery,1655220,2025-01-30
240425000049,Drone Battery 240425000049,Drone Battery,IT1 SP Damoda Drone Battery,1655220,2025-01-30
240406000401,Drone Battery 240406000401,Drone Battery,IT1 SP Damoda Drone Battery,1655220,2025-01-30
24032700136,Drone Battery 24032700136,Drone Battery,IT1 SP Damoda Drone Battery,1655220,2025-01-30
240415000148,Drone Battery 240415000148,Drone Battery,IT1 SP Damoda Drone Battery,1655220,2025-01-30
240419000086,Drone Battery 240419000086,Drone Battery,IT1 SP Damoda Drone Battery,1655220,2025-01-30
24033000172,Drone Battery 24033000172,Drone Battery,IT1 SP Damoda Drone Battery,1655220,2025-01-30
240425000162,Drone Battery 240425000162,Drone Battery,IT1 SP Damoda Drone Battery,1655220,2025-01-30
24033000275,Drone Battery 24033000275,Drone Battery,IT1 SP Damoda Drone Battery,1655220,2025-01-30
24032900143,Drone Battery 24032900143,Drone Battery,IT1 SP Damoda Drone Battery,1655220,2025-01-30
240403000221,Drone Battery 240403000221,Drone Battery,IT1 SP Damoda Drone Battery,1655220,2025-01-30
240425000185,Drone Battery 240425000185,Drone Battery,IT1 SP Damoda Drone Battery,1655220,2025-01-30
240403000515,Drone Battery 240403000515,Drone Battery,IT1 SP Damoda Drone Battery,1655220,2025-01-30
240410000053,Drone Battery 240410000053,Drone Battery,IT1 SP Damoda Drone Battery,1655220,2025-01-30
24032900142,Drone Battery 24032900142,Drone Battery,IT1 SP Damoda Drone Battery,1655220,2025-01-30
24032600296,Drone Battery 24032600296,Drone Battery,IT1 SP Damoda Drone Battery,1655220,2025-01-30
240406000190,Drone Battery 240406000190,Drone Battery,IT1 SP Damoda Drone Battery,1655220,2025-01-30
240419000093,Drone Battery 240419000093,Drone Battery,IT1 SP Damoda Drone Battery,1655220,2025-01-30
240409000511,Drone Battery 240409000511,Drone Battery,IT1 SP Damoda Drone Battery,1655220,2025-01-30
24031100417,Drone Battery 24031100417,Drone Battery,IT1 SP Damoda Drone Battery,1655220,2025-01-30
24032600385,Drone Battery 24032600385,Drone Battery,IT1 SP Damoda Drone Battery,1655220,2025-01-30
24032600443,Drone Battery 24032600443,Drone Battery,IT1 SP Damoda Drone Battery,1655220,2025-01-30
240425000083,Drone Battery 240425000083,Drone Battery,IT1 SP Damoda Drone Battery,1655220,2025-01-30
24032700069,Drone Battery 24032700069,Drone Battery,IT1 SP Damoda Drone Battery,1655220,2025-01-30
24031100965,Drone Battery 24031100965,Drone Battery,IT1 SP Damoda Drone Battery,1655220,2025-01-30
240415000232,Drone Battery 240415000232,Drone Battery,IT1 SP Damoda Drone Battery,1655220,2025-01-30
24031101230,Drone Battery 24031101230,Drone Battery,IT1 SP Damoda Drone Battery,1655220,2025-01-30
240409000527,Drone Battery 240409000527,Drone Battery,IT1 SP Damoda Drone Battery,1655220,2025-01-30
240410000050,Drone Battery 240410000050,Drone Battery,IT1 SP Damoda Drone Battery,1655220,2025-01-30
240409000627,Drone Battery 240409000627,Drone Battery,IT1 SP Damoda Drone Battery,1655220,2025-01-30
240407000375,Drone Battery 240407000375,Drone Battery,IT1 SP Damoda Drone Battery,1655220,2025-01-30
240409000228,Drone Battery 240409000228,Drone Battery,IT1 SP Damoda Drone Battery,1655220,2025-01-30
24032000072,Drone Battery 24032000072,Drone Battery,IT1 SP Damoda Drone Battery,1655220,2025-01-30
24032500394,Drone Battery 24032500394,Drone Battery,IT1 SP Damoda Drone Battery,1655220,2025-01-30
24032800035,Drone Battery 24032800035,Drone Battery,IT1 SP Damoda Drone Battery,1655220,2025-01-30
24032700014,Drone Battery 24032700014,Drone Battery,IT1 SP Damoda Drone Battery,1655220,2025-01-30
240415000036,Drone Battery 240415000036,Drone Battery,IT1 SP Damoda Drone Battery,1655220,2025-01-30
24033000224,Drone Battery 24033000224,Drone Battery,IT1 SP Damoda Drone Battery,1655220,2025-01-30
240406000077,Drone Battery 240406000077,Drone Battery,IT1 SP Damoda Drone Battery,1655220,2025-01-30
24032500281,Drone Battery 24032500281,Drone Battery,IT1 SP Damoda Drone Battery,1655220,2025-01-30
24032800116,Drone Battery 24032800116,Drone Battery,IT1 SP Damoda Drone Battery,1655220,2025-01-30
240412000034,Drone Battery 240412000034,Drone Battery,IT1 SP Damoda Drone Battery,1655220,2025-01-30
240419000118,Drone Battery 240419000118,Drone Battery,IT1 SP Damoda Drone Battery,1655220,2025-01-30
24032300235,Drone Battery 24032300235,Drone Battery,IT1 SP Damoda Drone Battery,1655220,2025-01-30
240425000007,Drone Battery 240425000007,Drone Battery,IT1 SP Damoda Drone Battery,1655220,2025-01-30
240419000103,Drone Battery 240419000103,Drone Battery,IT1 SP Damoda Drone Battery,1655220,2025-01-30
24031100613,Drone Battery 24031100613,Drone Battery,IT1 SP Damoda Drone Battery,1655220,2025-01-30
240407000194,Drone Battery 240407000194,Drone Battery,IT1 SP Damoda Drone Battery,1655220,2025-01-30
24032600090,Drone Battery 24032600090,Drone Battery,IT1 SP Damoda Drone Battery,1655220,2025-01-30
24031100099,Drone Battery 24031100099,Drone Battery,IT1 SP Damoda Drone Battery,1655220,2025-01-30
24031100407,Drone Battery 24031100407,Drone Battery,IT1 SP Damoda Drone Battery,1655220,2025-01-30
240419000097,Drone Battery 240419000097,Drone Battery,IT1 SP Damoda Drone Battery,1655220,2025-01-30
24032700261,Drone Battery 24032700261,Drone Battery,IT1 SP Damoda Drone Battery,1655220,2025-01-30
24032900145,Drone Battery 24032900145,Drone Battery,IT1 SP Damoda Drone Battery,1655220,2025-01-30
24032800036,Drone Battery 24032800036,Drone Battery,IT1 SP Damoda Drone Battery,1655220,2025-01-30
240410000383,Drone Battery 240410000383,Drone Battery,IT1 SP Damoda Drone Battery,1655220,2025-01-30
240407000603,Drone Battery 240407000603,Drone Battery,IT1 SP Damoda Drone Battery,1655220,2025-01-30
24031100045,Drone Battery 24031100045,Drone Battery,IT1 SP Damoda Drone Battery,1655220,2025-01-30
240407000619,Drone Battery 240407000619,Drone Battery,IT1 SP Damoda Drone Battery,1655220,2025-01-30
24031101303,Drone Battery 24031101303,Drone Battery,IT1 SP Damoda Drone Battery,1655220,2025-01-30
24032600104,Drone Battery 24032600104,Drone Battery,IT1 SP Damoda Drone Battery,1655220,2025-01-30
240425000022,Drone Battery 240425000022,Drone Battery,IT1 SP Damoda Drone Battery,1655220,2025-01-30
24031100285,Drone Battery 24031100285,Drone Battery,IT1 SP Damoda Drone Battery,1655220,2025-01-30
240415000337,Drone Battery 240415000337,Drone Battery,IT1 SP Damoda Drone Battery,1655220,2025-01-30
240419000084,Drone Battery 240419000084,Drone Battery,IT1 SP Damoda Drone Battery,1655220,2025-01-30
240403000049,Drone Battery 240403000049,Drone Battery,IT1 SP Damoda Drone Battery,1655220,2025-01-30
24032600227,Drone Battery 24032600227,Drone Battery,IT1 SP Damoda Drone Battery,1655220,2025-01-30
24032000023,Drone Battery 24032000023,Drone Battery,IT1 SP Damoda Drone Battery,1655220,2025-01-30
24032800106,Drone Battery 24032800106,Drone Battery,IT1 SP Damoda Drone Battery,1655220,2025-01-30
24032500294,Drone Battery 24032500294,Drone Battery,IT1 SP Damoda Drone Battery,1655220,2025-01-30
24032800526,Drone Battery 24032800526,Drone Battery,IT1 SP Damoda Drone Battery,1655220,2025-01-30
24031100985,Drone Battery 24031100985,Drone Battery,IT1 SP Damoda Drone Battery,1655220,2025-01-30
24031100969,Drone Battery 24031100969,Drone Battery,IT1 SP Damoda Drone Battery,1655220,2025-01-30
24041700037,Drone Battery 24041700037,Drone Battery,IT1 SP Damoda Drone Battery,1655220,2025-01-30
24032800221,Drone Battery 24032800221,Drone Battery,IT1 SP Damoda Drone Battery,1655220,2025-01-30
24031100857,Drone Battery 24031100857,Drone Battery,IT1 SP Damoda Drone Battery,1655220,2025-01-30
24031100237,Drone Battery 24031100237,Drone Battery,IT1 SP Damoda Drone Battery,1655220,2025-01-30
240425000082,Drone Battery 240425000082,Drone Battery,IT1 SP Damoda Drone Battery,1655220,2025-01-30
240425000063,Drone Battery 240425000063,Drone Battery,IT1 SP Damoda Drone Battery,1655220,2025-01-30
24032000033,Drone Battery 24032000033,Drone Battery,IT1 SP Damoda Drone Battery,1655220,2025-01-30
24032500191,Drone Battery 24032500191,Drone Battery,IT1 SP Damoda Drone Battery,1655220,2025-01-30
24041700007,Drone Battery 24041700007,Drone Battery,IT1 SP Damoda Drone Battery,1655220,2025-01-30
240403000218,Drone Battery 240403000218,Drone Battery,IT1 SP Damoda Drone Battery,1655220,2025-01-30
240415000223,Drone Battery 240415000223,Drone Battery,IT1 SP Damoda Drone Battery,1655220,2025-01-30
24032300049,Drone Battery 24032300049,Drone Battery,IT1 SP Damoda Drone Battery,1655220,2025-01-30
24031100913,Drone Battery 24031100913,Drone Battery,IT1 SP Damoda Drone Battery,1655220,2025-01-30
24032600266,Drone Battery 24032600266,Drone Battery,IT1 SP Damoda Drone Battery,1655220,2025-01-30
240409000543,Drone Battery 240409000543,Drone Battery,IT1 SP Damoda Drone Battery,1655220,2025-01-30
24032600292,Drone Battery 24032600292,Drone Battery,IT1 SP Damoda Drone Battery,1655220,2025-01-30
24031100559,Drone Battery 24031100559,Drone Battery,IT1 SP Damoda Drone Battery,1655220,2025-01-30
24032600127,Drone Battery 24032600127,Drone Battery,IT1 SP Damoda Drone Battery,1655220,2025-01-30
24032600285,Drone Battery 24032600285,Drone Battery,IT1 SP Damoda Drone Battery,1655220,2025-01-30
240425000086,Drone Battery 240425000086,Drone Battery,IT1 SP Damoda Drone Battery,1655220,2025-01-30
24032600287,Drone Battery 24032600287,Drone Battery,IT1 SP Damoda Drone Battery,1655220,2025-01-30
240406000513,Drone Battery 240406000513,Drone Battery,IT1 SP Damoda Drone Battery,1655220,2025-01-30
24032600080,Drone Battery 24032600080,Drone Battery,IT1 SP Damoda Drone Battery,1655220,2025-01-30
240410000417,Drone Battery 240410000417,Drone Battery,IT1 SP Damoda Drone Battery,1655220,2025-01-30
240419000152,Drone Battery 240419000152,Drone Battery,IT1 SP Damoda Drone Battery,1655220,2025-01-30
24032800340,Drone Battery 24032800340,Drone Battery,IT1 SP Damoda Drone Battery,1655220,2025-01-30
24032600437,Drone Battery 24032600437,Drone Battery,IT1 SP Damoda Drone Battery,1655220,2025-01-30
24031101226,Drone Battery 24031101226,Drone Battery,IT1 SP Damoda Drone Battery,1655220,2025-01-30
240425000035,Drone Battery 240425000035,Drone Battery,IT1 SP Damoda Drone Battery,1655220,2025-01-30
240409000607,Drone Battery 240409000607,Drone Battery,IT1 SP Damoda Drone Battery,1655220,2025-01-30
240419000164,Drone Battery 240419000164,Drone Battery,IT1 SP Damoda Drone Battery,1655220,2025-01-30
24032000139,Drone Battery 24032000139,Drone Battery,IT1 SP Damoda Drone Battery,1655220,2025-01-30
24032800439,Drone Battery 24032800439,Drone Battery,IT1 SP Damoda Drone Battery,1655220,2025-01-30
240425000019,Drone Battery 240425000019,Drone Battery,IT1 SP Damoda Drone Battery,1655220,2025-01-30
24032700214,Drone Battery 24032700214,Drone Battery,IT1 SP Damoda Drone Battery,1655220,2025-01-30
24032800021,Drone Battery 24032800021,Drone Battery,IT1 SP Damoda Drone Battery,1655220,2025-01-30
240425000074,Drone Battery 240425000074,Drone Battery,IT1 SP Damoda Drone Battery,1655220,2025-01-30
240410000057,Drone Battery 240410000057,Drone Battery,IT1 SP Damoda Drone Battery,1655220,2025-01-30
240419000008,Drone Battery 240419000008,Drone Battery,IT1 SP Damoda Drone Battery,1655220,2025-01-30
24032800469,Drone Battery 24032800469,Drone Battery,IT1 SP Damoda Drone Battery,1655220,2025-01-30
24031100715,Drone Battery 24031100715,Drone Battery,IT1 SP Damoda Drone Battery,1655220,2025-01-30
24041700034,Drone Battery 24041700034,Drone Battery,IT1 SP Damoda Drone Battery,1655220,2025-01-30
24031100757,Drone Battery 24031100757,Drone Battery,IT1 SP Damoda Drone Battery,1655220,2025-01-30
24031100807,Drone Battery 24031100807,Drone Battery,IT1 SP Damoda Drone Battery,1655220,2025-01-30
24031100561,Drone Battery 24031100561,Drone Battery,IT1 SP Damoda Drone Battery,1655220,2025-01-30
240425000101,Drone Battery 240425000101,Drone Battery,IT1 SP Damoda Drone Battery,1655220,2025-01-30
24031100979,Drone Battery 24031100979,Drone Battery,IT1 SP Damoda Drone Battery,1655220,2025-01-30
24032700097,Drone Battery 24032700097,Drone Battery,IT1 SP Damoda Drone Battery,1655220,2025-01-30
24031100983,Drone Battery 24031100983,Drone Battery,IT1 SP Damoda Drone Battery,1655220,2025-01-30
24032800348,Drone Battery 24032800348,Drone Battery,IT1 SP Damoda Drone Battery,1655220,2025-01-30
24032000271,Drone Battery 24032000271,Drone Battery,IT1 SP Damoda Drone Battery,1655220,2025-01-30
240415000051,Drone Battery 240415000051,Drone Battery,IT1 SP Damoda Drone Battery,1655220,2025-01-30
24032000145,Drone Battery 24032000145,Drone Battery,IT1 SP Damoda Drone Battery,1655220,2025-01-30
24032000277,Drone Battery 24032000277,Drone Battery,IT1 SP Damoda Drone Battery,1655220,2025-01-30
240415000235,Drone Battery 240415000235,Drone Battery,IT1 SP Damoda Drone Battery,1655220,2025-01-30
24031100689,Drone Battery 24031100689,Drone Battery,IT1 SP Damoda Drone Battery,1655220,2025-01-30
240419000138,Drone Battery 240419000138,Drone Battery,IT1 SP Damoda Drone Battery,1655220,2025-01-30
240415000225,Drone Battery 240415000225,Drone Battery,IT1 SP Damoda Drone Battery,1655220,2025-01-30
24031101011,Drone Battery 24031101011,Drone Battery,IT1 SP Damoda Drone Battery,1655220,2025-01-30
240409000641,Drone Battery 240409000641,Drone Battery,IT1 SP Damoda Drone Battery,1655220,2025-01-30
24032000276,Drone Battery 24032000276,Drone Battery,IT1 SP Damoda Drone Battery,1655220,2025-01-30
24032500154,Drone Battery 24032500154,Drone Battery,IT1 SP Damoda Drone Battery,1655220,2025-01-30
24032500195,Drone Battery 24032500195,Drone Battery,IT1 SP Damoda Drone Battery,1655220,2025-01-30
240406000471,Drone Battery 240406000471,Drone Battery,IT1 SP Damoda Drone Battery,1655220,2025-01-30
240425000033,Drone Battery 240425000033,Drone Battery,IT1 SP Damoda Drone Battery,1655220,2025-01-30
24031100749,Drone Battery 24031100749,Drone Battery,IT1 SP Damoda Drone Battery,1655220,2025-01-30
24032200003,Drone Battery 24032200003,Drone Battery,IT1 SP Damoda Drone Battery,1655220,2025-01-30
24032500388,Drone Battery 24032500388,Drone Battery,IT1 SP Damoda Drone Battery,1655220,2025-01-30
24041700048,Drone Battery 24041700048,Drone Battery,IT1 SP Damoda Drone Battery,1655220,2025-01-30
24032600109,Drone Battery 24032600109,Drone Battery,IT1 SP Damoda Drone Battery,1655220,2025-01-30
24032600027,Drone Battery 24032600027,Drone Battery,IT1 SP Damoda Drone Battery,1655220,2025-01-30
24032900178,Drone Battery 24032900178,Drone Battery,IT1 SP Damoda Drone Battery,1655220,2025-01-30
240415000320,Drone Battery 240415000320,Drone Battery,IT1 SP Damoda Drone Battery,1655220,2025-01-30
240410000044,Drone Battery 240410000044,Drone Battery,IT1 SP Damoda Drone Battery,1655220,2025-01-30
240409000206,Drone Battery 240409000206,Drone Battery,IT1 SP Damoda Drone Battery,1655220,2025-01-30
24031100223,Drone Battery 24031100223,Drone Battery,IT1 SP Damoda Drone Battery,1655220,2025-01-30
240415000324,Drone Battery 240415000324,Drone Battery,IT1 SP Damoda Drone Battery,1655220,2025-01-30
240406000306,Drone Battery 240406000306,Drone Battery,IT1 SP Damoda Drone Battery,1655220,2025-01-30
24032100199,Drone Battery 24032100199,Drone Battery,IT1 SP Damoda Drone Battery,1655220,2025-01-30
240406000503,Drone Battery 240406000503,Drone Battery,IT1 SP Damoda Drone Battery,1655220,2025-01-30
240406000113,Drone Battery 240406000113,Drone Battery,IT1 SP Damoda Drone Battery,1655220,2025-01-30
24032800070,Drone Battery 24032800070,Drone Battery,IT1 SP Damoda Drone Battery,1655220,2025-01-30
240403000186,Drone Battery 240403000186,Drone Battery,IT1 SP Damoda Drone Battery,1655220,2025-01-30
24041700019,Drone Battery 24041700019,Drone Battery,IT1 SP Damoda Drone Battery,1655220,2025-01-30
24032600165,Drone Battery 24032600165,Drone Battery,IT1 SP Damoda Drone Battery,1655220,2025-01-30
24032700171,Drone Battery 24032700171,Drone Battery,IT1 SP Damoda Drone Battery,1655220,2025-01-30
240406000340,Drone Battery 240406000340,Drone Battery,IT1 SP Damoda Drone Battery,1655220,2025-01-30
240409000503,Drone Battery 240409000503,Drone Battery,IT1 SP Damoda Drone Battery,1655220,2025-01-30
24032800444,Drone Battery 24032800444,Drone Battery,IT1 SP Damoda Drone Battery,1655220,2025-01-30
24033000243,Drone Battery 24033000243,Drone Battery,IT1 SP Damoda Drone Battery,1655220,2025-01-30
24032800239,Drone Battery 24032800239,Drone Battery,IT1 SP Damoda Drone Battery,1655220,2025-01-30
24041700027,Drone Battery 24041700027,Drone Battery,IT1 SP Damoda Drone Battery,1655220,2025-01-30
240409000016,Drone Battery 240409000016,Drone Battery,IT1 SP Damoda Drone Battery,1655220,2025-01-30
24031100583,Drone Battery 24031100583,Drone Battery,IT1 SP Damoda Drone Battery,1655220,2025-01-30
24032600078,Drone Battery 24032600078,Drone Battery,IT1 SP Damoda Drone Battery,1655220,2025-01-30
240415000258,Drone Battery 240415000258,Drone Battery,IT1 SP Damoda Drone Battery,1655220,2025-01-30
24041700011,Drone Battery 24041700011,Drone Battery,IT1 SP Damoda Drone Battery,1655220,2025-01-30
24032600089,Drone Battery 24032600089,Drone Battery,IT1 SP Damoda Drone Battery,1655220,2025-01-30
240415000100,Drone Battery 240415000100,Drone Battery,IT1 SP Damoda Drone Battery,1655220,2025-01-30
240410000346,Drone Battery 240410000346,Drone Battery,IT1 SP Damoda Drone Battery,1655220,2025-01-30
24032800428,Drone Battery 24032800428,Drone Battery,IT1 SP Damoda Drone Battery,1655220,2025-01-30
24032700052,Drone Battery 24032700052,Drone Battery,IT1 SP Damoda Drone Battery,1655220,2025-01-30
24032800249,Drone Battery 24032800249,Drone Battery,IT1 SP Damoda Drone Battery,1655220,2025-01-30
24033000197,Drone Battery 24033000197,Drone Battery,IT1 SP Damoda Drone Battery,1655220,2025-01-30
24032300289,Drone Battery 24032300289,Drone Battery,IT1 SP Damoda Drone Battery,1655220,2025-01-30
24032600077,Drone Battery 24032600077,Drone Battery,IT1 SP Damoda Drone Battery,1655220,2025-01-30
24032800346,Drone Battery 24032800346,Drone Battery,IT1 SP Damoda Drone Battery,1655220,2025-01-30
24032600083,Drone Battery 24032600083,Drone Battery,IT1 SP Damoda Drone Battery,1655220,2025-01-30
24033000043,Drone Battery 24033000043,Drone Battery,IT1 SP Damoda Drone Battery,1655220,2025-01-30
24032300054,Drone Battery 24032300054,Drone Battery,IT1 SP Damoda Drone Battery,1655220,2025-01-30
24032500240,Drone Battery 24032500240,Drone Battery,IT1 SP Damoda Drone Battery,1655220,2025-01-30
24033000126,Drone Battery 24033000126,Drone Battery,IT1 SP Damoda Drone Battery,1655220,2025-01-30
24033000025,Drone Battery 24033000025,Drone Battery,IT1 SP Damoda Drone Battery,1655220,2025-01-30
24032000115,Drone Battery 24032000115,Drone Battery,IT1 SP Damoda Drone Battery,1655220,2025-01-30
24032900074,Drone Battery 24032900074,Drone Battery,IT1 SP Damoda Drone Battery,1655220,2025-01-30
24032800142,Drone Battery 24032800142,Drone Battery,IT1 SP Damoda Drone Battery,1655220,2025-01-30
240406000273,Drone Battery 240406000273,Drone Battery,IT1 SP Damoda Drone Battery,1655220,2025-01-30
24032900064,Drone Battery 24032900064,Drone Battery,IT1 SP Damoda Drone Battery,1655220,2025-01-30
240406000657,Drone Battery 240406000657,Drone Battery,IT1 SP Damoda Drone Battery,1655220,2025-01-30
240412000347,Drone Battery 240412000347,Drone Battery,IT1 SP Damoda Drone Battery,1655220,2025-01-30
24032500112,Drone Battery 24032500112,Drone Battery,IT1 SP Damoda Drone Battery,1655220,2025-01-30
24033000060,Drone Battery 24033000060,Drone Battery,IT1 SP Damoda Drone Battery,1655220,2025-01-30
24032500128,Drone Battery 24032500128,Drone Battery,IT1 SP Damoda Drone Battery,1655220,2025-01-30
24033000169,Drone Battery 24033000169,Drone Battery,IT1 SP Damoda Drone Battery,1655220,2025-01-30
24032600179,Drone Battery 24032600179,Drone Battery,IT1 SP Damoda Drone Battery,1655220,2025-01-30
24032900017,Drone Battery 24032900017,Drone Battery,IT1 SP Damoda Drone Battery,1655220,2025-01-30
24031100269,Drone Battery 24031100269,Drone Battery,IT1 SP Damoda Drone Battery,1655220,2025-01-30
24032600409,Drone Battery 24032600409,Drone Battery,IT1 SP Damoda Drone Battery,1655220,2025-01-30
240403000514,Drone Battery 240403000514,Drone Battery,IT1 SP Damoda Drone Battery,1655220,2025-01-30
24032600434,Drone Battery 24032600434,Drone Battery,IT1 SP Damoda Drone Battery,1655220,2025-01-30
240415000054,Drone Battery 240415000054,Drone Battery,IT1 SP Damoda Drone Battery,1655220,2025-01-30
240403000117,Drone Battery 240403000117,Drone Battery,IT1 SP Damoda Drone Battery,1655220,2025-01-30
24032800252,Drone Battery 24032800252,Drone Battery,IT1 SP Damoda Drone Battery,1655220,2025-01-30
240415000236,Drone Battery 240415000236,Drone Battery,IT1 SP Damoda Drone Battery,1655220,2025-01-30
24032800341,Drone Battery 24032800341,Drone Battery,IT1 SP Damoda Drone Battery,1655220,2025-01-30
240406000183,Drone Battery 240406000183,Drone Battery,IT1 SP Damoda Drone Battery,1655220,2025-01-30
24031101262,Drone Battery 24031101262,Drone Battery,IT1 SP Damoda Drone Battery,1655220,2025-01-30
24031100273,Drone Battery 24031100273,Drone Battery,IT1 SP Damoda Drone Battery,1655220,2025-01-30
24032500231,Drone Battery 24032500231,Drone Battery,IT1 SP Damoda Drone Battery,1655220,2025-01-30
240403000326,Drone Battery 240403000326,Drone Battery,IT1 SP Damoda Drone Battery,1655220,2025-01-30
24031400087,Drone Battery 24031400087,Drone Battery,IT1 SP Damoda Drone Battery,1655220,2025-01-30
240406000240,Drone Battery 240406000240,Drone Battery,IT1 SP Damoda Drone Battery,1655220,2025-01-30
24032500051,Drone Battery 24032500051,Drone Battery,IT1 SP Damoda Drone Battery,1655220,2025-01-30
240409000120,Drone Battery 240409000120,Drone Battery,IT1 SP Damoda Drone Battery,1655220,2025-01-30
240412000195,Drone Battery 240412000195,Drone Battery,IT1 SP Damoda Drone Battery,1655220,2025-01-30
240415000032,Drone Battery 240415000032,Drone Battery,IT1 SP Damoda Drone Battery,1655220,2025-01-30
24032800240,Drone Battery 24032800240,Drone Battery,IT1 SP Damoda Drone Battery,1655220,2025-01-30
24032600185,Drone Battery 24032600185,Drone Battery,IT1 SP Damoda Drone Battery,1655220,2025-01-30
240425000006,Drone Battery 240425000006,Drone Battery,IT1 SP Damoda Drone Battery,1655220,2025-01-30
24032800432,Drone Battery 24032800432,Drone Battery,IT1 SP Damoda Drone Battery,1655220,2025-01-30
240406000270,Drone Battery 240406000270,Drone Battery,IT1 SP Damoda Drone Battery,1655220,2025-01-30
24032800120,Drone Battery 24032800120,Drone Battery,IT1 SP Damoda Drone Battery,1655220,2025-01-30
240415000010,Drone Battery 240415000010,Drone Battery,IT1 SP Damoda Drone Battery,1655220,2025-01-30
24032900139,Drone Battery 24032900139,Drone Battery,IT1 SP Damoda Drone Battery,1655220,2025-01-30
24033000130,Drone Battery 24033000130,Drone Battery,IT1 SP Damoda Drone Battery,1655220,2025-01-30
240415000017,Drone Battery 240415000017,Drone Battery,IT1 SP Damoda Drone Battery,1655220,2025-01-30
24032700223,Drone Battery 24032700223,Drone Battery,IT1 SP Damoda Drone Battery,1655220,2025-01-30
24032500161,Drone Battery 24032500161,Drone Battery,IT1 SP Damoda Drone Battery,1655220,2025-01-30
240412000274,Drone Battery 240412000274,Drone Battery,IT1 SP Damoda Drone Battery,1655220,2025-01-30
24033000037,Drone Battery 24033000037,Drone Battery,IT1 SP Damoda Drone Battery,1655220,2025-01-30
24032500173,Drone Battery 24032500173,Drone Battery,IT1 SP Damoda Drone Battery,1655220,2025-01-30
240409000532,Drone Battery 240409000532,Drone Battery,IT1 SP Damoda Drone Battery,1655220,2025-01-30
240425000240,Drone Battery 240425000240,Drone Battery,IT1 SP Damoda Drone Battery,1655220,2025-01-30
24031100893,Drone Battery 24031100893,Drone Battery,IT1 SP Damoda Drone Battery,1655220,2025-01-30
24032500209,Drone Battery 24032500209,Drone Battery,IT1 SP Damoda Drone Battery,1655220,2025-01-30
24032500328,Drone Battery 24032500328,Drone Battery,IT1 SP Damoda Drone Battery,1655220,2025-01-30
24032500135,Drone Battery 24032500135,Drone Battery,IT1 SP Damoda Drone Battery,1655220,2025-01-30
24032200207,Drone Battery 24032200207,Drone Battery,IT1 SP Damoda Drone Battery,1655220,2025-01-30
24032800405,Drone Battery 24032800405,Drone Battery,IT1 SP Damoda Drone Battery,1655220,2025-01-30
240415000112,Drone Battery 240415000112,Drone Battery,IT1 SP Damoda Drone Battery,1655220,2025-01-30
24032500286,Drone Battery 24032500286,Drone Battery,IT1 SP Damoda Drone Battery,1655220,2025-01-30
240403000540,Drone Battery 240403000540,Drone Battery,IT1 SP Damoda Drone Battery,1655220,2025-01-30
24032500361,Drone Battery 24032500361,Drone Battery,IT1 SP Damoda Drone Battery,1655220,2025-01-30
240415000315,Drone Battery 240415000315,Drone Battery,IT1 SP Damoda Drone Battery,1655220,2025-01-30
24032800259,Drone Battery 24032800259,Drone Battery,IT1 SP Damoda Drone Battery,1655220,2025-01-30
24041700017,Drone Battery 24041700017,Drone Battery,IT1 SP Damoda Drone Battery,1655220,2025-01-30
24032200159,Drone Battery 24032200159,Drone Battery,IT1 SP Damoda Drone Battery,1655220,2025-01-30
240425000097,Drone Battery 240425000097,Drone Battery,IT1 SP Damoda Drone Battery,1655220,2025-01-30
24041700020,Drone Battery 24041700020,Drone Battery,IT1 SP Damoda Drone Battery,1655220,2025-01-30
240403000121,Drone Battery 240403000121,Drone Battery,IT1 SP Damoda Drone Battery,1655220,2025-01-30
240407000417,Drone Battery 240407000417,Drone Battery,IT1 SP Damoda Drone Battery,1655220,2025-01-30
24031100581,Drone Battery 24031100581,Drone Battery,IT1 SP Damoda Drone Battery,1655220,2025-01-30
240425000046,Drone Battery 240425000046,Drone Battery,IT1 SP Damoda Drone Battery,1655220,2025-01-30
240425000200,Drone Battery 240425000200,Drone Battery,IT1 SP Damoda Drone Battery,1655220,2025-01-30
24032800030,Drone Battery 24032800030,Drone Battery,IT1 SP Damoda Drone Battery,1655220,2025-01-30
24032800385,Drone Battery 24032800385,Drone Battery,IT1 SP Damoda Drone Battery,1655220,2025-01-30
24041700009,Drone Battery 24041700009,Drone Battery,IT1 SP Damoda Drone Battery,1655220,2025-01-30
240406000020,Drone Battery 240406000020,Drone Battery,IT1 SP Damoda Drone Battery,1655220,2025-01-30
24031100613,Drone Battery 24031100613,Drone Battery,IT1 SP Damoda Drone Battery,1655220,2025-01-30
24032800243,Drone Battery 24032800243,Drone Battery,IT1 SP Damoda Drone Battery,1655220,2025-01-30
24031100147,Drone Battery 24031100147,Drone Battery,IT1 SP Damoda Drone Battery,1655220,2025-01-30
24032800139,Drone Battery 24032800139,Drone Battery,IT1 SP Damoda Drone Battery,1655220,2025-01-30
240419000153,Drone Battery 240419000153,Drone Battery,IT1 SP Damoda Drone Battery,1655220,2025-01-30
240409000148,Drone Battery 240409000148,Drone Battery,IT1 SP Damoda Drone Battery,1655220,2025-01-30
24041700022,Drone Battery 24041700022,Drone Battery,IT1 SP Damoda Drone Battery,1655220,2025-01-30
24032600052,Drone Battery 24032600052,Drone Battery,IT1 SP Damoda Drone Battery,1655220,2025-01-30
24032600097,Drone Battery 24032600097,Drone Battery,IT1 SP Damoda Drone Battery,1655220,2025-01-30
240425000146,Drone Battery 240425000146,Drone Battery,IT1 SP Damoda Drone Battery,1655220,2025-01-30
240407000374,Drone Battery 240407000374,Drone Battery,IT1 SP Damoda Drone Battery,1655220,2025-01-30
240415000196,Drone Battery 240415000196,Drone Battery,IT1 SP Damoda Drone Battery,1655220,2025-01-30
240425000163,Drone Battery 240425000163,Drone Battery,IT1 SP Damoda Drone Battery,1655220,2025-01-30
240409000107,Drone Battery 240409000107,Drone Battery,IT1 SP Damoda Drone Battery,1655220,2025-01-30
240425000164,Drone Battery 240425000164,Drone Battery,IT1 SP Damoda Drone Battery,1655220,2025-01-30
24031100695,Drone Battery 24031100695,Drone Battery,IT1 SP Damoda Drone Battery,1655220,2025-01-30
240409000190,Drone Battery 240409000190,Drone Battery,IT1 SP Damoda Drone Battery,1655220,2025-01-30
24041700038,Drone Battery 24041700038,Drone Battery,IT1 SP Damoda Drone Battery,1655220,2025-01-30
24032600215,Drone Battery 24032600215,Drone Battery,IT1 SP Damoda Drone Battery,1655220,2025-01-30
240406000472,Drone Battery 240406000472,Drone Battery,IT1 SP Damoda Drone Battery,1655220,2025-01-30
24032600294,Drone Battery 24032600294,Drone Battery,IT1 SP Damoda Drone Battery,1655220,2025-01-30
24032500131,Drone Battery 24032500131,Drone Battery,IT1 SP Damoda Drone Battery,1655220,2025-01-30
240406000138,Drone Battery 240406000138,Drone Battery,IT1 SP Damoda Drone Battery,1655220,2025-01-30
24032700217,Drone Battery 24032700217,Drone Battery,IT1 SP Damoda Drone Battery,1655220,2025-01-30
240406000638,Drone Battery 240406000638,Drone Battery,IT1 SP Damoda Drone Battery,1655220,2025-01-30
24032500221,Drone Battery 24032500221,Drone Battery,IT1 SP Damoda Drone Battery,1655220,2025-01-30
240415000326,Drone Battery 240415000326,Drone Battery,IT1 SP Damoda Drone Battery,1655220,2025-01-30
24032500011,Drone Battery 24032500011,Drone Battery,IT1 SP Damoda Drone Battery,1655220,2025-01-30
24032800122,Drone Battery 24032800122,Drone Battery,IT1 SP Damoda Drone Battery,1655220,2025-01-30
24032800109,Drone Battery 24032800109,Drone Battery,IT1 SP Damoda Drone Battery,1655220,2025-01-30
24032800515,Drone Battery 24032800515,Drone Battery,IT1 SP Damoda Drone Battery,1655220,2025-01-30
240412000064,Drone Battery 240412000064,Drone Battery,IT1 SP Damoda Drone Battery,1655220,2025-01-30
24032700007,Drone Battery 24032700007,Drone Battery,IT1 SP Damoda Drone Battery,1655220,2025-01-30
240425000170,Drone Battery 240425000170,Drone Battery,IT1 SP Damoda Drone Battery,1655220,2025-01-30
24032500004,Drone Battery 24032500004,Drone Battery,IT1 SP Damoda Drone Battery,1655220,2025-01-30
240425000174,Drone Battery 240425000174,Drone Battery,IT1 SP Damoda Drone Battery,1655220,2025-01-30
24032800027,Drone Battery 24032800027,Drone Battery,IT1 SP Damoda Drone Battery,1655220,2025-01-30
240406000280,Drone Battery 240406000280,Drone Battery,IT1 SP Damoda Drone Battery,1655220,2025-01-30
24032700206,Drone Battery 24032700206,Drone Battery,IT1 SP Damoda Drone Battery,1655220,2025-01-30
240415000087,Drone Battery 240415000087,Drone Battery,IT1 SP Damoda Drone Battery,1655220,2025-01-30
24041700010,Drone Battery 24041700010,Drone Battery,IT1 SP Damoda Drone Battery,1655220,2025-01-30
240409000646,Drone Battery 240409000646,Drone Battery,IT1 SP Damoda Drone Battery,1655220,2025-01-30
24032800407,Drone Battery 24032800407,Drone Battery,IT1 SP Damoda Drone Battery,1655220,2025-01-30
24041700015,Drone Battery 24041700015,Drone Battery,IT1 SP Damoda Drone Battery,1655220,2025-01-30
240425000092,Drone Battery 240425000092,Drone Battery,IT1 SP Damoda Drone Battery,1655220,2025-01-30
240415000020,Drone Battery 240415000020,Drone Battery,IT1 SP Damoda Drone Battery,1655220,2025-01-30
240409000146,Drone Battery 240409000146,Drone Battery,IT1 SP Damoda Drone Battery,1655220,2025-01-30
24032800094,Drone Battery 24032800094,Drone Battery,IT1 SP Damoda Drone Battery,1655220,2025-01-30
240425000191,Drone Battery 240425000191,Drone Battery,IT1 SP Damoda Drone Battery,1655220,2025-01-30
240425000178,Drone Battery 240425000178,Drone Battery,IT1 SP Damoda Drone Battery,1655220,2025-01-30
24032700083,Drone Battery 24032700083,Drone Battery,IT1 SP Damoda Drone Battery,1655220,2025-01-30
24032600150,Drone Battery 24032600150,Drone Battery,IT1 SP Damoda Drone Battery,1655220,2025-01-30
240425000219,Drone Battery 240425000219,Drone Battery,IT1 SP Damoda Drone Battery,1655220,2025-01-30
24032700029,Drone Battery 24032700029,Drone Battery,IT1 SP Damoda Drone Battery,1655220,2025-01-30
24032600064,Drone Battery 24032600064,Drone Battery,IT1 SP Damoda Drone Battery,1655220,2025-01-30
240415000042,Drone Battery 240415000042,Drone Battery,IT1 SP Damoda Drone Battery,1655220,2025-01-30
240415000168,Drone Battery 240415000168,Drone Battery,IT1 SP Damoda Drone Battery,1655220,2025-01-30
24032500299,Drone Battery 24032500299,Drone Battery,IT1 SP Damoda Drone Battery,1655220,2025-01-30
24032700135,Drone Battery 24032700135,Drone Battery,IT1 SP Damoda Drone Battery,1655220,2025-01-30
24032800318,Drone Battery 24032800318,Drone Battery,IT1 SP Damoda Drone Battery,1655220,2025-01-30
24032000027,Drone Battery 24032000027,Drone Battery,IT1 SP Damoda Drone Battery,1655220,2025-01-30
240427000011,Drone Battery 240427000011,Drone Battery,IT1 SP Damoda Drone Battery,1655220,2025-01-30
24032800255,Drone Battery 24032800255,Drone Battery,IT1 SP Damoda Drone Battery,1655220,2025-01-30
24032600417,Drone Battery 24032600417,Drone Battery,IT1 SP Damoda Drone Battery,1655220,2025-01-30
240410000416,Drone Battery 240410000416,Drone Battery,IT1 SP Damoda Drone Battery,1655220,2025-01-30
240410000258,Drone Battery 240410000258,Drone Battery,IT1 SP Damoda Drone Battery,1655220,2025-01-30
24041700045,Drone Battery 24041700045,Drone Battery,IT1 SP Damoda Drone Battery,1655220,2025-01-30
240412000212,Drone Battery 240412000212,Drone Battery,IT1 SP Damoda Drone Battery,1655220,2025-01-30
24032700034,Drone Battery 24032700034,Drone Battery,IT1 SP Damoda Drone Battery,1655220,2025-01-30
24032700056,Drone Battery 24032700056,Drone Battery,IT1 SP Damoda Drone Battery,1655220,2025-01-30
240427000012,Drone Battery 240427000012,Drone Battery,IT1 SP Damoda Drone Battery,1655220,2025-01-30
240406000670,Drone Battery 240406000670,Drone Battery,IT1 SP Damoda Drone Battery,1655220,2025-01-30
W31-20240517-1165,Drone DMD W31-20240517-1165,Drone DMD 1,IT1 Damoda Drone DMD-M400W-V3,15094132,2025-01-30
W31-20240517-1166,Drone DMD W31-20240517-1166,Drone DMD 1,IT1 Damoda Drone DMD-M400W-V3,15094132,2025-01-30
W31-20240517-1167,Drone DMD W31-20240517-1167,Drone DMD 1,IT1 Damoda Drone DMD-M400W-V3,15094132,2025-01-30
W31-20240517-1168,Drone DMD W31-20240517-1168,Drone DMD 1,IT1 Damoda Drone DMD-M400W-V3,15094132,2025-01-30
W31-20240517-1169,Drone DMD W31-20240517-1169,Drone DMD 1,IT1 Damoda Drone DMD-M400W-V3,15094132,2025-01-30
W31-20240517-1170,Drone DMD W31-20240517-1170,Drone DMD 1,IT1 Damoda Drone DMD-M400W-V3,15094132,2025-01-30
W31-20240517-1171,Drone DMD W31-20240517-1171,Drone DMD 1,IT1 Damoda Drone DMD-M400W-V3,15094132,2025-01-30
W31-20240517-1172,Drone DMD W31-20240517-1172,Drone DMD 1,IT1 Damoda Drone DMD-M400W-V3,15094132,2025-01-30
W31-20240517-1173,Drone DMD W31-20240517-1173,Drone DMD 1,IT1 Damoda Drone DMD-M400W-V3,15094132,2025-01-30
W31-20240517-1174,Drone DMD W31-20240517-1174,Drone DMD 1,IT1 Damoda Drone DMD-M400W-V3,15094132,2025-01-30
W31-20240517-1175,Drone DMD W31-20240517-1175,Drone DMD 1,IT1 Damoda Drone DMD-M400W-V3,15094132,2025-01-30
W31-20240517-1176,Drone DMD W31-20240517-1176,Drone DMD 1,IT1 Damoda Drone DMD-M400W-V3,15094132,2025-01-30
W31-20240517-1177,Drone DMD W31-20240517-1177,Drone DMD 1,IT1 Damoda Drone DMD-M400W-V3,15094132,2025-01-30
W31-20240517-1178,Drone DMD W31-20240517-1178,Drone DMD 1,IT1 Damoda Drone DMD-M400W-V3,15094132,2025-01-30
W31-20240517-1179,Drone DMD W31-20240517-1179,Drone DMD 1,IT1 Damoda Drone DMD-M400W-V3,15094132,2025-01-30
W31-20240517-1180,Drone DMD W31-20240517-1180,Drone DMD 1,IT1 Damoda Drone DMD-M400W-V3,15094132,2025-01-30
W31-20240517-1181,Drone DMD W31-20240517-1181,Drone DMD 1,IT1 Damoda Drone DMD-M400W-V3,15094132,2025-01-30
W31-20240517-1182,Drone DMD W31-20240517-1182,Drone DMD 1,IT1 Damoda Drone DMD-M400W-V3,15094132,2025-01-30
W31-20240517-1183,Drone DMD W31-20240517-1183,Drone DMD 1,IT1 Damoda Drone DMD-M400W-V3,15094132,2025-01-30
W31-20240517-1184,Drone DMD W31-20240517-1184,Drone DMD 1,IT1 Damoda Drone DMD-M400W-V3,15094132,2025-01-30
W31-20240517-1185,Drone DMD W31-20240517-1185,Drone DMD 1,IT1 Damoda Drone DMD-M400W-V3,15094132,2025-01-30
W31-20240517-1186,Drone DMD W31-20240517-1186,Drone DMD 1,IT1 Damoda Drone DMD-M400W-V3,15094132,2025-01-30
W31-20240517-1187,Drone DMD W31-20240517-1187,Drone DMD 1,IT1 Damoda Drone DMD-M400W-V3,15094132,2025-01-30
W31-20240517-1188,Drone DMD W31-20240517-1188,Drone DMD 1,IT1 Damoda Drone DMD-M400W-V3,15094132,2025-01-30
W31-20240517-1189,Drone DMD W31-20240517-1189,Drone DMD 1,IT1 Damoda Drone DMD-M400W-V3,15094132,2025-01-30
W31-20240517-1190,Drone DMD W31-20240517-1190,Drone DMD 1,IT1 Damoda Drone DMD-M400W-V3,15094132,2025-01-30
W31-20240517-1191,Drone DMD W31-20240517-1191,Drone DMD 1,IT1 Damoda Drone DMD-M400W-V3,15094132,2025-01-30
W31-20240517-1192,Drone DMD W31-20240517-1192,Drone DMD 1,IT1 Damoda Drone DMD-M400W-V3,15094132,2025-01-30
W31-20240517-1193,Drone DMD W31-20240517-1193,Drone DMD 1,IT1 Damoda Drone DMD-M400W-V3,15094132,2025-01-30
W31-20240517-1194,Drone DMD W31-20240517-1194,Drone DMD 1,IT1 Damoda Drone DMD-M400W-V3,15094132,2025-01-30
W31-20240517-1195,Drone DMD W31-20240517-1195,Drone DMD 1,IT1 Damoda Drone DMD-M400W-V3,15094132,2025-01-30
W31-20240517-1196,Drone DMD W31-20240517-1196,Drone DMD 1,IT1 Damoda Drone DMD-M400W-V3,15094132,2025-01-30
W31-20240517-1197,Drone DMD W31-20240517-1197,Drone DMD 1,IT1 Damoda Drone DMD-M400W-V3,15094132,2025-01-30
W31-20240517-1198,Drone DMD W31-20240517-1198,Drone DMD 1,IT1 Damoda Drone DMD-M400W-V3,15094132,2025-01-30
W31-20240517-1199,Drone DMD W31-20240517-1199,Drone DMD 1,IT1 Damoda Drone DMD-M400W-V3,15094132,2025-01-30
W31-20240517-1200,Drone DMD W31-20240517-1200,Drone DMD 1,IT1 Damoda Drone DMD-M400W-V3,15094132,2025-01-30
W31-20240517-1201,Drone DMD W31-20240517-1201,Drone DMD 1,IT1 Damoda Drone DMD-M400W-V3,15094132,2025-01-30
W31-20240517-1202,Drone DMD W31-20240517-1202,Drone DMD 1,IT1 Damoda Drone DMD-M400W-V3,15094132,2025-01-30
W31-20240517-1203,Drone DMD W31-20240517-1203,Drone DMD 1,IT1 Damoda Drone DMD-M400W-V3,15094132,2025-01-30
W31-20240517-1204,Drone DMD W31-20240517-1204,Drone DMD 1,IT1 Damoda Drone DMD-M400W-V3,15094132,2025-01-30
W31-20240517-1205,Drone DMD W31-20240517-1205,Drone DMD 1,IT1 Damoda Drone DMD-M400W-V3,15094132,2025-01-30
W31-20240517-1206,Drone DMD W31-20240517-1206,Drone DMD 1,IT1 Damoda Drone DMD-M400W-V3,15094132,2025-01-30
W31-20240517-1207,Drone DMD W31-20240517-1207,Drone DMD 1,IT1 Damoda Drone DMD-M400W-V3,15094132,2025-01-30
W31-20240517-1208,Drone DMD W31-20240517-1208,Drone DMD 1,IT1 Damoda Drone DMD-M400W-V3,15094132,2025-01-30
W31-20240517-1209,Drone DMD W31-20240517-1209,Drone DMD 1,IT1 Damoda Drone DMD-M400W-V3,15094132,2025-01-30
W31-20240517-1210,Drone DMD W31-20240517-1210,Drone DMD 1,IT1 Damoda Drone DMD-M400W-V3,15094132,2025-01-30
W31-20240517-1211,Drone DMD W31-20240517-1211,Drone DMD 1,IT1 Damoda Drone DMD-M400W-V3,15094132,2025-01-30
W31-20240517-1212,Drone DMD W31-20240517-1212,Drone DMD 1,IT1 Damoda Drone DMD-M400W-V3,15094132,2025-01-30
W31-20240517-1213,Drone DMD W31-20240517-1213,Drone DMD 1,IT1 Damoda Drone DMD-M400W-V3,15094132,2025-01-30
W31-20240517-1214,Drone DMD W31-20240517-1214,Drone DMD 1,IT1 Damoda Drone DMD-M400W-V3,15094132,2025-01-30
W31-20240517-1215,Drone DMD W31-20240517-1215,Drone DMD 1,IT1 Damoda Drone DMD-M400W-V3,15094132,2025-01-30
W31-20240517-1216,Drone DMD W31-20240517-1216,Drone DMD 1,IT1 Damoda Drone DMD-M400W-V3,15094132,2025-01-30
W31-20240517-1217,Drone DMD W31-20240517-1217,Drone DMD 1,IT1 Damoda Drone DMD-M400W-V3,15094132,2025-01-30
W31-20240517-1218,Drone DMD W31-20240517-1218,Drone DMD 1,IT1 Damoda Drone DMD-M400W-V3,15094132,2025-01-30
W31-20240517-1219,Drone DMD W31-20240517-1219,Drone DMD 1,IT1 Damoda Drone DMD-M400W-V3,15094132,2025-01-30
W31-20240517-1220,Drone DMD W31-20240517-1220,Drone DMD 1,IT1 Damoda Drone DMD-M400W-V3,15094132,2025-01-30
W31-20240517-1221,Drone DMD W31-20240517-1221,Drone DMD 1,IT1 Damoda Drone DMD-M400W-V3,15094132,2025-01-30
W31-20240517-1222,Drone DMD W31-20240517-1222,Drone DMD 1,IT1 Damoda Drone DMD-M400W-V3,15094132,2025-01-30
W31-20240517-1223,Drone DMD W31-20240517-1223,Drone DMD 1,IT1 Damoda Drone DMD-M400W-V3,15094132,2025-01-30
W31-20240517-1224,Drone DMD W31-20240517-1224,Drone DMD 1,IT1 Damoda Drone DMD-M400W-V3,15094132,2025-01-30
W31-20240517-1225,Drone DMD W31-20240517-1225,Drone DMD 1,IT1 Damoda Drone DMD-M400W-V3,15094132,2025-01-30
W31-20240517-1226,Drone DMD W31-20240517-1226,Drone DMD 1,IT1 Damoda Drone DMD-M400W-V3,15094132,2025-01-30
W31-20240517-1227,Drone DMD W31-20240517-1227,Drone DMD 1,IT1 Damoda Drone DMD-M400W-V3,15094132,2025-01-30
W31-20240517-1228,Drone DMD W31-20240517-1228,Drone DMD 1,IT1 Damoda Drone DMD-M400W-V3,15094132,2025-01-30
W31-20240517-1229,Drone DMD W31-20240517-1229,Drone DMD 1,IT1 Damoda Drone DMD-M400W-V3,15094132,2025-01-30
W31-20240517-1230,Drone DMD W31-20240517-1230,Drone DMD 1,IT1 Damoda Drone DMD-M400W-V3,15094132,2025-01-30
W31-20240517-1231,Drone DMD W31-20240517-1231,Drone DMD 1,IT1 Damoda Drone DMD-M400W-V3,15094132,2025-01-30
W31-20240517-1232,Drone DMD W31-20240517-1232,Drone DMD 1,IT1 Damoda Drone DMD-M400W-V3,15094132,2025-01-30
W31-20240517-1233,Drone DMD W31-20240517-1233,Drone DMD 1,IT1 Damoda Drone DMD-M400W-V3,15094132,2025-01-30
W31-20240517-1234,Drone DMD W31-20240517-1234,Drone DMD 1,IT1 Damoda Drone DMD-M400W-V3,15094132,2025-01-30
W31-20240517-1235,Drone DMD W31-20240517-1235,Drone DMD 1,IT1 Damoda Drone DMD-M400W-V3,15094132,2025-01-30
W31-20240517-1236,Drone DMD W31-20240517-1236,Drone DMD 1,IT1 Damoda Drone DMD-M400W-V3,15094132,2025-01-30
W31-20240517-1237,Drone DMD W31-20240517-1237,Drone DMD 1,IT1 Damoda Drone DMD-M400W-V3,15094132,2025-01-30
W31-20240517-1238,Drone DMD W31-20240517-1238,Drone DMD 1,IT1 Damoda Drone DMD-M400W-V3,15094132,2025-01-30
W31-20240517-1239,Drone DMD W31-20240517-1239,Drone DMD 1,IT1 Damoda Drone DMD-M400W-V3,15094132,2025-01-30
W31-20240517-1240,Drone DMD W31-20240517-1240,Drone DMD 1,IT1 Damoda Drone DMD-M400W-V3,15094132,2025-01-30
W31-20240517-1241,Drone DMD W31-20240517-1241,Drone DMD 1,IT1 Damoda Drone DMD-M400W-V3,15094132,2025-01-30
W31-20240517-1242,Drone DMD W31-20240517-1242,Drone DMD 1,IT1 Damoda Drone DMD-M400W-V3,15094132,2025-01-30
W31-20240517-1243,Drone DMD W31-20240517-1243,Drone DMD 1,IT1 Damoda Drone DMD-M400W-V3,15094132,2025-01-30
W31-20240517-1244,Drone DMD W31-20240517-1244,Drone DMD 1,IT1 Damoda Drone DMD-M400W-V3,15094132,2025-01-30
W31-20240517-1245,Drone DMD W31-20240517-1245,Drone DMD 1,IT1 Damoda Drone DMD-M400W-V3,15094132,2025-01-30
W31-20240517-1246,Drone DMD W31-20240517-1246,Drone DMD 1,IT1 Damoda Drone DMD-M400W-V3,15094132,2025-01-30
W31-20240517-1247,Drone DMD W31-20240517-1247,Drone DMD 1,IT1 Damoda Drone DMD-M400W-V3,15094132,2025-01-30
W31-20240517-1248,Drone DMD W31-20240517-1248,Drone DMD 1,IT1 Damoda Drone DMD-M400W-V3,15094132,2025-01-30
W31-20240517-1249,Drone DMD W31-20240517-1249,Drone DMD 1,IT1 Damoda Drone DMD-M400W-V3,15094132,2025-01-30
W31-20240517-1250,Drone DMD W31-20240517-1250,Drone DMD 1,IT1 Damoda Drone DMD-M400W-V3,15094132,2025-01-30
W31-20240517-1251,Drone DMD W31-20240517-1251,Drone DMD 1,IT1 Damoda Drone DMD-M400W-V3,15094132,2025-01-30
W31-20240517-1252,Drone DMD W31-20240517-1252,Drone DMD 1,IT1 Damoda Drone DMD-M400W-V3,15094132,2025-01-30
W31-20240517-1253,Drone DMD W31-20240517-1253,Drone DMD 1,IT1 Damoda Drone DMD-M400W-V3,15094132,2025-01-30
W31-20240517-1254,Drone DMD W31-20240517-1254,Drone DMD 1,IT1 Damoda Drone DMD-M400W-V3,15094132,2025-01-30
W31-20240517-1255,Drone DMD W31-20240517-1255,Drone DMD 1,IT1 Damoda Drone DMD-M400W-V3,15094132,2025-01-30
W31-20240517-1256,Drone DMD W31-20240517-1256,Drone DMD 1,IT1 Damoda Drone DMD-M400W-V3,15094132,2025-01-30
W31-20240517-1257,Drone DMD W31-20240517-1257,Drone DMD 1,IT1 Damoda Drone DMD-M400W-V3,15094132,2025-01-30
W31-20240517-1258,Drone DMD W31-20240517-1258,Drone DMD 1,IT1 Damoda Drone DMD-M400W-V3,15094132,2025-01-30
W31-20240517-1259,Drone DMD W31-20240517-1259,Drone DMD 1,IT1 Damoda Drone DMD-M400W-V3,15094132,2025-01-30
W31-20240517-1260,Drone DMD W31-20240517-1260,Drone DMD 1,IT1 Damoda Drone DMD-M400W-V3,15094132,2025-01-30
W31-20240517-1261,Drone DMD W31-20240517-1261,Drone DMD 1,IT1 Damoda Drone DMD-M400W-V3,15094132,2025-01-30
W31-20240517-1262,Drone DMD W31-20240517-1262,Drone DMD 1,IT1 Damoda Drone DMD-M400W-V3,15094132,2025-01-30
W31-20240517-1263,Drone DMD W31-20240517-1263,Drone DMD 1,IT1 Damoda Drone DMD-M400W-V3,15094132,2025-01-30
W31-20240517-1264,Drone DMD W31-20240517-1264,Drone DMD 1,IT1 Damoda Drone DMD-M400W-V3,15094132,2025-01-30
W31-20240517-1265,Drone DMD W31-20240517-1265,Drone DMD 1,IT1 Damoda Drone DMD-M400W-V3,15094132,2025-01-30
W31-20240517-1266,Drone DMD W31-20240517-1266,Drone DMD 1,IT1 Damoda Drone DMD-M400W-V3,15094132,2025-01-30
W31-20240517-1267,Drone DMD W31-20240517-1267,Drone DMD 1,IT1 Damoda Drone DMD-M400W-V3,15094132,2025-01-30
W31-20240517-1268,Drone DMD W31-20240517-1268,Drone DMD 1,IT1 Damoda Drone DMD-M400W-V3,15094132,2025-01-30
W31-20240517-1269,Drone DMD W31-20240517-1269,Drone DMD 1,IT1 Damoda Drone DMD-M400W-V3,15094132,2025-01-30
W31-20240517-1270,Drone DMD W31-20240517-1270,Drone DMD 1,IT1 Damoda Drone DMD-M400W-V3,15094132,2025-01-30
W31-20240517-1271,Drone DMD W31-20240517-1271,Drone DMD 1,IT1 Damoda Drone DMD-M400W-V3,15094132,2025-01-30
W31-20240517-1272,Drone DMD W31-20240517-1272,Drone DMD 1,IT1 Damoda Drone DMD-M400W-V3,15094132,2025-01-30
W31-20240517-1273,Drone DMD W31-20240517-1273,Drone DMD 1,IT1 Damoda Drone DMD-M400W-V3,15094132,2025-01-30
W31-20240517-1274,Drone DMD W31-20240517-1274,Drone DMD 1,IT1 Damoda Drone DMD-M400W-V3,15094132,2025-01-30
W31-20240517-1275,Drone DMD W31-20240517-1275,Drone DMD 1,IT1 Damoda Drone DMD-M400W-V3,15094132,2025-01-30
W31-20240517-1276,Drone DMD W31-20240517-1276,Drone DMD 1,IT1 Damoda Drone DMD-M400W-V3,15094132,2025-01-30
W31-20240517-1277,Drone DMD W31-20240517-1277,Drone DMD 1,IT1 Damoda Drone DMD-M400W-V3,15094132,2025-01-30
W31-20240517-1278,Drone DMD W31-20240517-1278,Drone DMD 1,IT1 Damoda Drone DMD-M400W-V3,15094132,2025-01-30
W31-20240517-1279,Drone DMD W31-20240517-1279,Drone DMD 1,IT1 Damoda Drone DMD-M400W-V3,15094132,2025-01-30
W31-20240517-1280,Drone DMD W31-20240517-1280,Drone DMD 1,IT1 Damoda Drone DMD-M400W-V3,15094132,2025-01-30
W31-20240517-1281,Drone DMD W31-20240517-1281,Drone DMD 1,IT1 Damoda Drone DMD-M400W-V3,15094132,2025-01-30
W31-20240517-1282,Drone DMD W31-20240517-1282,Drone DMD 1,IT1 Damoda Drone DMD-M400W-V3,15094132,2025-01-30
W31-20240517-1283,Drone DMD W31-20240517-1283,Drone DMD 1,IT1 Damoda Drone DMD-M400W-V3,15094132,2025-01-30
W31-20240517-1284,Drone DMD W31-20240517-1284,Drone DMD 1,IT1 Damoda Drone DMD-M400W-V3,15094132,2025-01-30
W31-20240517-1285,Drone DMD W31-20240517-1285,Drone DMD 1,IT1 Damoda Drone DMD-M400W-V3,15094132,2025-01-30
W31-20240517-1286,Drone DMD W31-20240517-1286,Drone DMD 1,IT1 Damoda Drone DMD-M400W-V3,15094132,2025-01-30
W31-20240517-1287,Drone DMD W31-20240517-1287,Drone DMD 1,IT1 Damoda Drone DMD-M400W-V3,15094132,2025-01-30
W31-20240517-1288,Drone DMD W31-20240517-1288,Drone DMD 1,IT1 Damoda Drone DMD-M400W-V3,15094132,2025-01-30
W31-20240517-1289,Drone DMD W31-20240517-1289,Drone DMD 1,IT1 Damoda Drone DMD-M400W-V3,15094132,2025-01-30
W31-20240517-1290,Drone DMD W31-20240517-1290,Drone DMD 1,IT1 Damoda Drone DMD-M400W-V3,15094132,2025-01-30
W31-20240517-1291,Drone DMD W31-20240517-1291,Drone DMD 1,IT1 Damoda Drone DMD-M400W-V3,15094132,2025-01-30
W31-20240517-1292,Drone DMD W31-20240517-1292,Drone DMD 1,IT1 Damoda Drone DMD-M400W-V3,15094132,2025-01-30
W31-20240517-1293,Drone DMD W31-20240517-1293,Drone DMD 1,IT1 Damoda Drone DMD-M400W-V3,15094132,2025-01-30
W31-20240517-1294,Drone DMD W31-20240517-1294,Drone DMD 1,IT1 Damoda Drone DMD-M400W-V3,15094132,2025-01-30
W31-20240517-1295,Drone DMD W31-20240517-1295,Drone DMD 1,IT1 Damoda Drone DMD-M400W-V3,15094132,2025-01-30
W31-20240517-1296,Drone DMD W31-20240517-1296,Drone DMD 1,IT1 Damoda Drone DMD-M400W-V3,15094132,2025-01-30
W31-20240517-1297,Drone DMD W31-20240517-1297,Drone DMD 1,IT1 Damoda Drone DMD-M400W-V3,15094132,2025-01-30
W31-20240517-1298,Drone DMD W31-20240517-1298,Drone DMD 1,IT1 Damoda Drone DMD-M400W-V3,15094132,2025-01-30
W31-20240517-1299,Drone DMD W31-20240517-1299,Drone DMD 1,IT1 Damoda Drone DMD-M400W-V3,15094132,2025-01-30
W31-20240517-1300,Drone DMD W31-20240517-1300,Drone DMD 1,IT1 Damoda Drone DMD-M400W-V3,15094132,2025-01-30
W31-20240517-1301,Drone DMD W31-20240517-1301,Drone DMD 1,IT1 Damoda Drone DMD-M400W-V3,15094132,2025-01-30
W31-20240517-1302,Drone DMD W31-20240517-1302,Drone DMD 1,IT1 Damoda Drone DMD-M400W-V3,15094132,2025-01-30
W31-20240517-1303,Drone DMD W31-20240517-1303,Drone DMD 1,IT1 Damoda Drone DMD-M400W-V3,15094132,2025-01-30
W31-20240517-1304,Drone DMD W31-20240517-1304,Drone DMD 1,IT1 Damoda Drone DMD-M400W-V3,15094132,2025-01-30
W31-20240517-1305,Drone DMD W31-20240517-1305,Drone DMD 1,IT1 Damoda Drone DMD-M400W-V3,15094132,2025-01-30
W31-20240517-1306,Drone DMD W31-20240517-1306,Drone DMD 1,IT1 Damoda Drone DMD-M400W-V3,15094132,2025-01-30
W31-20240517-1307,Drone DMD W31-20240517-1307,Drone DMD 1,IT1 Damoda Drone DMD-M400W-V3,15094132,2025-01-30
W31-20240517-1308,Drone DMD W31-20240517-1308,Drone DMD 1,IT1 Damoda Drone DMD-M400W-V3,15094132,2025-01-30
W31-20240517-1309,Drone DMD W31-20240517-1309,Drone DMD 1,IT1 Damoda Drone DMD-M400W-V3,15094132,2025-01-30
W31-20240517-1310,Drone DMD W31-20240517-1310,Drone DMD 1,IT1 Damoda Drone DMD-M400W-V3,15094132,2025-01-30
W31-20240517-1311,Drone DMD W31-20240517-1311,Drone DMD 1,IT1 Damoda Drone DMD-M400W-V3,15094132,2025-01-30
W31-20240517-1312,Drone DMD W31-20240517-1312,Drone DMD 1,IT1 Damoda Drone DMD-M400W-V3,15094132,2025-01-30
W31-20240517-1313,Drone DMD W31-20240517-1313,Drone DMD 1,IT1 Damoda Drone DMD-M400W-V3,15094132,2025-01-30
W31-20240517-1314,Drone DMD W31-20240517-1314,Drone DMD 1,IT1 Damoda Drone DMD-M400W-V3,15094132,2025-01-30
W31-20240517-1315,Drone DMD W31-20240517-1315,Drone DMD 1,IT1 Damoda Drone DMD-M400W-V3,15094132,2025-01-30
W31-20240517-1316,Drone DMD W31-20240517-1316,Drone DMD 1,IT1 Damoda Drone DMD-M400W-V3,15094132,2025-01-30
W31-20240517-1317,Drone DMD W31-20240517-1317,Drone DMD 1,IT1 Damoda Drone DMD-M400W-V3,15094132,2025-01-30
W31-20240517-1318,Drone DMD W31-20240517-1318,Drone DMD 1,IT1 Damoda Drone DMD-M400W-V3,15094132,2025-01-30
W31-20240517-1319,Drone DMD W31-20240517-1319,Drone DMD 1,IT1 Damoda Drone DMD-M400W-V3,15094132,2025-01-30
W31-20240517-1320,Drone DMD W31-20240517-1320,Drone DMD 1,IT1 Damoda Drone DMD-M400W-V3,15094132,2025-01-30
W31-20240517-1321,Drone DMD W31-20240517-1321,Drone DMD 1,IT1 Damoda Drone DMD-M400W-V3,15094132,2025-01-30
W31-20240517-1322,Drone DMD W31-20240517-1322,Drone DMD 1,IT1 Damoda Drone DMD-M400W-V3,15094132,2025-01-30
W31-20240517-1323,Drone DMD W31-20240517-1323,Drone DMD 1,IT1 Damoda Drone DMD-M400W-V3,15094132,2025-01-30
W31-20240517-1324,Drone DMD W31-20240517-1324,Drone DMD 1,IT1 Damoda Drone DMD-M400W-V3,15094132,2025-01-30
W31-20240517-1325,Drone DMD W31-20240517-1325,Drone DMD 1,IT1 Damoda Drone DMD-M400W-V3,15094132,2025-01-30
W31-20240517-1326,Drone DMD W31-20240517-1326,Drone DMD 1,IT1 Damoda Drone DMD-M400W-V3,15094132,2025-01-30
W31-20240517-1327,Drone DMD W31-20240517-1327,Drone DMD 1,IT1 Damoda Drone DMD-M400W-V3,15094132,2025-01-30
W31-20240517-1328,Drone DMD W31-20240517-1328,Drone DMD 1,IT1 Damoda Drone DMD-M400W-V3,15094132,2025-01-30
W31-20240517-1329,Drone DMD W31-20240517-1329,Drone DMD 1,IT1 Damoda Drone DMD-M400W-V3,15094132,2025-01-30
W31-20240517-1330,Drone DMD W31-20240517-1330,Drone DMD 1,IT1 Damoda Drone DMD-M400W-V3,15094132,2025-01-30
W31-20240517-1331,Drone DMD W31-20240517-1331,Drone DMD 1,IT1 Damoda Drone DMD-M400W-V3,15094132,2025-01-30
W31-20240517-1332,Drone DMD W31-20240517-1332,Drone DMD 1,IT1 Damoda Drone DMD-M400W-V3,15094132,2025-01-30
W31-20240517-1333,Drone DMD W31-20240517-1333,Drone DMD 1,IT1 Damoda Drone DMD-M400W-V3,15094132,2025-01-30
W31-20240517-1334,Drone DMD W31-20240517-1334,Drone DMD 1,IT1 Damoda Drone DMD-M400W-V3,15094132,2025-01-30
W31-20240517-1335,Drone DMD W31-20240517-1335,Drone DMD 1,IT1 Damoda Drone DMD-M400W-V3,15094132,2025-01-30
W31-20240517-1336,Drone DMD W31-20240517-1336,Drone DMD 1,IT1 Damoda Drone DMD-M400W-V3,15094132,2025-01-30
W31-20240517-1337,Drone DMD W31-20240517-1337,Drone DMD 1,IT1 Damoda Drone DMD-M400W-V3,15094132,2025-01-30
W31-20240517-1338,Drone DMD W31-20240517-1338,Drone DMD 1,IT1 Damoda Drone DMD-M400W-V3,15094132,2025-01-30
W31-20240517-1339,Drone DMD W31-20240517-1339,Drone DMD 1,IT1 Damoda Drone DMD-M400W-V3,15094132,2025-01-30
W31-20240517-1340,Drone DMD W31-20240517-1340,Drone DMD 1,IT1 Damoda Drone DMD-M400W-V3,15094132,2025-01-30
W31-20240517-1341,Drone DMD W31-20240517-1341,Drone DMD 1,IT1 Damoda Drone DMD-M400W-V3,15094132,2025-01-30
W31-20240517-1342,Drone DMD W31-20240517-1342,Drone DMD 1,IT1 Damoda Drone DMD-M400W-V3,15094132,2025-01-30
W31-20240517-1343,Drone DMD W31-20240517-1343,Drone DMD 1,IT1 Damoda Drone DMD-M400W-V3,15094132,2025-01-30
W31-20240517-1344,Drone DMD W31-20240517-1344,Drone DMD 1,IT1 Damoda Drone DMD-M400W-V3,15094132,2025-01-30
W31-20240517-1345,Drone DMD W31-20240517-1345,Drone DMD 1,IT1 Damoda Drone DMD-M400W-V3,15094132,2025-01-30
W31-20240517-1346,Drone DMD W31-20240517-1346,Drone DMD 1,IT1 Damoda Drone DMD-M400W-V3,15094132,2025-01-30
W31-20240517-1347,Drone DMD W31-20240517-1347,Drone DMD 1,IT1 Damoda Drone DMD-M400W-V3,15094132,2025-01-30
W31-20240517-1348,Drone DMD W31-20240517-1348,Drone DMD 1,IT1 Damoda Drone DMD-M400W-V3,15094132,2025-01-30
W31-20240517-1349,Drone DMD W31-20240517-1349,Drone DMD 1,IT1 Damoda Drone DMD-M400W-V3,15094132,2025-01-30
W31-20240517-1350,Drone DMD W31-20240517-1350,Drone DMD 1,IT1 Damoda Drone DMD-M400W-V3,15094132,2025-01-30
W31-20240517-1351,Drone DMD W31-20240517-1351,Drone DMD 1,IT1 Damoda Drone DMD-M400W-V3,15094132,2025-01-30
W31-20240517-1352,Drone DMD W31-20240517-1352,Drone DMD 1,IT1 Damoda Drone DMD-M400W-V3,15094132,2025-01-30
W31-20240517-1353,Drone DMD W31-20240517-1353,Drone DMD 1,IT1 Damoda Drone DMD-M400W-V3,15094132,2025-01-30
W31-20240517-1354,Drone DMD W31-20240517-1354,Drone DMD 1,IT1 Damoda Drone DMD-M400W-V3,15094132,2025-01-30
W31-20240517-1355,Drone DMD W31-20240517-1355,Drone DMD 1,IT1 Damoda Drone DMD-M400W-V3,15094132,2025-01-30
W31-20240517-1356,Drone DMD W31-20240517-1356,Drone DMD 1,IT1 Damoda Drone DMD-M400W-V3,15094132,2025-01-30
W31-20240517-1357,Drone DMD W31-20240517-1357,Drone DMD 1,IT1 Damoda Drone DMD-M400W-V3,15094132,2025-01-30
W31-20240517-1358,Drone DMD W31-20240517-1358,Drone DMD 1,IT1 Damoda Drone DMD-M400W-V3,15094132,2025-01-30
W31-20240517-1359,Drone DMD W31-20240517-1359,Drone DMD 1,IT1 Damoda Drone DMD-M400W-V3,15094132,2025-01-30
W31-20240517-1360,Drone DMD W31-20240517-1360,Drone DMD 1,IT1 Damoda Drone DMD-M400W-V3,15094132,2025-01-30
W31-20240517-1361,Drone DMD W31-20240517-1361,Drone DMD 1,IT1 Damoda Drone DMD-M400W-V3,15094132,2025-01-30
W31-20240517-1362,Drone DMD W31-20240517-1362,Drone DMD 1,IT1 Damoda Drone DMD-M400W-V3,15094132,2025-01-30
W31-20240517-1363,Drone DMD W31-20240517-1363,Drone DMD 1,IT1 Damoda Drone DMD-M400W-V3,15094132,2025-01-30
W31-20240517-1364,Drone DMD W31-20240517-1364,Drone DMD 1,IT1 Damoda Drone DMD-M400W-V3,15094132,2025-01-30
W31-20240517-1365,Drone DMD W31-20240517-1365,Drone DMD 1,IT1 Damoda Drone DMD-M400W-V3,15094132,2025-01-30
W31-20240517-1366,Drone DMD W31-20240517-1366,Drone DMD 1,IT1 Damoda Drone DMD-M400W-V3,15094132,2025-01-30
W31-20240517-1367,Drone DMD W31-20240517-1367,Drone DMD 1,IT1 Damoda Drone DMD-M400W-V3,15094132,2025-01-30
W31-20240517-1368,Drone DMD W31-20240517-1368,Drone DMD 1,IT1 Damoda Drone DMD-M400W-V3,15094132,2025-01-30
W31-20240517-1369,Drone DMD W31-20240517-1369,Drone DMD 2,IT1 Damoda Drone DMD-M400W-V3,15094132,2025-01-30
W31-20240517-1370,Drone DMD W31-20240517-1370,Drone DMD 2,IT1 Damoda Drone DMD-M400W-V3,15094132,2025-01-30
W31-20240517-1371,Drone DMD W31-20240517-1371,Drone DMD 2,IT1 Damoda Drone DMD-M400W-V3,15094132,2025-01-30
W31-20240517-1372,Drone DMD W31-20240517-1372,Drone DMD 2,IT1 Damoda Drone DMD-M400W-V3,15094132,2025-01-30
W31-20240517-1373,Drone DMD W31-20240517-1373,Drone DMD 2,IT1 Damoda Drone DMD-M400W-V3,15094132,2025-01-30
W31-20240517-1374,Drone DMD W31-20240517-1374,Drone DMD 2,IT1 Damoda Drone DMD-M400W-V3,15094132,2025-01-30
W31-20240517-1375,Drone DMD W31-20240517-1375,Drone DMD 2,IT1 Damoda Drone DMD-M400W-V3,15094132,2025-01-30
W31-20240517-1376,Drone DMD W31-20240517-1376,Drone DMD 2,IT1 Damoda Drone DMD-M400W-V3,15094132,2025-01-30
W31-20240517-1377,Drone DMD W31-20240517-1377,Drone DMD 2,IT1 Damoda Drone DMD-M400W-V3,15094132,2025-01-30
W31-20240517-1378,Drone DMD W31-20240517-1378,Drone DMD 2,IT1 Damoda Drone DMD-M400W-V3,15094132,2025-01-30
W31-20240517-1379,Drone DMD W31-20240517-1379,Drone DMD 2,IT1 Damoda Drone DMD-M400W-V3,15094132,2025-01-30
W31-20240517-1380,Drone DMD W31-20240517-1380,Drone DMD 2,IT1 Damoda Drone DMD-M400W-V3,15094132,2025-01-30
W31-20240517-1381,Drone DMD W31-20240517-1381,Drone DMD 2,IT1 Damoda Drone DMD-M400W-V3,15094132,2025-01-30
W31-20240517-1382,Drone DMD W31-20240517-1382,Drone DMD 2,IT1 Damoda Drone DMD-M400W-V3,15094132,2025-01-30
W31-20240517-1383,Drone DMD W31-20240517-1383,Drone DMD 2,IT1 Damoda Drone DMD-M400W-V3,15094132,2025-01-30
W31-20240517-1384,Drone DMD W31-20240517-1384,Drone DMD 2,IT1 Damoda Drone DMD-M400W-V3,15094132,2025-01-30
W31-20240517-1385,Drone DMD W31-20240517-1385,Drone DMD 2,IT1 Damoda Drone DMD-M400W-V3,15094132,2025-01-30
W31-20240517-1386,Drone DMD W31-20240517-1386,Drone DMD 2,IT1 Damoda Drone DMD-M400W-V3,15094132,2025-01-30
W31-20240517-1387,Drone DMD W31-20240517-1387,Drone DMD 2,IT1 Damoda Drone DMD-M400W-V3,15094132,2025-01-30
W31-20240517-1388,Drone DMD W31-20240517-1388,Drone DMD 2,IT1 Damoda Drone DMD-M400W-V3,15094132,2025-01-30
W31-20240517-1389,Drone DMD W31-20240517-1389,Drone DMD 2,IT1 Damoda Drone DMD-M400W-V3,15094132,2025-01-30
W31-20240517-1390,Drone DMD W31-20240517-1390,Drone DMD 2,IT1 Damoda Drone DMD-M400W-V3,15094132,2025-01-30
W31-20240517-1391,Drone DMD W31-20240517-1391,Drone DMD 2,IT1 Damoda Drone DMD-M400W-V3,15094132,2025-01-30
W31-20240517-1392,Drone DMD W31-20240517-1392,Drone DMD 2,IT1 Damoda Drone DMD-M400W-V3,15094132,2025-01-30
W31-20240517-1393,Drone DMD W31-20240517-1393,Drone DMD 2,IT1 Damoda Drone DMD-M400W-V3,15094132,2025-01-30
W31-20240517-1394,Drone DMD W31-20240517-1394,Drone DMD 2,IT1 Damoda Drone DMD-M400W-V3,15094132,2025-01-30
W31-20240517-1395,Drone DMD W31-20240517-1395,Drone DMD 2,IT1 Damoda Drone DMD-M400W-V3,15094132,2025-01-30
W31-20240517-1396,Drone DMD W31-20240517-1396,Drone DMD 2,IT1 Damoda Drone DMD-M400W-V3,15094132,2025-01-30
W31-20240517-1397,Drone DMD W31-20240517-1397,Drone DMD 2,IT1 Damoda Drone DMD-M400W-V3,15094132,2025-01-30
W31-20240517-1398,Drone DMD W31-20240517-1398,Drone DMD 2,IT1 Damoda Drone DMD-M400W-V3,15094132,2025-01-30
W31-20240517-1399,Drone DMD W31-20240517-1399,Drone DMD 2,IT1 Damoda Drone DMD-M400W-V3,15094132,2025-01-30
W31-20240517-1400,Drone DMD W31-20240517-1400,Drone DMD 2,IT1 Damoda Drone DMD-M400W-V3,15094132,2025-01-30
W31-20240517-1401,Drone DMD W31-20240517-1401,Drone DMD 2,IT1 Damoda Drone DMD-M400W-V3,15094132,2025-01-30
W31-20240517-1402,Drone DMD W31-20240517-1402,Drone DMD 2,IT1 Damoda Drone DMD-M400W-V3,15094132,2025-01-30
W31-20240517-1403,Drone DMD W31-20240517-1403,Drone DMD 2,IT1 Damoda Drone DMD-M400W-V3,15094132,2025-01-30
W31-20240517-1404,Drone DMD W31-20240517-1404,Drone DMD 2,IT1 Damoda Drone DMD-M400W-V3,15094132,2025-01-30
W31-20240517-1405,Drone DMD W31-20240517-1405,Drone DMD 2,IT1 Damoda Drone DMD-M400W-V3,15094132,2025-01-30
W31-20240517-1406,Drone DMD W31-20240517-1406,Drone DMD 2,IT1 Damoda Drone DMD-M400W-V3,15094132,2025-01-30
W31-20240517-1407,Drone DMD W31-20240517-1407,Drone DMD 2,IT1 Damoda Drone DMD-M400W-V3,15094132,2025-01-30
W31-20240517-1408,Drone DMD W31-20240517-1408,Drone DMD 2,IT1 Damoda Drone DMD-M400W-V3,15094132,2025-01-30
W31-20240517-1409,Drone DMD W31-20240517-1409,Drone DMD 2,IT1 Damoda Drone DMD-M400W-V3,15094132,2025-01-30
W31-20240517-1410,Drone DMD W31-20240517-1410,Drone DMD 2,IT1 Damoda Drone DMD-M400W-V3,15094132,2025-01-30
W31-20240517-1411,Drone DMD W31-20240517-1411,Drone DMD 2,IT1 Damoda Drone DMD-M400W-V3,15094132,2025-01-30
W31-20240517-1412,Drone DMD W31-20240517-1412,Drone DMD 2,IT1 Damoda Drone DMD-M400W-V3,15094132,2025-01-30
W31-20240517-1413,Drone DMD W31-20240517-1413,Drone DMD 2,IT1 Damoda Drone DMD-M400W-V3,15094132,2025-01-30
W31-20240517-1414,Drone DMD W31-20240517-1414,Drone DMD 2,IT1 Damoda Drone DMD-M400W-V3,15094132,2025-01-30
W31-20240517-1415,Drone DMD W31-20240517-1415,Drone DMD 2,IT1 Damoda Drone DMD-M400W-V3,15094132,2025-01-30
W31-20240517-1416,Drone DMD W31-20240517-1416,Drone DMD 2,IT1 Damoda Drone DMD-M400W-V3,15094132,2025-01-30
W31-20240517-1417,Drone DMD W31-20240517-1417,Drone DMD 2,IT1 Damoda Drone DMD-M400W-V3,15094132,2025-01-30
W31-20240517-1418,Drone DMD W31-20240517-1418,Drone DMD 2,IT1 Damoda Drone DMD-M400W-V3,15094132,2025-01-30
W31-20240517-1419,Drone DMD W31-20240517-1419,Drone DMD 2,IT1 Damoda Drone DMD-M400W-V3,15094132,2025-01-30
W31-20240517-1420,Drone DMD W31-20240517-1420,Drone DMD 2,IT1 Damoda Drone DMD-M400W-V3,15094132,2025-01-30
W31-20240517-1421,Drone DMD W31-20240517-1421,Drone DMD 2,IT1 Damoda Drone DMD-M400W-V3,15094132,2025-01-30
W31-20240517-1422,Drone DMD W31-20240517-1422,Drone DMD 2,IT1 Damoda Drone DMD-M400W-V3,15094132,2025-01-30
W31-20240517-1423,Drone DMD W31-20240517-1423,Drone DMD 2,IT1 Damoda Drone DMD-M400W-V3,15094132,2025-01-30
W31-20240517-1424,Drone DMD W31-20240517-1424,Drone DMD 2,IT1 Damoda Drone DMD-M400W-V3,15094132,2025-01-30
W31-20240517-1425,Drone DMD W31-20240517-1425,Drone DMD 2,IT1 Damoda Drone DMD-M400W-V3,15094132,2025-01-30
W31-20240517-1426,Drone DMD W31-20240517-1426,Drone DMD 2,IT1 Damoda Drone DMD-M400W-V3,15094132,2025-01-30
W31-20240517-1427,Drone DMD W31-20240517-1427,Drone DMD 2,IT1 Damoda Drone DMD-M400W-V3,15094132,2025-01-30
W31-20240517-1428,Drone DMD W31-20240517-1428,Drone DMD 2,IT1 Damoda Drone DMD-M400W-V3,15094132,2025-01-30
W31-20240517-1429,Drone DMD W31-20240517-1429,Drone DMD 2,IT1 Damoda Drone DMD-M400W-V3,15094132,2025-01-30
W31-20240517-1430,Drone DMD W31-20240517-1430,Drone DMD 2,IT1 Damoda Drone DMD-M400W-V3,15094132,2025-01-30
W31-20240517-1431,Drone DMD W31-20240517-1431,Drone DMD 2,IT1 Damoda Drone DMD-M400W-V3,15094132,2025-01-30
W31-20240517-1432,Drone DMD W31-20240517-1432,Drone DMD 2,IT1 Damoda Drone DMD-M400W-V3,15094132,2025-01-30
W31-20240517-1433,Drone DMD W31-20240517-1433,Drone DMD 2,IT1 Damoda Drone DMD-M400W-V3,15094132,2025-01-30
W31-20240517-1434,Drone DMD W31-20240517-1434,Drone DMD 2,IT1 Damoda Drone DMD-M400W-V3,15094132,2025-01-30
W31-20240517-1435,Drone DMD W31-20240517-1435,Drone DMD 2,IT1 Damoda Drone DMD-M400W-V3,15094132,2025-01-30
W31-20240517-1436,Drone DMD W31-20240517-1436,Drone DMD 2,IT1 Damoda Drone DMD-M400W-V3,15094132,2025-01-30
W31-20240517-1437,Drone DMD W31-20240517-1437,Drone DMD 2,IT1 Damoda Drone DMD-M400W-V3,15094132,2025-01-30
W31-20240517-1438,Drone DMD W31-20240517-1438,Drone DMD 2,IT1 Damoda Drone DMD-M400W-V3,15094132,2025-01-30
W31-20240517-1439,Drone DMD W31-20240517-1439,Drone DMD 2,IT1 Damoda Drone DMD-M400W-V3,15094132,2025-01-30
W31-20240517-1440,Drone DMD W31-20240517-1440,Drone DMD 2,IT1 Damoda Drone DMD-M400W-V3,15094132,2025-01-30
W31-20240517-1441,Drone DMD W31-20240517-1441,Drone DMD 2,IT1 Damoda Drone DMD-M400W-V3,15094132,2025-01-30
W31-20240517-1442,Drone DMD W31-20240517-1442,Drone DMD 2,IT1 Damoda Drone DMD-M400W-V3,15094132,2025-01-30
W31-20240517-1443,Drone DMD W31-20240517-1443,Drone DMD 2,IT1 Damoda Drone DMD-M400W-V3,15094132,2025-01-30
W31-20240517-1444,Drone DMD W31-20240517-1444,Drone DMD 2,IT1 Damoda Drone DMD-M400W-V3,15094132,2025-01-30
W31-20240517-1445,Drone DMD W31-20240517-1445,Drone DMD 2,IT1 Damoda Drone DMD-M400W-V3,15094132,2025-01-30
W31-20240517-1446,Drone DMD W31-20240517-1446,Drone DMD 2,IT1 Damoda Drone DMD-M400W-V3,15094132,2025-01-30
W31-20240517-1447,Drone DMD W31-20240517-1447,Drone DMD 2,IT1 Damoda Drone DMD-M400W-V3,15094132,2025-01-30
W31-20240517-1448,Drone DMD W31-20240517-1448,Drone DMD 2,IT1 Damoda Drone DMD-M400W-V3,15094132,2025-01-30
W31-20240517-1449,Drone DMD W31-20240517-1449,Drone DMD 2,IT1 Damoda Drone DMD-M400W-V3,15094132,2025-01-30
W31-20240517-1450,Drone DMD W31-20240517-1450,Drone DMD 2,IT1 Damoda Drone DMD-M400W-V3,15094132,2025-01-30
W31-20240517-1451,Drone DMD W31-20240517-1451,Drone DMD 2,IT1 Damoda Drone DMD-M400W-V3,15094132,2025-01-30
W31-20240517-1452,Drone DMD W31-20240517-1452,Drone DMD 2,IT1 Damoda Drone DMD-M400W-V3,15094132,2025-01-30
W31-20240517-1453,Drone DMD W31-20240517-1453,Drone DMD 2,IT1 Damoda Drone DMD-M400W-V3,15094132,2025-01-30
W31-20240517-1454,Drone DMD W31-20240517-1454,Drone DMD 2,IT1 Damoda Drone DMD-M400W-V3,15094132,2025-01-30
W31-20240517-1455,Drone DMD W31-20240517-1455,Drone DMD 2,IT1 Damoda Drone DMD-M400W-V3,15094132,2025-01-30
W31-20240517-1456,Drone DMD W31-20240517-1456,Drone DMD 2,IT1 Damoda Drone DMD-M400W-V3,15094132,2025-01-30
W31-20240517-1457,Drone DMD W31-20240517-1457,Drone DMD 2,IT1 Damoda Drone DMD-M400W-V3,15094132,2025-01-30
W31-20240517-1458,Drone DMD W31-20240517-1458,Drone DMD 2,IT1 Damoda Drone DMD-M400W-V3,15094132,2025-01-30
W31-20240517-1459,Drone DMD W31-20240517-1459,Drone DMD 2,IT1 Damoda Drone DMD-M400W-V3,15094132,2025-01-30
W31-20240517-1460,Drone DMD W31-20240517-1460,Drone DMD 2,IT1 Damoda Drone DMD-M400W-V3,15094132,2025-01-30
W31-20240517-1461,Drone DMD W31-20240517-1461,Drone DMD 2,IT1 Damoda Drone DMD-M400W-V3,15094132,2025-01-30
W31-20240517-1462,Drone DMD W31-20240517-1462,Drone DMD 2,IT1 Damoda Drone DMD-M400W-V3,15094132,2025-01-30
W31-20240517-1463,Drone DMD W31-20240517-1463,Drone DMD 2,IT1 Damoda Drone DMD-M400W-V3,15094132,2025-01-30
W31-20240517-1464,Drone DMD W31-20240517-1464,Drone DMD 2,IT1 Damoda Drone DMD-M400W-V3,15094132,2025-01-30
W31-20240517-1465,Drone DMD W31-20240517-1465,Drone DMD 2,IT1 Damoda Drone DMD-M400W-V3,15094132,2025-01-30
W31-20240517-1466,Drone DMD W31-20240517-1466,Drone DMD 2,IT1 Damoda Drone DMD-M400W-V3,15094132,2025-01-30
W31-20240517-1467,Drone DMD W31-20240517-1467,Drone DMD 2,IT1 Damoda Drone DMD-M400W-V3,15094132,2025-01-30
W31-20240517-1468,Drone DMD W31-20240517-1468,Drone DMD 2,IT1 Damoda Drone DMD-M400W-V3,15094132,2025-01-30
W31-20240517-1469,Drone DMD W31-20240517-1469,Drone DMD 2,IT1 Damoda Drone DMD-M400W-V3,15094132,2025-01-30
W31-20240517-1470,Drone DMD W31-20240517-1470,Drone DMD 2,IT1 Damoda Drone DMD-M400W-V3,15094132,2025-01-30
W31-20240517-1471,Drone DMD W31-20240517-1471,Drone DMD 2,IT1 Damoda Drone DMD-M400W-V3,15094132,2025-01-30
W31-20240517-1472,Drone DMD W31-20240517-1472,Drone DMD 2,IT1 Damoda Drone DMD-M400W-V3,15094132,2025-01-30
W31-20240517-1473,Drone DMD W31-20240517-1473,Drone DMD 2,IT1 Damoda Drone DMD-M400W-V3,15094132,2025-01-30
W31-20240517-1474,Drone DMD W31-20240517-1474,Drone DMD 2,IT1 Damoda Drone DMD-M400W-V3,15094132,2025-01-30
W31-20240517-1475,Drone DMD W31-20240517-1475,Drone DMD 2,IT1 Damoda Drone DMD-M400W-V3,15094132,2025-01-30
W31-20240517-1476,Drone DMD W31-20240517-1476,Drone DMD 2,IT1 Damoda Drone DMD-M400W-V3,15094132,2025-01-30
W31-20240517-1477,Drone DMD W31-20240517-1477,Drone DMD 2,IT1 Damoda Drone DMD-M400W-V3,15094132,2025-01-30
W31-20240517-1478,Drone DMD W31-20240517-1478,Drone DMD 2,IT1 Damoda Drone DMD-M400W-V3,15094132,2025-01-30
W31-20240517-1479,Drone DMD W31-20240517-1479,Drone DMD 2,IT1 Damoda Drone DMD-M400W-V3,15094132,2025-01-30
W31-20240517-1480,Drone DMD W31-20240517-1480,Drone DMD 2,IT1 Damoda Drone DMD-M400W-V3,15094132,2025-01-30
W31-20240517-1481,Drone DMD W31-20240517-1481,Drone DMD 2,IT1 Damoda Drone DMD-M400W-V3,15094132,2025-01-30
W31-20240517-1482,Drone DMD W31-20240517-1482,Drone DMD 2,IT1 Damoda Drone DMD-M400W-V3,15094132,2025-01-30
W31-20240517-1483,Drone DMD W31-20240517-1483,Drone DMD 2,IT1 Damoda Drone DMD-M400W-V3,15094132,2025-01-30
W31-20240517-1484,Drone DMD W31-20240517-1484,Drone DMD 2,IT1 Damoda Drone DMD-M400W-V3,15094132,2025-01-30
W31-20240517-1485,Drone DMD W31-20240517-1485,Drone DMD 2,IT1 Damoda Drone DMD-M400W-V3,15094132,2025-01-30
W31-20240517-1486,Drone DMD W31-20240517-1486,Drone DMD 2,IT1 Damoda Drone DMD-M400W-V3,15094132,2025-01-30
W31-20240517-1487,Drone DMD W31-20240517-1487,Drone DMD 2,IT1 Damoda Drone DMD-M400W-V3,15094132,2025-01-30
W31-20240517-1488,Drone DMD W31-20240517-1488,Drone DMD 2,IT1 Damoda Drone DMD-M400W-V3,15094132,2025-01-30
W31-20240517-1489,Drone DMD W31-20240517-1489,Drone DMD 2,IT1 Damoda Drone DMD-M400W-V3,15094132,2025-01-30
W31-20240517-1490,Drone DMD W31-20240517-1490,Drone DMD 2,IT1 Damoda Drone DMD-M400W-V3,15094132,2025-01-30
W31-20240517-1491,Drone DMD W31-20240517-1491,Drone DMD 2,IT1 Damoda Drone DMD-M400W-V3,15094132,2025-01-30
W31-20240517-1492,Drone DMD W31-20240517-1492,Drone DMD 2,IT1 Damoda Drone DMD-M400W-V3,15094132,2025-01-30
W31-20240517-1493,Drone DMD W31-20240517-1493,Drone DMD 2,IT1 Damoda Drone DMD-M400W-V3,15094132,2025-01-30
W31-20240517-1494,Drone DMD W31-20240517-1494,Drone DMD 2,IT1 Damoda Drone DMD-M400W-V3,15094132,2025-01-30
W31-20240517-1495,Drone DMD W31-20240517-1495,Drone DMD 2,IT1 Damoda Drone DMD-M400W-V3,15094132,2025-01-30
W31-20240517-1496,Drone DMD W31-20240517-1496,Drone DMD 2,IT1 Damoda Drone DMD-M400W-V3,15094132,2025-01-30
W31-20240517-1497,Drone DMD W31-20240517-1497,Drone DMD 2,IT1 Damoda Drone DMD-M400W-V3,15094132,2025-01-30
W31-20240517-1498,Drone DMD W31-20240517-1498,Drone DMD 2,IT1 Damoda Drone DMD-M400W-V3,15094132,2025-01-30
W31-20240517-1499,Drone DMD W31-20240517-1499,Drone DMD 2,IT1 Damoda Drone DMD-M400W-V3,15094132,2025-01-30
W31-20240517-1500,Drone DMD W31-20240517-1500,Drone DMD 2,IT1 Damoda Drone DMD-M400W-V3,15094132,2025-01-30
W31-20240517-1501,Drone DMD W31-20240517-1501,Drone DMD 2,IT1 Damoda Drone DMD-M400W-V3,15094132,2025-01-30
W31-20240517-1502,Drone DMD W31-20240517-1502,Drone DMD 2,IT1 Damoda Drone DMD-M400W-V3,15094132,2025-01-30
W31-20240517-1503,Drone DMD W31-20240517-1503,Drone DMD 2,IT1 Damoda Drone DMD-M400W-V3,15094132,2025-01-30
W31-20240517-1504,Drone DMD W31-20240517-1504,Drone DMD 2,IT1 Damoda Drone DMD-M400W-V3,15094132,2025-01-30
W31-20240517-1505,Drone DMD W31-20240517-1505,Drone DMD 2,IT1 Damoda Drone DMD-M400W-V3,15094132,2025-01-30
W31-20240517-1506,Drone DMD W31-20240517-1506,Drone DMD 2,IT1 Damoda Drone DMD-M400W-V3,15094132,2025-01-30
W31-20240517-1507,Drone DMD W31-20240517-1507,Drone DMD 2,IT1 Damoda Drone DMD-M400W-V3,15094132,2025-01-30
W31-20240517-1508,Drone DMD W31-20240517-1508,Drone DMD 2,IT1 Damoda Drone DMD-M400W-V3,15094132,2025-01-30
W31-20240517-1509,Drone DMD W31-20240517-1509,Drone DMD 2,IT1 Damoda Drone DMD-M400W-V3,15094132,2025-01-30
W31-20240517-1510,Drone DMD W31-20240517-1510,Drone DMD 2,IT1 Damoda Drone DMD-M400W-V3,15094132,2025-01-30
W31-20240517-1511,Drone DMD W31-20240517-1511,Drone DMD 2,IT1 Damoda Drone DMD-M400W-V3,15094132,2025-01-30
W31-20240517-1512,Drone DMD W31-20240517-1512,Drone DMD 2,IT1 Damoda Drone DMD-M400W-V3,15094132,2025-01-30
W31-20240517-1513,Drone DMD W31-20240517-1513,Drone DMD 2,IT1 Damoda Drone DMD-M400W-V3,15094132,2025-01-30
W31-20240517-1514,Drone DMD W31-20240517-1514,Drone DMD 2,IT1 Damoda Drone DMD-M400W-V3,15094132,2025-01-30
W31-20240517-1515,Drone DMD W31-20240517-1515,Drone DMD 2,IT1 Damoda Drone DMD-M400W-V3,15094132,2025-01-30
W31-20240517-1516,Drone DMD W31-20240517-1516,Drone DMD 2,IT1 Damoda Drone DMD-M400W-V3,15094132,2025-01-30
W31-20240517-1517,Drone DMD W31-20240517-1517,Drone DMD 2,IT1 Damoda Drone DMD-M400W-V3,15094132,2025-01-30
W31-20240517-1518,Drone DMD W31-20240517-1518,Drone DMD 2,IT1 Damoda Drone DMD-M400W-V3,15094132,2025-01-30
W31-20240517-1519,Drone DMD W31-20240517-1519,Drone DMD 2,IT1 Damoda Drone DMD-M400W-V3,15094132,2025-01-30
W31-20240517-1520,Drone DMD W31-20240517-1520,Drone DMD 2,IT1 Damoda Drone DMD-M400W-V3,15094132,2025-01-30
W31-20240517-1521,Drone DMD W31-20240517-1521,Drone DMD 2,IT1 Damoda Drone DMD-M400W-V3,15094132,2025-01-30
W31-20240517-1522,Drone DMD W31-20240517-1522,Drone DMD 2,IT1 Damoda Drone DMD-M400W-V3,15094132,2025-01-30
W31-20240517-1523,Drone DMD W31-20240517-1523,Drone DMD 2,IT1 Damoda Drone DMD-M400W-V3,15094132,2025-01-30
W31-20240517-1524,Drone DMD W31-20240517-1524,Drone DMD 2,IT1 Damoda Drone DMD-M400W-V3,15094132,2025-01-30
W31-20240517-1525,Drone DMD W31-20240517-1525,Drone DMD 2,IT1 Damoda Drone DMD-M400W-V3,15094132,2025-01-30
W31-20240517-1526,Drone DMD W31-20240517-1526,Drone DMD 2,IT1 Damoda Drone DMD-M400W-V3,15094132,2025-01-30
W31-20240517-1527,Drone DMD W31-20240517-1527,Drone DMD 2,IT1 Damoda Drone DMD-M400W-V3,15094132,2025-01-30
W31-20240517-1528,Drone DMD W31-20240517-1528,Drone DMD 2,IT1 Damoda Drone DMD-M400W-V3,15094132,2025-01-30
W31-20240517-1529,Drone DMD W31-20240517-1529,Drone DMD 2,IT1 Damoda Drone DMD-M400W-V3,15094132,2025-01-30
W31-20240517-1530,Drone DMD W31-20240517-1530,Drone DMD 2,IT1 Damoda Drone DMD-M400W-V3,15094132,2025-01-30
W31-20240517-1531,Drone DMD W31-20240517-1531,Drone DMD 2,IT1 Damoda Drone DMD-M400W-V3,15094132,2025-01-30
W31-20240517-1532,Drone DMD W31-20240517-1532,Drone DMD 2,IT1 Damoda Drone DMD-M400W-V3,15094132,2025-01-30
W31-20240517-1533,Drone DMD W31-20240517-1533,Drone DMD 2,IT1 Damoda Drone DMD-M400W-V3,15094132,2025-01-30
W31-20240517-1534,Drone DMD W31-20240517-1534,Drone DMD 2,IT1 Damoda Drone DMD-M400W-V3,15094132,2025-01-30
W31-20240517-1535,Drone DMD W31-20240517-1535,Drone DMD 2,IT1 Damoda Drone DMD-M400W-V3,15094132,2025-01-30
W31-20240517-1536,Drone DMD W31-20240517-1536,Drone DMD 2,IT1 Damoda Drone DMD-M400W-V3,15094132,2025-01-30
W31-20240517-1537,Drone DMD W31-20240517-1537,Drone DMD 2,IT1 Damoda Drone DMD-M400W-V3,15094132,2025-01-30
W31-20240517-1538,Drone DMD W31-20240517-1538,Drone DMD 2,IT1 Damoda Drone DMD-M400W-V3,15094132,2025-01-30
W31-20240517-1539,Drone DMD W31-20240517-1539,Drone DMD 2,IT1 Damoda Drone DMD-M400W-V3,15094132,2025-01-30
W31-20240517-1540,Drone DMD W31-20240517-1540,Drone DMD 2,IT1 Damoda Drone DMD-M400W-V3,15094132,2025-01-30
W31-20240517-1541,Drone DMD W31-20240517-1541,Drone DMD 2,IT1 Damoda Drone DMD-M400W-V3,15094132,2025-01-30
W31-20240517-1542,Drone DMD W31-20240517-1542,Drone DMD 2,IT1 Damoda Drone DMD-M400W-V3,15094132,2025-01-30
W31-20240517-1543,Drone DMD W31-20240517-1543,Drone DMD 2,IT1 Damoda Drone DMD-M400W-V3,15094132,2025-01-30
W31-20240517-1544,Drone DMD W31-20240517-1544,Drone DMD 2,IT1 Damoda Drone DMD-M400W-V3,15094132,2025-01-30
W31-20240517-1545,Drone DMD W31-20240517-1545,Drone DMD 2,IT1 Damoda Drone DMD-M400W-V3,15094132,2025-01-30
W31-20240517-1546,Drone DMD W31-20240517-1546,Drone DMD 2,IT1 Damoda Drone DMD-M400W-V3,15094132,2025-01-30
W31-20240517-1547,Drone DMD W31-20240517-1547,Drone DMD 2,IT1 Damoda Drone DMD-M400W-V3,15094132,2025-01-30
W31-20240517-1548,Drone DMD W31-20240517-1548,Drone DMD 2,IT1 Damoda Drone DMD-M400W-V3,15094132,2025-01-30
W31-20240517-1549,Drone DMD W31-20240517-1549,Drone DMD 2,IT1 Damoda Drone DMD-M400W-V3,15094132,2025-01-30
W31-20240517-1550,Drone DMD W31-20240517-1550,Drone DMD 2,IT1 Damoda Drone DMD-M400W-V3,15094132,2025-01-30
W31-20240517-1551,Drone DMD W31-20240517-1551,Drone DMD 2,IT1 Damoda Drone DMD-M400W-V3,15094132,2025-01-30
W31-20240517-1552,Drone DMD W31-20240517-1552,Drone DMD 2,IT1 Damoda Drone DMD-M400W-V3,15094132,2025-01-30
W31-20240517-1553,Drone DMD W31-20240517-1553,Drone DMD 2,IT1 Damoda Drone DMD-M400W-V3,15094132,2025-01-30
W31-20240517-1554,Drone DMD W31-20240517-1554,Drone DMD 2,IT1 Damoda Drone DMD-M400W-V3,15094132,2025-01-30
W31-20240517-1555,Drone DMD W31-20240517-1555,Drone DMD 2,IT1 Damoda Drone DMD-M400W-V3,15094132,2025-01-30
W31-20240517-1556,Drone DMD W31-20240517-1556,Drone DMD 2,IT1 Damoda Drone DMD-M400W-V3,15094132,2025-01-30
W31-20240517-1557,Drone DMD W31-20240517-1557,Drone DMD 2,IT1 Damoda Drone DMD-M400W-V3,15094132,2025-01-30
W31-20240517-1558,Drone DMD W31-20240517-1558,Drone DMD 2,IT1 Damoda Drone DMD-M400W-V3,15094132,2025-01-30
W31-20240517-1559,Drone DMD W31-20240517-1559,Drone DMD 2,IT1 Damoda Drone DMD-M400W-V3,15094132,2025-01-30
W31-20240517-1560,Drone DMD W31-20240517-1560,Drone DMD 2,IT1 Damoda Drone DMD-M400W-V3,15094132,2025-01-30
W31-20240517-1561,Drone DMD W31-20240517-1561,Drone DMD 2,IT1 Damoda Drone DMD-M400W-V3,15094132,2025-01-30
W31-20240517-1562,Drone DMD W31-20240517-1562,Drone DMD 2,IT1 Damoda Drone DMD-M400W-V3,15094132,2025-01-30
W31-20240517-1563,Drone DMD W31-20240517-1563,Drone DMD 2,IT1 Damoda Drone DMD-M400W-V3,15094132,2025-01-30
W31-20240517-1564,Drone DMD W31-20240517-1564,Drone DMD 2,IT1 Damoda Drone DMD-M400W-V3,15094132,2025-01-30
W31-20240517-1565,Drone DMD W31-20240517-1565,Drone DMD 2,IT1 Damoda Drone DMD-M400W-V3,15094132,2025-01-30
W31-20240517-1566,Drone DMD W31-20240517-1566,Drone DMD 2,IT1 Damoda Drone DMD-M400W-V3,15094132,2025-01-30
W31-20240517-1567,Drone DMD W31-20240517-1567,Drone DMD 2,IT1 Damoda Drone DMD-M400W-V3,15094132,2025-01-30
W31-20240517-1568,Drone DMD W31-20240517-1568,Drone DMD 2,IT1 Damoda Drone DMD-M400W-V3,15094132,2025-01-30
W31-20240517-1569,Drone DMD W31-20240517-1569,Drone DMD 2,IT1 Damoda Drone DMD-M400W-V3,15094132,2025-01-30
W31-20240517-1570,Drone DMD W31-20240517-1570,Drone DMD 2,IT1 Damoda Drone DMD-M400W-V3,15094132,2025-01-30
W31-20240517-1571,Drone DMD W31-20240517-1571,Drone DMD 2,IT1 Damoda Drone DMD-M400W-V3,15094132,2025-01-30
W31-20240517-1572,Drone DMD W31-20240517-1572,Drone DMD 2,IT1 Damoda Drone DMD-M400W-V3,15094132,2025-01-30
W31-20240517-1573,Drone DMD W31-20240517-1573,Drone DMD 3,IT1 Damoda Drone DMD-M400W-V3,15094132,2025-01-30
W31-20240517-1574,Drone DMD W31-20240517-1574,Drone DMD 3,IT1 Damoda Drone DMD-M400W-V3,15094132,2025-01-30
W31-20240517-1575,Drone DMD W31-20240517-1575,Drone DMD 3,IT1 Damoda Drone DMD-M400W-V3,15094132,2025-01-30
W31-20240517-1576,Drone DMD W31-20240517-1576,Drone DMD 3,IT1 Damoda Drone DMD-M400W-V3,15094132,2025-01-30
W31-20240517-1577,Drone DMD W31-20240517-1577,Drone DMD 3,IT1 Damoda Drone DMD-M400W-V3,15094132,2025-01-30
W31-20240517-1578,Drone DMD W31-20240517-1578,Drone DMD 3,IT1 Damoda Drone DMD-M400W-V3,15094132,2025-01-30
W31-20240517-1579,Drone DMD W31-20240517-1579,Drone DMD 3,IT1 Damoda Drone DMD-M400W-V3,15094132,2025-01-30
W31-20240517-1580,Drone DMD W31-20240517-1580,Drone DMD 3,IT1 Damoda Drone DMD-M400W-V3,15094132,2025-01-30
W31-20240517-1581,Drone DMD W31-20240517-1581,Drone DMD 3,IT1 Damoda Drone DMD-M400W-V3,15094132,2025-01-30
W31-20240517-1582,Drone DMD W31-20240517-1582,Drone DMD 3,IT1 Damoda Drone DMD-M400W-V3,15094132,2025-01-30
W31-20240517-1583,Drone DMD W31-20240517-1583,Drone DMD 3,IT1 Damoda Drone DMD-M400W-V3,15094132,2025-01-30
W31-20240517-1584,Drone DMD W31-20240517-1584,Drone DMD 3,IT1 Damoda Drone DMD-M400W-V3,15094132,2025-01-30
W31-20240517-1585,Drone DMD W31-20240517-1585,Drone DMD 3,IT1 Damoda Drone DMD-M400W-V3,15094132,2025-01-30
W31-20240517-1586,Drone DMD W31-20240517-1586,Drone DMD 3,IT1 Damoda Drone DMD-M400W-V3,15094132,2025-01-30
W31-20240517-1587,Drone DMD W31-20240517-1587,Drone DMD 3,IT1 Damoda Drone DMD-M400W-V3,15094132,2025-01-30
W31-20240517-1588,Drone DMD W31-20240517-1588,Drone DMD 3,IT1 Damoda Drone DMD-M400W-V3,15094132,2025-01-30
W31-20240517-1589,Drone DMD W31-20240517-1589,Drone DMD 3,IT1 Damoda Drone DMD-M400W-V3,15094132,2025-01-30
W31-20240517-1590,Drone DMD W31-20240517-1590,Drone DMD 3,IT1 Damoda Drone DMD-M400W-V3,15094132,2025-01-30
W31-20240517-1591,Drone DMD W31-20240517-1591,Drone DMD 3,IT1 Damoda Drone DMD-M400W-V3,15094132,2025-01-30
W31-20240517-1592,Drone DMD W31-20240517-1592,Drone DMD 3,IT1 Damoda Drone DMD-M400W-V3,15094132,2025-01-30
W31-20240517-1593,Drone DMD W31-20240517-1593,Drone DMD 3,IT1 Damoda Drone DMD-M400W-V3,15094132,2025-01-30
W31-20240517-1594,Drone DMD W31-20240517-1594,Drone DMD 3,IT1 Damoda Drone DMD-M400W-V3,15094132,2025-01-30
W31-20240517-1595,Drone DMD W31-20240517-1595,Drone DMD 3,IT1 Damoda Drone DMD-M400W-V3,15094132,2025-01-30
W31-20240517-1596,Drone DMD W31-20240517-1596,Drone DMD 3,IT1 Damoda Drone DMD-M400W-V3,15094132,2025-01-30
W31-20240517-1597,Drone DMD W31-20240517-1597,Drone DMD 3,IT1 Damoda Drone DMD-M400W-V3,15094132,2025-01-30
W31-20240517-1598,Drone DMD W31-20240517-1598,Drone DMD 3,IT1 Damoda Drone DMD-M400W-V3,15094132,2025-01-30
W31-20240517-1599,Drone DMD W31-20240517-1599,Drone DMD 3,IT1 Damoda Drone DMD-M400W-V3,15094132,2025-01-30
W31-20240517-1600,Drone DMD W31-20240517-1600,Drone DMD 3,IT1 Damoda Drone DMD-M400W-V3,15094132,2025-01-30
W31-20240517-1601,Drone DMD W31-20240517-1601,Drone DMD 3,IT1 Damoda Drone DMD-M400W-V3,15094132,2025-01-30
W31-20240517-1602,Drone DMD W31-20240517-1602,Drone DMD 3,IT1 Damoda Drone DMD-M400W-V3,15094132,2025-01-30
W31-20240517-1603,Drone DMD W31-20240517-1603,Drone DMD 3,IT1 Damoda Drone DMD-M400W-V3,15094132,2025-01-30
W31-20240517-1604,Drone DMD W31-20240517-1604,Drone DMD 3,IT1 Damoda Drone DMD-M400W-V3,15094132,2025-01-30
W31-20240517-1605,Drone DMD W31-20240517-1605,Drone DMD 3,IT1 Damoda Drone DMD-M400W-V3,15094132,2025-01-30
W31-20240517-1606,Drone DMD W31-20240517-1606,Drone DMD 3,IT1 Damoda Drone DMD-M400W-V3,15094132,2025-01-30
W31-20240517-1607,Drone DMD W31-20240517-1607,Drone DMD 3,IT1 Damoda Drone DMD-M400W-V3,15094132,2025-01-30
W31-20240517-1608,Drone DMD W31-20240517-1608,Drone DMD 3,IT1 Damoda Drone DMD-M400W-V3,15094132,2025-01-30
W31-20240517-1609,Drone DMD W31-20240517-1609,Drone DMD 3,IT1 Damoda Drone DMD-M400W-V3,15094132,2025-01-30
W31-20240517-1610,Drone DMD W31-20240517-1610,Drone DMD 3,IT1 Damoda Drone DMD-M400W-V3,15094132,2025-01-30
W31-20240517-1611,Drone DMD W31-20240517-1611,Drone DMD 3,IT1 Damoda Drone DMD-M400W-V3,15094132,2025-01-30
W31-20240517-1612,Drone DMD W31-20240517-1612,Drone DMD 3,IT1 Damoda Drone DMD-M400W-V3,15094132,2025-01-30
W31-20240517-1613,Drone DMD W31-20240517-1613,Drone DMD 3,IT1 Damoda Drone DMD-M400W-V3,15094132,2025-01-30
W31-20240517-1614,Drone DMD W31-20240517-1614,Drone DMD 3,IT1 Damoda Drone DMD-M400W-V3,15094132,2025-01-30
W31-20240517-1615,Drone DMD W31-20240517-1615,Drone DMD 3,IT1 Damoda Drone DMD-M400W-V3,15094132,2025-01-30
W31-20240517-1616,Drone DMD W31-20240517-1616,Drone DMD 3,IT1 Damoda Drone DMD-M400W-V3,15094132,2025-01-30
W31-20240517-1617,Drone DMD W31-20240517-1617,Drone DMD 3,IT1 Damoda Drone DMD-M400W-V3,15094132,2025-01-30
W31-20240517-1618,Drone DMD W31-20240517-1618,Drone DMD 3,IT1 Damoda Drone DMD-M400W-V3,15094132,2025-01-30
W31-20240517-1619,Drone DMD W31-20240517-1619,Drone DMD 3,IT1 Damoda Drone DMD-M400W-V3,15094132,2025-01-30
W31-20240517-1620,Drone DMD W31-20240517-1620,Drone DMD 3,IT1 Damoda Drone DMD-M400W-V3,15094132,2025-01-30
W31-20240517-1621,Drone DMD W31-20240517-1621,Drone DMD 3,IT1 Damoda Drone DMD-M400W-V3,15094132,2025-01-30
W31-20240517-1622,Drone DMD W31-20240517-1622,Drone DMD 3,IT1 Damoda Drone DMD-M400W-V3,15094132,2025-01-30
W31-20240517-1623,Drone DMD W31-20240517-1623,Drone DMD 3,IT1 Damoda Drone DMD-M400W-V3,15094132,2025-01-30
W31-20240517-1624,Drone DMD W31-20240517-1624,Drone DMD 3,IT1 Damoda Drone DMD-M400W-V3,15094132,2025-01-30
W31-20240517-1625,Drone DMD W31-20240517-1625,Drone DMD 3,IT1 Damoda Drone DMD-M400W-V3,15094132,2025-01-30
W31-20240517-1626,Drone DMD W31-20240517-1626,Drone DMD 3,IT1 Damoda Drone DMD-M400W-V3,15094132,2025-01-30
W31-20240517-1627,Drone DMD W31-20240517-1627,Drone DMD 3,IT1 Damoda Drone DMD-M400W-V3,15094132,2025-01-30
W31-20240517-1628,Drone DMD W31-20240517-1628,Drone DMD 3,IT1 Damoda Drone DMD-M400W-V3,15094132,2025-01-30
W31-20240517-1629,Drone DMD W31-20240517-1629,Drone DMD 3,IT1 Damoda Drone DMD-M400W-V3,15094132,2025-01-30
W31-20240517-1630,Drone DMD W31-20240517-1630,Drone DMD 3,IT1 Damoda Drone DMD-M400W-V3,15094132,2025-01-30
W31-20240517-1631,Drone DMD W31-20240517-1631,Drone DMD 3,IT1 Damoda Drone DMD-M400W-V3,15094132,2025-01-30
W31-20240517-1632,Drone DMD W31-20240517-1632,Drone DMD 3,IT1 Damoda Drone DMD-M400W-V3,15094132,2025-01-30
W31-20240517-1633,Drone DMD W31-20240517-1633,Drone DMD 3,IT1 Damoda Drone DMD-M400W-V3,15094132,2025-01-30
W31-20240517-1634,Drone DMD W31-20240517-1634,Drone DMD 3,IT1 Damoda Drone DMD-M400W-V3,15094132,2025-01-30
W31-20240517-1635,Drone DMD W31-20240517-1635,Drone DMD 3,IT1 Damoda Drone DMD-M400W-V3,15094132,2025-01-30
W31-20240517-1636,Drone DMD W31-20240517-1636,Drone DMD 3,IT1 Damoda Drone DMD-M400W-V3,15094132,2025-01-30
W31-20240517-1637,Drone DMD W31-20240517-1637,Drone DMD 3,IT1 Damoda Drone DMD-M400W-V3,15094132,2025-01-30
W31-20240517-1638,Drone DMD W31-20240517-1638,Drone DMD 3,IT1 Damoda Drone DMD-M400W-V3,15094132,2025-01-30
W31-20240517-1639,Drone DMD W31-20240517-1639,Drone DMD 3,IT1 Damoda Drone DMD-M400W-V3,15094132,2025-01-30
W31-20240517-1640,Drone DMD W31-20240517-1640,Drone DMD 3,IT1 Damoda Drone DMD-M400W-V3,15094132,2025-01-30
W31-20240517-1641,Drone DMD W31-20240517-1641,Drone DMD 3,IT1 Damoda Drone DMD-M400W-V3,15094132,2025-01-30
W31-20240517-1642,Drone DMD W31-20240517-1642,Drone DMD 3,IT1 Damoda Drone DMD-M400W-V3,15094132,2025-01-30
W31-20240517-1643,Drone DMD W31-20240517-1643,Drone DMD 3,IT1 Damoda Drone DMD-M400W-V3,15094132,2025-01-30
W31-20240517-1644,Drone DMD W31-20240517-1644,Drone DMD 3,IT1 Damoda Drone DMD-M400W-V3,15094132,2025-01-30
W31-20240517-1645,Drone DMD W31-20240517-1645,Drone DMD 3,IT1 Damoda Drone DMD-M400W-V3,15094132,2025-01-30
W31-20240517-1646,Drone DMD W31-20240517-1646,Drone DMD 3,IT1 Damoda Drone DMD-M400W-V3,15094132,2025-01-30
W31-20240517-1647,Drone DMD W31-20240517-1647,Drone DMD 3,IT1 Damoda Drone DMD-M400W-V3,15094132,2025-01-30
W31-20240517-1648,Drone DMD W31-20240517-1648,Drone DMD 3,IT1 Damoda Drone DMD-M400W-V3,15094132,2025-01-30
W31-20240517-1649,Drone DMD W31-20240517-1649,Drone DMD 3,IT1 Damoda Drone DMD-M400W-V3,15094132,2025-01-30
W31-20240517-1650,Drone DMD W31-20240517-1650,Drone DMD 3,IT1 Damoda Drone DMD-M400W-V3,15094132,2025-01-30
W31-20240517-1651,Drone DMD W31-20240517-1651,Drone DMD 3,IT1 Damoda Drone DMD-M400W-V3,15094132,2025-01-30
W31-20240517-1652,Drone DMD W31-20240517-1652,Drone DMD 3,IT1 Damoda Drone DMD-M400W-V3,15094132,2025-01-30
W31-20240517-1653,Drone DMD W31-20240517-1653,Drone DMD 3,IT1 Damoda Drone DMD-M400W-V3,15094132,2025-01-30
W31-20240517-1654,Drone DMD W31-20240517-1654,Drone DMD 3,IT1 Damoda Drone DMD-M400W-V3,15094132,2025-01-30
W31-20240517-1655,Drone DMD W31-20240517-1655,Drone DMD 3,IT1 Damoda Drone DMD-M400W-V3,15094132,2025-01-30
W31-20240517-1656,Drone DMD W31-20240517-1656,Drone DMD 3,IT1 Damoda Drone DMD-M400W-V3,15094132,2025-01-30
W31-20240517-1657,Drone DMD W31-20240517-1657,Drone DMD 3,IT1 Damoda Drone DMD-M400W-V3,15094132,2025-01-30
W31-20240517-1658,Drone DMD W31-20240517-1658,Drone DMD 3,IT1 Damoda Drone DMD-M400W-V3,15094132,2025-01-30
W31-20240517-1659,Drone DMD W31-20240517-1659,Drone DMD 3,IT1 Damoda Drone DMD-M400W-V3,15094132,2025-01-30
W31-20240517-1660,Drone DMD W31-20240517-1660,Drone DMD 3,IT1 Damoda Drone DMD-M400W-V3,15094132,2025-01-30
W31-20240517-1661,Drone DMD W31-20240517-1661,Drone DMD 3,IT1 Damoda Drone DMD-M400W-V3,15094132,2025-01-30
W31-20240517-1662,Drone DMD W31-20240517-1662,Drone DMD 3,IT1 Damoda Drone DMD-M400W-V3,15094132,2025-01-30
W31-20240517-1663,Drone DMD W31-20240517-1663,Drone DMD 3,IT1 Damoda Drone DMD-M400W-V3,15094132,2025-01-30
W31-20240517-1664,Drone DMD W31-20240517-1664,Drone DMD 3,IT1 Damoda Drone DMD-M400W-V3,15094132,2025-01-30
W31-20240517-1665,Drone DMD W31-20240517-1665,Drone DMD 3,IT1 Damoda Drone DMD-M400W-V3,15094132,2025-01-30
W31-20240517-1666,Drone DMD W31-20240517-1666,Drone DMD 3,IT1 Damoda Drone DMD-M400W-V3,15094132,2025-01-30
W31-20240517-1667,Drone DMD W31-20240517-1667,Drone DMD 3,IT1 Damoda Drone DMD-M400W-V3,15094132,2025-01-30
W31-20240517-1668,Drone DMD W31-20240517-1668,Drone DMD 3,IT1 Damoda Drone DMD-M400W-V3,15094132,2025-01-30
W31-20240517-1669,Drone DMD W31-20240517-1669,Drone DMD 3,IT1 Damoda Drone DMD-M400W-V3,15094132,2025-01-30
W31-20240517-1670,Drone DMD W31-20240517-1670,Drone DMD 3,IT1 Damoda Drone DMD-M400W-V3,15094132,2025-01-30
W31-20240517-1671,Drone DMD W31-20240517-1671,Drone DMD 3,IT1 Damoda Drone DMD-M400W-V3,15094132,2025-01-30
W31-20240517-1672,Drone DMD W31-20240517-1672,Drone DMD 3,IT1 Damoda Drone DMD-M400W-V3,15094132,2025-01-30
W31-20240517-1673,Drone DMD W31-20240517-1673,Drone DMD 3,IT1 Damoda Drone DMD-M400W-V3,15094132,2025-01-30
W31-20240517-1674,Drone DMD W31-20240517-1674,Drone DMD 3,IT1 Damoda Drone DMD-M400W-V3,15094132,2025-01-30
W31-20240517-1675,Drone DMD W31-20240517-1675,Drone DMD 3,IT1 Damoda Drone DMD-M400W-V3,15094132,2025-01-30
W31-20240517-1676,Drone DMD W31-20240517-1676,Drone DMD 3,IT1 Damoda Drone DMD-M400W-V3,15094132,2025-01-30
W31-20240517-1677,Drone DMD W31-20240517-1677,Drone DMD 3,IT1 Damoda Drone DMD-M400W-V3,15094132,2025-01-30
W31-20240517-1678,Drone DMD W31-20240517-1678,Drone DMD 3,IT1 Damoda Drone DMD-M400W-V3,15094132,2025-01-30
W31-20240517-1679,Drone DMD W31-20240517-1679,Drone DMD 3,IT1 Damoda Drone DMD-M400W-V3,15094132,2025-01-30
W31-20240517-1680,Drone DMD W31-20240517-1680,Drone DMD 3,IT1 Damoda Drone DMD-M400W-V3,15094132,2025-01-30
W31-20240517-1681,Drone DMD W31-20240517-1681,Drone DMD 3,IT1 Damoda Drone DMD-M400W-V3,15094132,2025-01-30
W31-20240517-1682,Drone DMD W31-20240517-1682,Drone DMD 3,IT1 Damoda Drone DMD-M400W-V3,15094132,2025-01-30
W31-20240517-1683,Drone DMD W31-20240517-1683,Drone DMD 3,IT1 Damoda Drone DMD-M400W-V3,15094132,2025-01-30
W31-20240517-1684,Drone DMD W31-20240517-1684,Drone DMD 3,IT1 Damoda Drone DMD-M400W-V3,15094132,2025-01-30
W31-20240517-1685,Drone DMD W31-20240517-1685,Drone DMD 3,IT1 Damoda Drone DMD-M400W-V3,15094132,2025-01-30
W31-20240517-1686,Drone DMD W31-20240517-1686,Drone DMD 3,IT1 Damoda Drone DMD-M400W-V3,15094132,2025-01-30
W31-20240517-1687,Drone DMD W31-20240517-1687,Drone DMD 3,IT1 Damoda Drone DMD-M400W-V3,15094132,2025-01-30
W31-20240517-1688,Drone DMD W31-20240517-1688,Drone DMD 3,IT1 Damoda Drone DMD-M400W-V3,15094132,2025-01-30
W31-20240517-1689,Drone DMD W31-20240517-1689,Drone DMD 3,IT1 Damoda Drone DMD-M400W-V3,15094132,2025-01-30
W31-20240517-1690,Drone DMD W31-20240517-1690,Drone DMD 3,IT1 Damoda Drone DMD-M400W-V3,15094132,2025-01-30
W31-20240517-1691,Drone DMD W31-20240517-1691,Drone DMD 3,IT1 Damoda Drone DMD-M400W-V3,15094132,2025-01-30
W31-20240517-1692,Drone DMD W31-20240517-1692,Drone DMD 3,IT1 Damoda Drone DMD-M400W-V3,15094132,2025-01-30
W31-20240517-1693,Drone DMD W31-20240517-1693,Drone DMD 3,IT1 Damoda Drone DMD-M400W-V3,15094132,2025-01-30
W31-20240517-1694,Drone DMD W31-20240517-1694,Drone DMD 3,IT1 Damoda Drone DMD-M400W-V3,15094132,2025-01-30
W31-20240517-1695,Drone DMD W31-20240517-1695,Drone DMD 3,IT1 Damoda Drone DMD-M400W-V3,15094132,2025-01-30
W31-20240517-1696,Drone DMD W31-20240517-1696,Drone DMD 3,IT1 Damoda Drone DMD-M400W-V3,15094132,2025-01-30
W31-20240517-1697,Drone DMD W31-20240517-1697,Drone DMD 3,IT1 Damoda Drone DMD-M400W-V3,15094132,2025-01-30
W31-20240517-1698,Drone DMD W31-20240517-1698,Drone DMD 3,IT1 Damoda Drone DMD-M400W-V3,15094132,2025-01-30
W31-20240517-1699,Drone DMD W31-20240517-1699,Drone DMD 3,IT1 Damoda Drone DMD-M400W-V3,15094132,2025-01-30
W31-20240517-1700,Drone DMD W31-20240517-1700,Drone DMD 3,IT1 Damoda Drone DMD-M400W-V3,15094132,2025-01-30
W31-20240517-1701,Drone DMD W31-20240517-1701,Drone DMD 3,IT1 Damoda Drone DMD-M400W-V3,15094132,2025-01-30
W31-20240517-1702,Drone DMD W31-20240517-1702,Drone DMD 3,IT1 Damoda Drone DMD-M400W-V3,15094132,2025-01-30
W31-20240517-1703,Drone DMD W31-20240517-1703,Drone DMD 3,IT1 Damoda Drone DMD-M400W-V3,15094132,2025-01-30
W31-20240517-1704,Drone DMD W31-20240517-1704,Drone DMD 3,IT1 Damoda Drone DMD-M400W-V3,15094132,2025-01-30
W31-20240517-1705,Drone DMD W31-20240517-1705,Drone DMD 3,IT1 Damoda Drone DMD-M400W-V3,15094132,2025-01-30
W31-20240517-1706,Drone DMD W31-20240517-1706,Drone DMD 3,IT1 Damoda Drone DMD-M400W-V3,15094132,2025-01-30
W31-20240517-1707,Drone DMD W31-20240517-1707,Drone DMD 3,IT1 Damoda Drone DMD-M400W-V3,15094132,2025-01-30
W31-20240517-1708,Drone DMD W31-20240517-1708,Drone DMD 3,IT1 Damoda Drone DMD-M400W-V3,15094132,2025-01-30
W31-20240517-1709,Drone DMD W31-20240517-1709,Drone DMD 3,IT1 Damoda Drone DMD-M400W-V3,15094132,2025-01-30
W31-20240517-1710,Drone DMD W31-20240517-1710,Drone DMD 3,IT1 Damoda Drone DMD-M400W-V3,15094132,2025-01-30
W31-20240517-1711,Drone DMD W31-20240517-1711,Drone DMD 3,IT1 Damoda Drone DMD-M400W-V3,15094132,2025-01-30
W31-20240517-1712,Drone DMD W31-20240517-1712,Drone DMD 3,IT1 Damoda Drone DMD-M400W-V3,15094132,2025-01-30
W31-20240517-1713,Drone DMD W31-20240517-1713,Drone DMD 3,IT1 Damoda Drone DMD-M400W-V3,15094132,2025-01-30
W31-20240517-1714,Drone DMD W31-20240517-1714,Drone DMD 3,IT1 Damoda Drone DMD-M400W-V3,15094132,2025-01-30
W31-20240517-1715,Drone DMD W31-20240517-1715,Drone DMD 3,IT1 Damoda Drone DMD-M400W-V3,15094132,2025-01-30
W31-20240517-1716,Drone DMD W31-20240517-1716,Drone DMD 3,IT1 Damoda Drone DMD-M400W-V3,15094132,2025-01-30
W31-20240517-1717,Drone DMD W31-20240517-1717,Drone DMD 3,IT1 Damoda Drone DMD-M400W-V3,15094132,2025-01-30
W31-20240517-1718,Drone DMD W31-20240517-1718,Drone DMD 3,IT1 Damoda Drone DMD-M400W-V3,15094132,2025-01-30
W31-20240517-1719,Drone DMD W31-20240517-1719,Drone DMD 3,IT1 Damoda Drone DMD-M400W-V3,15094132,2025-01-30
W31-20240517-1720,Drone DMD W31-20240517-1720,Drone DMD 3,IT1 Damoda Drone DMD-M400W-V3,15094132,2025-01-30
W31-20240517-1721,Drone DMD W31-20240517-1721,Drone DMD 3,IT1 Damoda Drone DMD-M400W-V3,15094132,2025-01-30
W31-20240517-1722,Drone DMD W31-20240517-1722,Drone DMD 3,IT1 Damoda Drone DMD-M400W-V3,15094132,2025-01-30
W31-20240517-1723,Drone DMD W31-20240517-1723,Drone DMD 3,IT1 Damoda Drone DMD-M400W-V3,15094132,2025-01-30
W31-20240517-1724,Drone DMD W31-20240517-1724,Drone DMD 3,IT1 Damoda Drone DMD-M400W-V3,15094132,2025-01-30
W31-20240517-1725,Drone DMD W31-20240517-1725,Drone DMD 3,IT1 Damoda Drone DMD-M400W-V3,15094132,2025-01-30
W31-20240517-1726,Drone DMD W31-20240517-1726,Drone DMD 3,IT1 Damoda Drone DMD-M400W-V3,15094132,2025-01-30
W31-20240517-1727,Drone DMD W31-20240517-1727,Drone DMD 3,IT1 Damoda Drone DMD-M400W-V3,15094132,2025-01-30
W31-20240517-1728,Drone DMD W31-20240517-1728,Drone DMD 3,IT1 Damoda Drone DMD-M400W-V3,15094132,2025-01-30
W31-20240517-1729,Drone DMD W31-20240517-1729,Drone DMD 3,IT1 Damoda Drone DMD-M400W-V3,15094132,2025-01-30
W31-20240517-1730,Drone DMD W31-20240517-1730,Drone DMD 3,IT1 Damoda Drone DMD-M400W-V3,15094132,2025-01-30
W31-20240517-1731,Drone DMD W31-20240517-1731,Drone DMD 3,IT1 Damoda Drone DMD-M400W-V3,15094132,2025-01-30
W31-20240517-1732,Drone DMD W31-20240517-1732,Drone DMD 3,IT1 Damoda Drone DMD-M400W-V3,15094132,2025-01-30
W31-20240517-1733,Drone DMD W31-20240517-1733,Drone DMD 3,IT1 Damoda Drone DMD-M400W-V3,15094132,2025-01-30
W31-20240517-1734,Drone DMD W31-20240517-1734,Drone DMD 3,IT1 Damoda Drone DMD-M400W-V3,15094132,2025-01-30
W31-20240517-1735,Drone DMD W31-20240517-1735,Drone DMD 3,IT1 Damoda Drone DMD-M400W-V3,15094132,2025-01-30
W31-20240517-1736,Drone DMD W31-20240517-1736,Drone DMD 3,IT1 Damoda Drone DMD-M400W-V3,15094132,2025-01-30
W31-20240517-1737,Drone DMD W31-20240517-1737,Drone DMD 3,IT1 Damoda Drone DMD-M400W-V3,15094132,2025-01-30
W31-20240517-1738,Drone DMD W31-20240517-1738,Drone DMD 3,IT1 Damoda Drone DMD-M400W-V3,15094132,2025-01-30
W31-20240517-1739,Drone DMD W31-20240517-1739,Drone DMD 3,IT1 Damoda Drone DMD-M400W-V3,15094132,2025-01-30
W31-20240517-1740,Drone DMD W31-20240517-1740,Drone DMD 3,IT1 Damoda Drone DMD-M400W-V3,15094132,2025-01-30
W31-20240517-1741,Drone DMD W31-20240517-1741,Drone DMD 3,IT1 Damoda Drone DMD-M400W-V3,15094132,2025-01-30
W31-20240517-1742,Drone DMD W31-20240517-1742,Drone DMD 3,IT1 Damoda Drone DMD-M400W-V3,15094132,2025-01-30
W31-20240517-1743,Drone DMD W31-20240517-1743,Drone DMD 3,IT1 Damoda Drone DMD-M400W-V3,15094132,2025-01-30
W31-20240517-1744,Drone DMD W31-20240517-1744,Drone DMD 3,IT1 Damoda Drone DMD-M400W-V3,15094132,2025-01-30
W31-20240517-1745,Drone DMD W31-20240517-1745,Drone DMD 3,IT1 Damoda Drone DMD-M400W-V3,15094132,2025-01-30
W31-20240517-1746,Drone DMD W31-20240517-1746,Drone DMD 3,IT1 Damoda Drone DMD-M400W-V3,15094132,2025-01-30
W31-20240517-1747,Drone DMD W31-20240517-1747,Drone DMD 3,IT1 Damoda Drone DMD-M400W-V3,15094132,2025-01-30
W31-20240517-1748,Drone DMD W31-20240517-1748,Drone DMD 3,IT1 Damoda Drone DMD-M400W-V3,15094132,2025-01-30
W31-20240517-1749,Drone DMD W31-20240517-1749,Drone DMD 3,IT1 Damoda Drone DMD-M400W-V3,15094132,2025-01-30
W31-20240517-1750,Drone DMD W31-20240517-1750,Drone DMD 3,IT1 Damoda Drone DMD-M400W-V3,15094132,2025-01-30
W31-20240517-1751,Drone DMD W31-20240517-1751,Drone DMD 3,IT1 Damoda Drone DMD-M400W-V3,15094132,2025-01-30
W31-20240517-1752,Drone DMD W31-20240517-1752,Drone DMD 3,IT1 Damoda Drone DMD-M400W-V3,15094132,2025-01-30
W31-20240517-1753,Drone DMD W31-20240517-1753,Drone DMD 3,IT1 Damoda Drone DMD-M400W-V3,15094132,2025-01-30
W31-20240517-1754,Drone DMD W31-20240517-1754,Drone DMD 3,IT1 Damoda Drone DMD-M400W-V3,15094132,2025-01-30
W31-20240517-1755,Drone DMD W31-20240517-1755,Drone DMD 3,IT1 Damoda Drone DMD-M400W-V3,15094132,2025-01-30
W31-20240517-1756,Drone DMD W31-20240517-1756,Drone DMD 3,IT1 Damoda Drone DMD-M400W-V3,15094132,2025-01-30
W31-20240517-1757,Drone DMD W31-20240517-1757,Drone DMD 3,IT1 Damoda Drone DMD-M400W-V3,15094132,2025-01-30
W31-20240517-1758,Drone DMD W31-20240517-1758,Drone DMD 3,IT1 Damoda Drone DMD-M400W-V3,15094132,2025-01-30
W31-20240517-1759,Drone DMD W31-20240517-1759,Drone DMD 3,IT1 Damoda Drone DMD-M400W-V3,15094132,2025-01-30
W31-20240517-1760,Drone DMD W31-20240517-1760,Drone DMD 3,IT1 Damoda Drone DMD-M400W-V3,15094132,2025-01-30
W31-20240517-1761,Drone DMD W31-20240517-1761,Drone DMD 3,IT1 Damoda Drone DMD-M400W-V3,15094132,2025-01-30
W31-20240517-1762,Drone DMD W31-20240517-1762,Drone DMD 3,IT1 Damoda Drone DMD-M400W-V3,15094132,2025-01-30
W31-20240517-1763,Drone DMD W31-20240517-1763,Drone DMD 3,IT1 Damoda Drone DMD-M400W-V3,15094132,2025-01-30
W31-20240517-1764,Drone DMD W31-20240517-1764,Drone DMD 3,IT1 Damoda Drone DMD-M400W-V3,15094132,2025-01-30
W31-20240517-1765,Drone DMD W31-20240517-1765,Drone DMD 3,IT1 Damoda Drone DMD-M400W-V3,15094132,2025-01-30
W31-20240517-1766,Drone DMD W31-20240517-1766,Drone DMD 3,IT1 Damoda Drone DMD-M400W-V3,15094132,2025-01-30
W31-20240517-1767,Drone DMD W31-20240517-1767,Drone DMD 3,IT1 Damoda Drone DMD-M400W-V3,15094132,2025-01-30
W31-20240517-1768,Drone DMD W31-20240517-1768,Drone DMD 3,IT1 Damoda Drone DMD-M400W-V3,15094132,2025-01-30
W31-20240517-1769,Drone DMD W31-20240517-1769,Drone DMD 3,IT1 Damoda Drone DMD-M400W-V3,15094132,2025-01-30
W31-20240517-1770,Drone DMD W31-20240517-1770,Drone DMD 3,IT1 Damoda Drone DMD-M400W-V3,15094132,2025-01-30
W31-20240517-1771,Drone DMD W31-20240517-1771,Drone DMD 3,IT1 Damoda Drone DMD-M400W-V3,15094132,2025-01-30
W31-20240517-1772,Drone DMD W31-20240517-1772,Drone DMD 3,IT1 Damoda Drone DMD-M400W-V3,15094132,2025-01-30
W31-20240517-1773,Drone DMD W31-20240517-1773,Drone DMD 3,IT1 Damoda Drone DMD-M400W-V3,15094132,2025-01-30
W31-20240517-1774,Drone DMD W31-20240517-1774,Drone DMD 3,IT1 Damoda Drone DMD-M400W-V3,15094132,2025-01-30
W31-20240517-1775,Drone DMD W31-20240517-1775,Drone DMD 3,IT1 Damoda Drone DMD-M400W-V3,15094132,2025-01-30
W31-20240517-1776,Drone DMD W31-20240517-1776,Drone DMD 3,IT1 Damoda Drone DMD-M400W-V3,15094132,2025-01-30
W31-20240517-1777,Drone DMD W31-20240517-1777,Drone DMD 4,IT1 Damoda Drone DMD-M400W-V3,15094132,2025-01-30
W31-20240517-1778,Drone DMD W31-20240517-1778,Drone DMD 4,IT1 Damoda Drone DMD-M400W-V3,15094132,2025-01-30
W31-20240517-1779,Drone DMD W31-20240517-1779,Drone DMD 4,IT1 Damoda Drone DMD-M400W-V3,15094132,2025-01-30
W31-20240517-1780,Drone DMD W31-20240517-1780,Drone DMD 4,IT1 Damoda Drone DMD-M400W-V3,15094132,2025-01-30
W31-20240517-1781,Drone DMD W31-20240517-1781,Drone DMD 4,IT1 Damoda Drone DMD-M400W-V3,15094132,2025-01-30
W31-20240517-1782,Drone DMD W31-20240517-1782,Drone DMD 4,IT1 Damoda Drone DMD-M400W-V3,15094132,2025-01-30
W31-20240517-1783,Drone DMD W31-20240517-1783,Drone DMD 4,IT1 Damoda Drone DMD-M400W-V3,15094132,2025-01-30
W31-20240517-1784,Drone DMD W31-20240517-1784,Drone DMD 4,IT1 Damoda Drone DMD-M400W-V3,15094132,2025-01-30
W31-20240517-1785,Drone DMD W31-20240517-1785,Drone DMD 4,IT1 Damoda Drone DMD-M400W-V3,15094132,2025-01-30
W31-20240517-1786,Drone DMD W31-20240517-1786,Drone DMD 4,IT1 Damoda Drone DMD-M400W-V3,15094132,2025-01-30
W31-20240517-1787,Drone DMD W31-20240517-1787,Drone DMD 4,IT1 Damoda Drone DMD-M400W-V3,15094132,2025-01-30
W31-20240517-1788,Drone DMD W31-20240517-1788,Drone DMD 4,IT1 Damoda Drone DMD-M400W-V3,15094132,2025-01-30
W31-20240517-1789,Drone DMD W31-20240517-1789,Drone DMD 4,IT1 Damoda Drone DMD-M400W-V3,15094132,2025-01-30
W31-20240517-1790,Drone DMD W31-20240517-1790,Drone DMD 4,IT1 Damoda Drone DMD-M400W-V3,15094132,2025-01-30
W31-20240517-1791,Drone DMD W31-20240517-1791,Drone DMD 4,IT1 Damoda Drone DMD-M400W-V3,15094132,2025-01-30
W31-20240517-1792,Drone DMD W31-20240517-1792,Drone DMD 4,IT1 Damoda Drone DMD-M400W-V3,15094132,2025-01-30
W31-20240517-1793,Drone DMD W31-20240517-1793,Drone DMD 4,IT1 Damoda Drone DMD-M400W-V3,15094132,2025-01-30
W31-20240517-1794,Drone DMD W31-20240517-1794,Drone DMD 4,IT1 Damoda Drone DMD-M400W-V3,15094132,2025-01-30
W31-20240517-1795,Drone DMD W31-20240517-1795,Drone DMD 4,IT1 Damoda Drone DMD-M400W-V3,15094132,2025-01-30
W31-20240517-1796,Drone DMD W31-20240517-1796,Drone DMD 4,IT1 Damoda Drone DMD-M400W-V3,15094132,2025-01-30
W31-20240517-1797,Drone DMD W31-20240517-1797,Drone DMD 4,IT1 Damoda Drone DMD-M400W-V3,15094132,2025-01-30
W31-20240517-1798,Drone DMD W31-20240517-1798,Drone DMD 4,IT1 Damoda Drone DMD-M400W-V3,15094132,2025-01-30
W31-20240517-1799,Drone DMD W31-20240517-1799,Drone DMD 4,IT1 Damoda Drone DMD-M400W-V3,15094132,2025-01-30
W31-20240517-1800,Drone DMD W31-20240517-1800,Drone DMD 4,IT1 Damoda Drone DMD-M400W-V3,15094132,2025-01-30
W31-20240517-1801,Drone DMD W31-20240517-1801,Drone DMD 4,IT1 Damoda Drone DMD-M400W-V3,15094132,2025-01-30
W31-20240517-1802,Drone DMD W31-20240517-1802,Drone DMD 4,IT1 Damoda Drone DMD-M400W-V3,15094132,2025-01-30
W31-20240517-1803,Drone DMD W31-20240517-1803,Drone DMD 4,IT1 Damoda Drone DMD-M400W-V3,15094132,2025-01-30
W31-20240517-1804,Drone DMD W31-20240517-1804,Drone DMD 4,IT1 Damoda Drone DMD-M400W-V3,15094132,2025-01-30
W31-20240517-1805,Drone DMD W31-20240517-1805,Drone DMD 4,IT1 Damoda Drone DMD-M400W-V3,15094132,2025-01-30
W31-20240517-1806,Drone DMD W31-20240517-1806,Drone DMD 4,IT1 Damoda Drone DMD-M400W-V3,15094132,2025-01-30
W31-20240517-1807,Drone DMD W31-20240517-1807,Drone DMD 4,IT1 Damoda Drone DMD-M400W-V3,15094132,2025-01-30
W31-20240517-1808,Drone DMD W31-20240517-1808,Drone DMD 4,IT1 Damoda Drone DMD-M400W-V3,15094132,2025-01-30
W31-20240517-1809,Drone DMD W31-20240517-1809,Drone DMD 4,IT1 Damoda Drone DMD-M400W-V3,15094132,2025-01-30
W31-20240517-1810,Drone DMD W31-20240517-1810,Drone DMD 4,IT1 Damoda Drone DMD-M400W-V3,15094132,2025-01-30
W31-20240517-1811,Drone DMD W31-20240517-1811,Drone DMD 4,IT1 Damoda Drone DMD-M400W-V3,15094132,2025-01-30
W31-20240517-1812,Drone DMD W31-20240517-1812,Drone DMD 4,IT1 Damoda Drone DMD-M400W-V3,15094132,2025-01-30
W31-20240517-1813,Drone DMD W31-20240517-1813,Drone DMD 4,IT1 Damoda Drone DMD-M400W-V3,15094132,2025-01-30
W31-20240517-1814,Drone DMD W31-20240517-1814,Drone DMD 4,IT1 Damoda Drone DMD-M400W-V3,15094132,2025-01-30
W31-20240517-1815,Drone DMD W31-20240517-1815,Drone DMD 4,IT1 Damoda Drone DMD-M400W-V3,15094132,2025-01-30
W31-20240517-1816,Drone DMD W31-20240517-1816,Drone DMD 4,IT1 Damoda Drone DMD-M400W-V3,15094132,2025-01-30
W31-20240517-1817,Drone DMD W31-20240517-1817,Drone DMD 4,IT1 Damoda Drone DMD-M400W-V3,15094132,2025-01-30
W31-20240517-1818,Drone DMD W31-20240517-1818,Drone DMD 4,IT1 Damoda Drone DMD-M400W-V3,15094132,2025-01-30
W31-20240517-1819,Drone DMD W31-20240517-1819,Drone DMD 4,IT1 Damoda Drone DMD-M400W-V3,15094132,2025-01-30
W31-20240517-1820,Drone DMD W31-20240517-1820,Drone DMD 4,IT1 Damoda Drone DMD-M400W-V3,15094132,2025-01-30
W31-20240517-1821,Drone DMD W31-20240517-1821,Drone DMD 4,IT1 Damoda Drone DMD-M400W-V3,15094132,2025-01-30
W31-20240517-1822,Drone DMD W31-20240517-1822,Drone DMD 4,IT1 Damoda Drone DMD-M400W-V3,15094132,2025-01-30
W31-20240517-1823,Drone DMD W31-20240517-1823,Drone DMD 4,IT1 Damoda Drone DMD-M400W-V3,15094132,2025-01-30
W31-20240517-1824,Drone DMD W31-20240517-1824,Drone DMD 4,IT1 Damoda Drone DMD-M400W-V3,15094132,2025-01-30
W31-20240517-1825,Drone DMD W31-20240517-1825,Drone DMD 4,IT1 Damoda Drone DMD-M400W-V3,15094132,2025-01-30
W31-20240517-1826,Drone DMD W31-20240517-1826,Drone DMD 4,IT1 Damoda Drone DMD-M400W-V3,15094132,2025-01-30
W31-20240517-1827,Drone DMD W31-20240517-1827,Drone DMD 4,IT1 Damoda Drone DMD-M400W-V3,15094132,2025-01-30
W31-20240517-1828,Drone DMD W31-20240517-1828,Drone DMD 4,IT1 Damoda Drone DMD-M400W-V3,15094132,2025-01-30
W31-20240517-1829,Drone DMD W31-20240517-1829,Drone DMD 4,IT1 Damoda Drone DMD-M400W-V3,15094132,2025-01-30
W31-20240517-1830,Drone DMD W31-20240517-1830,Drone DMD 4,IT1 Damoda Drone DMD-M400W-V3,15094132,2025-01-30
W31-20240517-1831,Drone DMD W31-20240517-1831,Drone DMD 4,IT1 Damoda Drone DMD-M400W-V3,15094132,2025-01-30
W31-20240517-1832,Drone DMD W31-20240517-1832,Drone DMD 4,IT1 Damoda Drone DMD-M400W-V3,15094132,2025-01-30
W31-20240517-1833,Drone DMD W31-20240517-1833,Drone DMD 4,IT1 Damoda Drone DMD-M400W-V3,15094132,2025-01-30
W31-20240517-1834,Drone DMD W31-20240517-1834,Drone DMD 4,IT1 Damoda Drone DMD-M400W-V3,15094132,2025-01-30
W31-20240517-1835,Drone DMD W31-20240517-1835,Drone DMD 4,IT1 Damoda Drone DMD-M400W-V3,15094132,2025-01-30
W31-20240517-1836,Drone DMD W31-20240517-1836,Drone DMD 4,IT1 Damoda Drone DMD-M400W-V3,15094132,2025-01-30
W31-20240517-1837,Drone DMD W31-20240517-1837,Drone DMD 4,IT1 Damoda Drone DMD-M400W-V3,15094132,2025-01-30
W31-20240517-1838,Drone DMD W31-20240517-1838,Drone DMD 4,IT1 Damoda Drone DMD-M400W-V3,15094132,2025-01-30
W31-20240517-1839,Drone DMD W31-20240517-1839,Drone DMD 4,IT1 Damoda Drone DMD-M400W-V3,15094132,2025-01-30
W31-20240517-1840,Drone DMD W31-20240517-1840,Drone DMD 4,IT1 Damoda Drone DMD-M400W-V3,15094132,2025-01-30
W31-20240517-1841,Drone DMD W31-20240517-1841,Drone DMD 4,IT1 Damoda Drone DMD-M400W-V3,15094132,2025-01-30
W31-20240517-1842,Drone DMD W31-20240517-1842,Drone DMD 4,IT1 Damoda Drone DMD-M400W-V3,15094132,2025-01-30
W31-20240517-1843,Drone DMD W31-20240517-1843,Drone DMD 4,IT1 Damoda Drone DMD-M400W-V3,15094132,2025-01-30
W31-20240517-1844,Drone DMD W31-20240517-1844,Drone DMD 4,IT1 Damoda Drone DMD-M400W-V3,15094132,2025-01-30
W31-20240517-1845,Drone DMD W31-20240517-1845,Drone DMD 4,IT1 Damoda Drone DMD-M400W-V3,15094132,2025-01-30
W31-20240517-1846,Drone DMD W31-20240517-1846,Drone DMD 4,IT1 Damoda Drone DMD-M400W-V3,15094132,2025-01-30
W31-20240517-1847,Drone DMD W31-20240517-1847,Drone DMD 4,IT1 Damoda Drone DMD-M400W-V3,15094132,2025-01-30
W31-20240517-1848,Drone DMD W31-20240517-1848,Drone DMD 4,IT1 Damoda Drone DMD-M400W-V3,15094132,2025-01-30
W31-20240517-1849,Drone DMD W31-20240517-1849,Drone DMD 4,IT1 Damoda Drone DMD-M400W-V3,15094132,2025-01-30
W31-20240517-1850,Drone DMD W31-20240517-1850,Drone DMD 4,IT1 Damoda Drone DMD-M400W-V3,15094132,2025-01-30
W31-20240517-1851,Drone DMD W31-20240517-1851,Drone DMD 4,IT1 Damoda Drone DMD-M400W-V3,15094132,2025-01-30
W31-20240517-1852,Drone DMD W31-20240517-1852,Drone DMD 4,IT1 Damoda Drone DMD-M400W-V3,15094132,2025-01-30
W31-20240517-1853,Drone DMD W31-20240517-1853,Drone DMD 4,IT1 Damoda Drone DMD-M400W-V3,15094132,2025-01-30
W31-20240517-1854,Drone DMD W31-20240517-1854,Drone DMD 4,IT1 Damoda Drone DMD-M400W-V3,15094132,2025-01-30
W31-20240517-1855,Drone DMD W31-20240517-1855,Drone DMD 4,IT1 Damoda Drone DMD-M400W-V3,15094132,2025-01-30
W31-20240517-1856,Drone DMD W31-20240517-1856,Drone DMD 4,IT1 Damoda Drone DMD-M400W-V3,15094132,2025-01-30
W31-20240517-1857,Drone DMD W31-20240517-1857,Drone DMD 4,IT1 Damoda Drone DMD-M400W-V3,15094132,2025-01-30
W31-20240517-1858,Drone DMD W31-20240517-1858,Drone DMD 4,IT1 Damoda Drone DMD-M400W-V3,15094132,2025-01-30
W31-20240517-1859,Drone DMD W31-20240517-1859,Drone DMD 4,IT1 Damoda Drone DMD-M400W-V3,15094132,2025-01-30
W31-20240517-1860,Drone DMD W31-20240517-1860,Drone DMD 4,IT1 Damoda Drone DMD-M400W-V3,15094132,2025-01-30
W31-20240517-1861,Drone DMD W31-20240517-1861,Drone DMD 4,IT1 Damoda Drone DMD-M400W-V3,15094132,2025-01-30
W31-20240517-1862,Drone DMD W31-20240517-1862,Drone DMD 4,IT1 Damoda Drone DMD-M400W-V3,15094132,2025-01-30
W31-20240517-1863,Drone DMD W31-20240517-1863,Drone DMD 4,IT1 Damoda Drone DMD-M400W-V3,15094132,2025-01-30
W31-20240517-1864,Drone DMD W31-20240517-1864,Drone DMD 4,IT1 Damoda Drone DMD-M400W-V3,15094132,2025-01-30
W31-20240517-1865,Drone DMD W31-20240517-1865,Drone DMD 4,IT1 Damoda Drone DMD-M400W-V3,15094132,2025-01-30
W31-20240517-1866,Drone DMD W31-20240517-1866,Drone DMD 4,IT1 Damoda Drone DMD-M400W-V3,15094132,2025-01-30
W31-20240517-1867,Drone DMD W31-20240517-1867,Drone DMD 4,IT1 Damoda Drone DMD-M400W-V3,15094132,2025-01-30
W31-20240517-1868,Drone DMD W31-20240517-1868,Drone DMD 4,IT1 Damoda Drone DMD-M400W-V3,15094132,2025-01-30
W31-20240517-1869,Drone DMD W31-20240517-1869,Drone DMD 4,IT1 Damoda Drone DMD-M400W-V3,15094132,2025-01-30
W31-20240517-1870,Drone DMD W31-20240517-1870,Drone DMD 4,IT1 Damoda Drone DMD-M400W-V3,15094132,2025-01-30
W31-20240517-1871,Drone DMD W31-20240517-1871,Drone DMD 4,IT1 Damoda Drone DMD-M400W-V3,15094132,2025-01-30
W31-20240517-1872,Drone DMD W31-20240517-1872,Drone DMD 4,IT1 Damoda Drone DMD-M400W-V3,15094132,2025-01-30
W31-20240517-1873,Drone DMD W31-20240517-1873,Drone DMD 4,IT1 Damoda Drone DMD-M400W-V3,15094132,2025-01-30
W31-20240517-1874,Drone DMD W31-20240517-1874,Drone DMD 4,IT1 Damoda Drone DMD-M400W-V3,15094132,2025-01-30
W31-20240517-1875,Drone DMD W31-20240517-1875,Drone DMD 4,IT1 Damoda Drone DMD-M400W-V3,15094132,2025-01-30
W31-20240517-1876,Drone DMD W31-20240517-1876,Drone DMD 4,IT1 Damoda Drone DMD-M400W-V3,15094132,2025-01-30
W31-20240517-1877,Drone DMD W31-20240517-1877,Drone DMD 4,IT1 Damoda Drone DMD-M400W-V3,15094132,2025-01-30
W31-20240517-1878,Drone DMD W31-20240517-1878,Drone DMD 4,IT1 Damoda Drone DMD-M400W-V3,15094132,2025-01-30
W31-20240517-1879,Drone DMD W31-20240517-1879,Drone DMD 4,IT1 Damoda Drone DMD-M400W-V3,15094132,2025-01-30
W31-20240517-1880,Drone DMD W31-20240517-1880,Drone DMD 4,IT1 Damoda Drone DMD-M400W-V3,15094132,2025-01-30
W31-20240517-1881,Drone DMD W31-20240517-1881,Drone DMD 4,IT1 Damoda Drone DMD-M400W-V3,15094132,2025-01-30
W31-20240517-1882,Drone DMD W31-20240517-1882,Drone DMD 4,IT1 Damoda Drone DMD-M400W-V3,15094132,2025-01-30
W31-20240517-1883,Drone DMD W31-20240517-1883,Drone DMD 4,IT1 Damoda Drone DMD-M400W-V3,15094132,2025-01-30
W31-20240517-1884,Drone DMD W31-20240517-1884,Drone DMD 4,IT1 Damoda Drone DMD-M400W-V3,15094132,2025-01-30
W31-20240517-1885,Drone DMD W31-20240517-1885,Drone DMD 4,IT1 Damoda Drone DMD-M400W-V3,15094132,2025-01-30
W31-20240517-1886,Drone DMD W31-20240517-1886,Drone DMD 4,IT1 Damoda Drone DMD-M400W-V3,15094132,2025-01-30
W31-20240517-1887,Drone DMD W31-20240517-1887,Drone DMD 4,IT1 Damoda Drone DMD-M400W-V3,15094132,2025-01-30
W31-20240517-1888,Drone DMD W31-20240517-1888,Drone DMD 4,IT1 Damoda Drone DMD-M400W-V3,15094132,2025-01-30
W31-20240517-1889,Drone DMD W31-20240517-1889,Drone DMD 4,IT1 Damoda Drone DMD-M400W-V3,15094132,2025-01-30
W31-20240517-1890,Drone DMD W31-20240517-1890,Drone DMD 4,IT1 Damoda Drone DMD-M400W-V3,15094132,2025-01-30
W31-20240517-1891,Drone DMD W31-20240517-1891,Drone DMD 4,IT1 Damoda Drone DMD-M400W-V3,15094132,2025-01-30
W31-20240517-1892,Drone DMD W31-20240517-1892,Drone DMD 4,IT1 Damoda Drone DMD-M400W-V3,15094132,2025-01-30
W31-20240517-1893,Drone DMD W31-20240517-1893,Drone DMD 4,IT1 Damoda Drone DMD-M400W-V3,15094132,2025-01-30
W31-20240517-1894,Drone DMD W31-20240517-1894,Drone DMD 4,IT1 Damoda Drone DMD-M400W-V3,15094132,2025-01-30
W31-20240517-1895,Drone DMD W31-20240517-1895,Drone DMD 4,IT1 Damoda Drone DMD-M400W-V3,15094132,2025-01-30
W31-20240517-1896,Drone DMD W31-20240517-1896,Drone DMD 4,IT1 Damoda Drone DMD-M400W-V3,15094132,2025-01-30
W31-20240517-1897,Drone DMD W31-20240517-1897,Drone DMD 4,IT1 Damoda Drone DMD-M400W-V3,15094132,2025-01-30
W31-20240517-1898,Drone DMD W31-20240517-1898,Drone DMD 4,IT1 Damoda Drone DMD-M400W-V3,15094132,2025-01-30
W31-20240517-1899,Drone DMD W31-20240517-1899,Drone DMD 4,IT1 Damoda Drone DMD-M400W-V3,15094132,2025-01-30
W31-20240517-1900,Drone DMD W31-20240517-1900,Drone DMD 4,IT1 Damoda Drone DMD-M400W-V3,15094132,2025-01-30
W31-20240517-1901,Drone DMD W31-20240517-1901,Drone DMD 4,IT1 Damoda Drone DMD-M400W-V3,15094132,2025-01-30
W31-20240517-1902,Drone DMD W31-20240517-1902,Drone DMD 4,IT1 Damoda Drone DMD-M400W-V3,15094132,2025-01-30
W31-20240517-1903,Drone DMD W31-20240517-1903,Drone DMD 4,IT1 Damoda Drone DMD-M400W-V3,15094132,2025-01-30
W31-20240517-1904,Drone DMD W31-20240517-1904,Drone DMD 4,IT1 Damoda Drone DMD-M400W-V3,15094132,2025-01-30
W31-20240517-1905,Drone DMD W31-20240517-1905,Drone DMD 4,IT1 Damoda Drone DMD-M400W-V3,15094132,2025-01-30
W31-20240517-1906,Drone DMD W31-20240517-1906,Drone DMD 4,IT1 Damoda Drone DMD-M400W-V3,15094132,2025-01-30
W31-20240517-1907,Drone DMD W31-20240517-1907,Drone DMD 4,IT1 Damoda Drone DMD-M400W-V3,15094132,2025-01-30
W31-20240517-1908,Drone DMD W31-20240517-1908,Drone DMD 4,IT1 Damoda Drone DMD-M400W-V3,15094132,2025-01-30
W31-20240517-1909,Drone DMD W31-20240517-1909,Drone DMD 4,IT1 Damoda Drone DMD-M400W-V3,15094132,2025-01-30
W31-20240517-1910,Drone DMD W31-20240517-1910,Drone DMD 4,IT1 Damoda Drone DMD-M400W-V3,15094132,2025-01-30
W31-20240517-1911,Drone DMD W31-20240517-1911,Drone DMD 4,IT1 Damoda Drone DMD-M400W-V3,15094132,2025-01-30
W31-20240517-1912,Drone DMD W31-20240517-1912,Drone DMD 4,IT1 Damoda Drone DMD-M400W-V3,15094132,2025-01-30
W31-20240517-1913,Drone DMD W31-20240517-1913,Drone DMD 4,IT1 Damoda Drone DMD-M400W-V3,15094132,2025-01-30
W31-20240517-1914,Drone DMD W31-20240517-1914,Drone DMD 4,IT1 Damoda Drone DMD-M400W-V3,15094132,2025-01-30
W31-20240517-1915,Drone DMD W31-20240517-1915,Drone DMD 4,IT1 Damoda Drone DMD-M400W-V3,15094132,2025-01-30
W31-20240517-1916,Drone DMD W31-20240517-1916,Drone DMD 4,IT1 Damoda Drone DMD-M400W-V3,15094132,2025-01-30
W31-20240517-1917,Drone DMD W31-20240517-1917,Drone DMD 4,IT1 Damoda Drone DMD-M400W-V3,15094132,2025-01-30
W31-20240517-1918,Drone DMD W31-20240517-1918,Drone DMD 4,IT1 Damoda Drone DMD-M400W-V3,15094132,2025-01-30
W31-20240517-1919,Drone DMD W31-20240517-1919,Drone DMD 4,IT1 Damoda Drone DMD-M400W-V3,15094132,2025-01-30
W31-20240517-1920,Drone DMD W31-20240517-1920,Drone DMD 4,IT1 Damoda Drone DMD-M400W-V3,15094132,2025-01-30
W31-20240517-1921,Drone DMD W31-20240517-1921,Drone DMD 4,IT1 Damoda Drone DMD-M400W-V3,15094132,2025-01-30
W31-20240517-1922,Drone DMD W31-20240517-1922,Drone DMD 4,IT1 Damoda Drone DMD-M400W-V3,15094132,2025-01-30
W31-20240517-1923,Drone DMD W31-20240517-1923,Drone DMD 4,IT1 Damoda Drone DMD-M400W-V3,15094132,2025-01-30
W31-20240517-1924,Drone DMD W31-20240517-1924,Drone DMD 4,IT1 Damoda Drone DMD-M400W-V3,15094132,2025-01-30
W31-20240517-1925,Drone DMD W31-20240517-1925,Drone DMD 4,IT1 Damoda Drone DMD-M400W-V3,15094132,2025-01-30
W31-20240517-1926,Drone DMD W31-20240517-1926,Drone DMD 4,IT1 Damoda Drone DMD-M400W-V3,15094132,2025-01-30
W31-20240517-1927,Drone DMD W31-20240517-1927,Drone DMD 4,IT1 Damoda Drone DMD-M400W-V3,15094132,2025-01-30
W31-20240517-1928,Drone DMD W31-20240517-1928,Drone DMD 4,IT1 Damoda Drone DMD-M400W-V3,15094132,2025-01-30
W31-20240517-1929,Drone DMD W31-20240517-1929,Drone DMD 4,IT1 Damoda Drone DMD-M400W-V3,15094132,2025-01-30
W31-20240517-1930,Drone DMD W31-20240517-1930,Drone DMD 4,IT1 Damoda Drone DMD-M400W-V3,15094132,2025-01-30
W31-20240517-1931,Drone DMD W31-20240517-1931,Drone DMD 4,IT1 Damoda Drone DMD-M400W-V3,15094132,2025-01-30
W31-20240517-1932,Drone DMD W31-20240517-1932,Drone DMD 4,IT1 Damoda Drone DMD-M400W-V3,15094132,2025-01-30
W31-20240517-1933,Drone DMD W31-20240517-1933,Drone DMD 4,IT1 Damoda Drone DMD-M400W-V3,15094132,2025-01-30
W31-20240517-1934,Drone DMD W31-20240517-1934,Drone DMD 4,IT1 Damoda Drone DMD-M400W-V3,15094132,2025-01-30
W31-20240517-1935,Drone DMD W31-20240517-1935,Drone DMD 4,IT1 Damoda Drone DMD-M400W-V3,15094132,2025-01-30
W31-20240517-1936,Drone DMD W31-20240517-1936,Drone DMD 4,IT1 Damoda Drone DMD-M400W-V3,15094132,2025-01-30
W31-20240517-1937,Drone DMD W31-20240517-1937,Drone DMD 4,IT1 Damoda Drone DMD-M400W-V3,15094132,2025-01-30
W31-20240517-1938,Drone DMD W31-20240517-1938,Drone DMD 4,IT1 Damoda Drone DMD-M400W-V3,15094132,2025-01-30
W31-20240517-1939,Drone DMD W31-20240517-1939,Drone DMD 4,IT1 Damoda Drone DMD-M400W-V3,15094132,2025-01-30
W31-20240517-1940,Drone DMD W31-20240517-1940,Drone DMD 4,IT1 Damoda Drone DMD-M400W-V3,15094132,2025-01-30
W31-20240517-1941,Drone DMD W31-20240517-1941,Drone DMD 4,IT1 Damoda Drone DMD-M400W-V3,15094132,2025-01-30
W31-20240517-1942,Drone DMD W31-20240517-1942,Drone DMD 4,IT1 Damoda Drone DMD-M400W-V3,15094132,2025-01-30
W31-20240517-1943,Drone DMD W31-20240517-1943,Drone DMD 4,IT1 Damoda Drone DMD-M400W-V3,15094132,2025-01-30
W31-20240517-1944,Drone DMD W31-20240517-1944,Drone DMD 4,IT1 Damoda Drone DMD-M400W-V3,15094132,2025-01-30
W31-20240517-1945,Drone DMD W31-20240517-1945,Drone DMD 4,IT1 Damoda Drone DMD-M400W-V3,15094132,2025-01-30
W31-20240517-1946,Drone DMD W31-20240517-1946,Drone DMD 4,IT1 Damoda Drone DMD-M400W-V3,15094132,2025-01-30
W31-20240517-1947,Drone DMD W31-20240517-1947,Drone DMD 4,IT1 Damoda Drone DMD-M400W-V3,15094132,2025-01-30
W31-20240517-1948,Drone DMD W31-20240517-1948,Drone DMD 4,IT1 Damoda Drone DMD-M400W-V3,15094132,2025-01-30
W31-20240517-1949,Drone DMD W31-20240517-1949,Drone DMD 4,IT1 Damoda Drone DMD-M400W-V3,15094132,2025-01-30
W31-20240517-1950,Drone DMD W31-20240517-1950,Drone DMD 4,IT1 Damoda Drone DMD-M400W-V3,15094132,2025-01-30
W31-20240517-1951,Drone DMD W31-20240517-1951,Drone DMD 4,IT1 Damoda Drone DMD-M400W-V3,15094132,2025-01-30
W31-20240517-1952,Drone DMD W31-20240517-1952,Drone DMD 4,IT1 Damoda Drone DMD-M400W-V3,15094132,2025-01-30
W31-20240517-1953,Drone DMD W31-20240517-1953,Drone DMD 4,IT1 Damoda Drone DMD-M400W-V3,15094132,2025-01-30
W31-20240517-1954,Drone DMD W31-20240517-1954,Drone DMD 4,IT1 Damoda Drone DMD-M400W-V3,15094132,2025-01-30
W31-20240517-1955,Drone DMD W31-20240517-1955,Drone DMD 4,IT1 Damoda Drone DMD-M400W-V3,15094132,2025-01-30
W31-20240517-1956,Drone DMD W31-20240517-1956,Drone DMD 4,IT1 Damoda Drone DMD-M400W-V3,15094132,2025-01-30
W31-20240517-1957,Drone DMD W31-20240517-1957,Drone DMD 4,IT1 Damoda Drone DMD-M400W-V3,15094132,2025-01-30
W31-20240517-1958,Drone DMD W31-20240517-1958,Drone DMD 4,IT1 Damoda Drone DMD-M400W-V3,15094132,2025-01-30
W31-20240517-1959,Drone DMD W31-20240517-1959,Drone DMD 4,IT1 Damoda Drone DMD-M400W-V3,15094132,2025-01-30
W31-20240517-1960,Drone DMD W31-20240517-1960,Drone DMD 4,IT1 Damoda Drone DMD-M400W-V3,15094132,2025-01-30
W31-20240517-1961,Drone DMD W31-20240517-1961,Drone DMD 4,IT1 Damoda Drone DMD-M400W-V3,15094132,2025-01-30
W31-20240517-1962,Drone DMD W31-20240517-1962,Drone DMD 4,IT1 Damoda Drone DMD-M400W-V3,15094132,2025-01-30
W31-20240517-1963,Drone DMD W31-20240517-1963,Drone DMD 4,IT1 Damoda Drone DMD-M400W-V3,15094132,2025-01-30
W31-20240517-1964,Drone DMD W31-20240517-1964,Drone DMD 4,IT1 Damoda Drone DMD-M400W-V3,15094132,2025-01-30
W31-20240517-1965,Drone DMD W31-20240517-1965,Drone DMD 4,IT1 Damoda Drone DMD-M400W-V3,15094132,2025-01-30
W31-20240517-1966,Drone DMD W31-20240517-1966,Drone DMD 4,IT1 Damoda Drone DMD-M400W-V3,15094132,2025-01-30
W31-20240517-1967,Drone DMD W31-20240517-1967,Drone DMD 4,IT1 Damoda Drone DMD-M400W-V3,15094132,2025-01-30
W31-20240517-1968,Drone DMD W31-20240517-1968,Drone DMD 4,IT1 Damoda Drone DMD-M400W-V3,15094132,2025-01-30
W31-20240517-1969,Drone DMD W31-20240517-1969,Drone DMD 4,IT1 Damoda Drone DMD-M400W-V3,15094132,2025-01-30
W31-20240517-1970,Drone DMD W31-20240517-1970,Drone DMD 4,IT1 Damoda Drone DMD-M400W-V3,15094132,2025-01-30
W31-20240517-1971,Drone DMD W31-20240517-1971,Drone DMD 4,IT1 Damoda Drone DMD-M400W-V3,15094132,2025-01-30
W31-20240517-1972,Drone DMD W31-20240517-1972,Drone DMD 4,IT1 Damoda Drone DMD-M400W-V3,15094132,2025-01-30
W31-20240517-1973,Drone DMD W31-20240517-1973,Drone DMD 4,IT1 Damoda Drone DMD-M400W-V3,15094132,2025-01-30
W31-20240517-1974,Drone DMD W31-20240517-1974,Drone DMD 4,IT1 Damoda Drone DMD-M400W-V3,15094132,2025-01-30
W31-20240517-1975,Drone DMD W31-20240517-1975,Drone DMD 4,IT1 Damoda Drone DMD-M400W-V3,15094132,2025-01-30
W31-20240517-1976,Drone DMD W31-20240517-1976,Drone DMD 4,IT1 Damoda Drone DMD-M400W-V3,15094132,2025-01-30
W31-20240517-1977,Drone DMD W31-20240517-1977,Drone DMD 4,IT1 Damoda Drone DMD-M400W-V3,15094132,2025-01-30
W31-20240517-1978,Drone DMD W31-20240517-1978,Drone DMD 4,IT1 Damoda Drone DMD-M400W-V3,15094132,2025-01-30
W31-20240517-1979,Drone DMD W31-20240517-1979,Drone DMD 4,IT1 Damoda Drone DMD-M400W-V3,15094132,2025-01-30
W31-20240517-1980,Drone DMD W31-20240517-1980,Drone DMD 4,IT1 Damoda Drone DMD-M400W-V3,15094132,2025-01-30
W31-20240517-1981,Drone DMD W31-20240517-1981,Drone DMD 5,IT1 Damoda Drone DMD-M400W-V3,15094132,2025-01-30
W31-20240517-1982,Drone DMD W31-20240517-1982,Drone DMD 5,IT1 Damoda Drone DMD-M400W-V3,15094132,2025-01-30
W31-20240517-1983,Drone DMD W31-20240517-1983,Drone DMD 5,IT1 Damoda Drone DMD-M400W-V3,15094132,2025-01-30
W31-20240517-1984,Drone DMD W31-20240517-1984,Drone DMD 5,IT1 Damoda Drone DMD-M400W-V3,15094132,2025-01-30
W31-20240517-1985,Drone DMD W31-20240517-1985,Drone DMD 5,IT1 Damoda Drone DMD-M400W-V3,15094132,2025-01-30
W31-20240517-1986,Drone DMD W31-20240517-1986,Drone DMD 5,IT1 Damoda Drone DMD-M400W-V3,15094132,2025-01-30
W31-20240517-1987,Drone DMD W31-20240517-1987,Drone DMD 5,IT1 Damoda Drone DMD-M400W-V3,15094132,2025-01-30
W31-20240517-1988,Drone DMD W31-20240517-1988,Drone DMD 5,IT1 Damoda Drone DMD-M400W-V3,15094132,2025-01-30
W31-20240517-1989,Drone DMD W31-20240517-1989,Drone DMD 5,IT1 Damoda Drone DMD-M400W-V3,15094132,2025-01-30
W31-20240517-1990,Drone DMD W31-20240517-1990,Drone DMD 5,IT1 Damoda Drone DMD-M400W-V3,15094132,2025-01-30
W31-20240517-1991,Drone DMD W31-20240517-1991,Drone DMD 5,IT1 Damoda Drone DMD-M400W-V3,15094132,2025-01-30
W31-20240517-1992,Drone DMD W31-20240517-1992,Drone DMD 5,IT1 Damoda Drone DMD-M400W-V3,15094132,2025-01-30
W31-20240517-1993,Drone DMD W31-20240517-1993,Drone DMD 5,IT1 Damoda Drone DMD-M400W-V3,15094132,2025-01-30
W31-20240517-1994,Drone DMD W31-20240517-1994,Drone DMD 5,IT1 Damoda Drone DMD-M400W-V3,15094132,2025-01-30
W31-20240517-1995,Drone DMD W31-20240517-1995,Drone DMD 5,IT1 Damoda Drone DMD-M400W-V3,15094132,2025-01-30
W31-20240517-1996,Drone DMD W31-20240517-1996,Drone DMD 5,IT1 Damoda Drone DMD-M400W-V3,15094132,2025-01-30
W31-20240517-1997,Drone DMD W31-20240517-1997,Drone DMD 5,IT1 Damoda Drone DMD-M400W-V3,15094132,2025-01-30
W31-20240517-1998,Drone DMD W31-20240517-1998,Drone DMD 5,IT1 Damoda Drone DMD-M400W-V3,15094132,2025-01-30
W31-20240517-1999,Drone DMD W31-20240517-1999,Drone DMD 5,IT1 Damoda Drone DMD-M400W-V3,15094132,2025-01-30
W31-20240517-2000,Drone DMD W31-20240517-2000,Drone DMD 5,IT1 Damoda Drone DMD-M400W-V3,15094132,2025-01-30
W31-20240517-2001,Drone DMD W31-20240517-2001,Drone DMD 5,IT1 Damoda Drone DMD-M400W-V3,15094132,2025-01-30
W31-20240517-2002,Drone DMD W31-20240517-2002,Drone DMD 5,IT1 Damoda Drone DMD-M400W-V3,15094132,2025-01-30
W31-20240517-2003,Drone DMD W31-20240517-2003,Drone DMD 5,IT1 Damoda Drone DMD-M400W-V3,15094132,2025-01-30
W31-20240517-2004,Drone DMD W31-20240517-2004,Drone DMD 5,IT1 Damoda Drone DMD-M400W-V3,15094132,2025-01-30
W31-20240517-2005,Drone DMD W31-20240517-2005,Drone DMD 5,IT1 Damoda Drone DMD-M400W-V3,15094132,2025-01-30
W31-20240517-2006,Drone DMD W31-20240517-2006,Drone DMD 5,IT1 Damoda Drone DMD-M400W-V3,15094132,2025-01-30
W31-20240517-2007,Drone DMD W31-20240517-2007,Drone DMD 5,IT1 Damoda Drone DMD-M400W-V3,15094132,2025-01-30
W31-20240517-2008,Drone DMD W31-20240517-2008,Drone DMD 5,IT1 Damoda Drone DMD-M400W-V3,15094132,2025-01-30
W31-20240517-2009,Drone DMD W31-20240517-2009,Drone DMD 5,IT1 Damoda Drone DMD-M400W-V3,15094132,2025-01-30
W31-20240517-2010,Drone DMD W31-20240517-2010,Drone DMD 5,IT1 Damoda Drone DMD-M400W-V3,15094132,2025-01-30
W31-20240517-2011,Drone DMD W31-20240517-2011,Drone DMD 5,IT1 Damoda Drone DMD-M400W-V3,15094132,2025-01-30
W31-20240517-2012,Drone DMD W31-20240517-2012,Drone DMD 5,IT1 Damoda Drone DMD-M400W-V3,15094132,2025-01-30
W31-20240517-2013,Drone DMD W31-20240517-2013,Drone DMD 5,IT1 Damoda Drone DMD-M400W-V3,15094132,2025-01-30
W31-20240517-2014,Drone DMD W31-20240517-2014,Drone DMD 5,IT1 Damoda Drone DMD-M400W-V3,15094132,2025-01-30
W31-20240517-2015,Drone DMD W31-20240517-2015,Drone DMD 5,IT1 Damoda Drone DMD-M400W-V3,15094132,2025-01-30
W31-20240517-2016,Drone DMD W31-20240517-2016,Drone DMD 5,IT1 Damoda Drone DMD-M400W-V3,15094132,2025-01-30
W31-20240517-2017,Drone DMD W31-20240517-2017,Drone DMD 5,IT1 Damoda Drone DMD-M400W-V3,15094132,2025-01-30
W31-20240517-2018,Drone DMD W31-20240517-2018,Drone DMD 5,IT1 Damoda Drone DMD-M400W-V3,15094132,2025-01-30
W31-20240517-2019,Drone DMD W31-20240517-2019,Drone DMD 5,IT1 Damoda Drone DMD-M400W-V3,15094132,2025-01-30
W31-20240517-2020,Drone DMD W31-20240517-2020,Drone DMD 5,IT1 Damoda Drone DMD-M400W-V3,15094132,2025-01-30
W31-20240517-2021,Drone DMD W31-20240517-2021,Drone DMD 5,IT1 Damoda Drone DMD-M400W-V3,15094132,2025-01-30
W31-20240517-2022,Drone DMD W31-20240517-2022,Drone DMD 5,IT1 Damoda Drone DMD-M400W-V3,15094132,2025-01-30
W31-20240517-2023,Drone DMD W31-20240517-2023,Drone DMD 5,IT1 Damoda Drone DMD-M400W-V3,15094132,2025-01-30
W31-20240517-2024,Drone DMD W31-20240517-2024,Drone DMD 5,IT1 Damoda Drone DMD-M400W-V3,15094132,2025-01-30
W31-20240517-2025,Drone DMD W31-20240517-2025,Drone DMD 5,IT1 Damoda Drone DMD-M400W-V3,15094132,2025-01-30
W31-20240517-2026,Drone DMD W31-20240517-2026,Drone DMD 5,IT1 Damoda Drone DMD-M400W-V3,15094132,2025-01-30
W31-20240517-2027,Drone DMD W31-20240517-2027,Drone DMD 5,IT1 Damoda Drone DMD-M400W-V3,15094132,2025-01-30
W31-20240517-2028,Drone DMD W31-20240517-2028,Drone DMD 5,IT1 Damoda Drone DMD-M400W-V3,15094132,2025-01-30
W31-20240517-2029,Drone DMD W31-20240517-2029,Drone DMD 5,IT1 Damoda Drone DMD-M400W-V3,15094132,2025-01-30
W31-20240517-2030,Drone DMD W31-20240517-2030,Drone DMD 5,IT1 Damoda Drone DMD-M400W-V3,15094132,2025-01-30
W31-20240517-2031,Drone DMD W31-20240517-2031,Drone DMD 5,IT1 Damoda Drone DMD-M400W-V3,15094132,2025-01-30
W31-20240517-2032,Drone DMD W31-20240517-2032,Drone DMD 5,IT1 Damoda Drone DMD-M400W-V3,15094132,2025-01-30
W31-20240517-2033,Drone DMD W31-20240517-2033,Drone DMD 5,IT1 Damoda Drone DMD-M400W-V3,15094132,2025-01-30
W31-20240517-2034,Drone DMD W31-20240517-2034,Drone DMD 5,IT1 Damoda Drone DMD-M400W-V3,15094132,2025-01-30
W31-20240517-2035,Drone DMD W31-20240517-2035,Drone DMD 5,IT1 Damoda Drone DMD-M400W-V3,15094132,2025-01-30
W31-20240517-2036,Drone DMD W31-20240517-2036,Drone DMD 5,IT1 Damoda Drone DMD-M400W-V3,15094132,2025-01-30
W31-20240517-2037,Drone DMD W31-20240517-2037,Drone DMD 5,IT1 Damoda Drone DMD-M400W-V3,15094132,2025-01-30
W31-20240517-2038,Drone DMD W31-20240517-2038,Drone DMD 5,IT1 Damoda Drone DMD-M400W-V3,15094132,2025-01-30
W31-20240517-2039,Drone DMD W31-20240517-2039,Drone DMD 5,IT1 Damoda Drone DMD-M400W-V3,15094132,2025-01-30
W31-20240517-2040,Drone DMD W31-20240517-2040,Drone DMD 5,IT1 Damoda Drone DMD-M400W-V3,15094132,2025-01-30
W31-20240517-2041,Drone DMD W31-20240517-2041,Drone DMD 5,IT1 Damoda Drone DMD-M400W-V3,15094132,2025-01-30
W31-20240517-2042,Drone DMD W31-20240517-2042,Drone DMD 5,IT1 Damoda Drone DMD-M400W-V3,15094132,2025-01-30
W31-20240517-2043,Drone DMD W31-20240517-2043,Drone DMD 5,IT1 Damoda Drone DMD-M400W-V3,15094132,2025-01-30
W31-20240517-2044,Drone DMD W31-20240517-2044,Drone DMD 5,IT1 Damoda Drone DMD-M400W-V3,15094132,2025-01-30
W31-20240517-2045,Drone DMD W31-20240517-2045,Drone DMD 5,IT1 Damoda Drone DMD-M400W-V3,15094132,2025-01-30
W31-20240517-2046,Drone DMD W31-20240517-2046,Drone DMD 5,IT1 Damoda Drone DMD-M400W-V3,15094132,2025-01-30
W31-20240517-2047,Drone DMD W31-20240517-2047,Drone DMD 5,IT1 Damoda Drone DMD-M400W-V3,15094132,2025-01-30
W31-20240517-2048,Drone DMD W31-20240517-2048,Drone DMD 5,IT1 Damoda Drone DMD-M400W-V3,15094132,2025-01-30
W31-20240517-2049,Drone DMD W31-20240517-2049,Drone DMD 5,IT1 Damoda Drone DMD-M400W-V3,15094132,2025-01-30
W31-20240517-2050,Drone DMD W31-20240517-2050,Drone DMD 5,IT1 Damoda Drone DMD-M400W-V3,15094132,2025-01-30
W31-20240517-2051,Drone DMD W31-20240517-2051,Drone DMD 5,IT1 Damoda Drone DMD-M400W-V3,15094132,2025-01-30
W31-20240517-2052,Drone DMD W31-20240517-2052,Drone DMD 5,IT1 Damoda Drone DMD-M400W-V3,15094132,2025-01-30
W31-20240517-2053,Drone DMD W31-20240517-2053,Drone DMD 5,IT1 Damoda Drone DMD-M400W-V3,15094132,2025-01-30
W31-20240517-2054,Drone DMD W31-20240517-2054,Drone DMD 5,IT1 Damoda Drone DMD-M400W-V3,15094132,2025-01-30
W31-20240517-2055,Drone DMD W31-20240517-2055,Drone DMD 5,IT1 Damoda Drone DMD-M400W-V3,15094132,2025-01-30
W31-20240517-2056,Drone DMD W31-20240517-2056,Drone DMD 5,IT1 Damoda Drone DMD-M400W-V3,15094132,2025-01-30
W31-20240517-2057,Drone DMD W31-20240517-2057,Drone DMD 5,IT1 Damoda Drone DMD-M400W-V3,15094132,2025-01-30
W31-20240517-2058,Drone DMD W31-20240517-2058,Drone DMD 5,IT1 Damoda Drone DMD-M400W-V3,15094132,2025-01-30
W31-20240517-2059,Drone DMD W31-20240517-2059,Drone DMD 5,IT1 Damoda Drone DMD-M400W-V3,15094132,2025-01-30
W31-20240517-2060,Drone DMD W31-20240517-2060,Drone DMD 5,IT1 Damoda Drone DMD-M400W-V3,15094132,2025-01-30
W31-20240517-2061,Drone DMD W31-20240517-2061,Drone DMD 5,IT1 Damoda Drone DMD-M400W-V3,15094132,2025-01-30
W31-20240517-2062,Drone DMD W31-20240517-2062,Drone DMD 5,IT1 Damoda Drone DMD-M400W-V3,15094132,2025-01-30
W31-20240517-2063,Drone DMD W31-20240517-2063,Drone DMD 5,IT1 Damoda Drone DMD-M400W-V3,15094132,2025-01-30
W31-20240517-2064,Drone DMD W31-20240517-2064,Drone DMD 5,IT1 Damoda Drone DMD-M400W-V3,15094132,2025-01-30
W31-20240517-2065,Drone DMD W31-20240517-2065,Drone DMD 5,IT1 Damoda Drone DMD-M400W-V3,15094132,2025-01-30
W31-20240517-2066,Drone DMD W31-20240517-2066,Drone DMD 5,IT1 Damoda Drone DMD-M400W-V3,15094132,2025-01-30
W31-20240517-2067,Drone DMD W31-20240517-2067,Drone DMD 5,IT1 Damoda Drone DMD-M400W-V3,15094132,2025-01-30
W31-20240517-2068,Drone DMD W31-20240517-2068,Drone DMD 5,IT1 Damoda Drone DMD-M400W-V3,15094132,2025-01-30
W31-20240517-2069,Drone DMD W31-20240517-2069,Drone DMD 5,IT1 Damoda Drone DMD-M400W-V3,15094132,2025-01-30
W31-20240517-2070,Drone DMD W31-20240517-2070,Drone DMD 5,IT1 Damoda Drone DMD-M400W-V3,15094132,2025-01-30
W31-20240517-2071,Drone DMD W31-20240517-2071,Drone DMD 5,IT1 Damoda Drone DMD-M400W-V3,15094132,2025-01-30
W31-20240517-2072,Drone DMD W31-20240517-2072,Drone DMD 5,IT1 Damoda Drone DMD-M400W-V3,15094132,2025-01-30
W31-20240517-2073,Drone DMD W31-20240517-2073,Drone DMD 5,IT1 Damoda Drone DMD-M400W-V3,15094132,2025-01-30
W31-20240517-2074,Drone DMD W31-20240517-2074,Drone DMD 5,IT1 Damoda Drone DMD-M400W-V3,15094132,2025-01-30
W31-20240517-2075,Drone DMD W31-20240517-2075,Drone DMD 5,IT1 Damoda Drone DMD-M400W-V3,15094132,2025-01-30
W31-20240517-2076,Drone DMD W31-20240517-2076,Drone DMD 5,IT1 Damoda Drone DMD-M400W-V3,15094132,2025-01-30
W31-20240517-2077,Drone DMD W31-20240517-2077,Drone DMD 5,IT1 Damoda Drone DMD-M400W-V3,15094132,2025-01-30
W31-20240517-2078,Drone DMD W31-20240517-2078,Drone DMD 5,IT1 Damoda Drone DMD-M400W-V3,15094132,2025-01-30
W31-20240517-2079,Drone DMD W31-20240517-2079,Drone DMD 5,IT1 Damoda Drone DMD-M400W-V3,15094132,2025-01-30
W31-20240517-2080,Drone DMD W31-20240517-2080,Drone DMD 5,IT1 Damoda Drone DMD-M400W-V3,15094132,2025-01-30
W31-20240517-2081,Drone DMD W31-20240517-2081,Drone DMD 5,IT1 Damoda Drone DMD-M400W-V3,15094132,2025-01-30
W31-20240517-2082,Drone DMD W31-20240517-2082,Drone DMD 5,IT1 Damoda Drone DMD-M400W-V3,15094132,2025-01-30
W31-20240517-2083,Drone DMD W31-20240517-2083,Drone DMD 5,IT1 Damoda Drone DMD-M400W-V3,15094132,2025-01-30
W31-20240517-2084,Drone DMD W31-20240517-2084,Drone DMD 5,IT1 Damoda Drone DMD-M400W-V3,15094132,2025-01-30
W31-20240517-2085,Drone DMD W31-20240517-2085,Drone DMD 5,IT1 Damoda Drone DMD-M400W-V3,15094132,2025-01-30
W31-20240517-2086,Drone DMD W31-20240517-2086,Drone DMD 5,IT1 Damoda Drone DMD-M400W-V3,15094132,2025-01-30
W31-20240517-2087,Drone DMD W31-20240517-2087,Drone DMD 5,IT1 Damoda Drone DMD-M400W-V3,15094132,2025-01-30
W31-20240517-2088,Drone DMD W31-20240517-2088,Drone DMD 5,IT1 Damoda Drone DMD-M400W-V3,15094132,2025-01-30
W31-20240517-2089,Drone DMD W31-20240517-2089,Drone DMD 5,IT1 Damoda Drone DMD-M400W-V3,15094132,2025-01-30
W31-20240517-2090,Drone DMD W31-20240517-2090,Drone DMD 5,IT1 Damoda Drone DMD-M400W-V3,15094132,2025-01-30
W31-20240517-2091,Drone DMD W31-20240517-2091,Drone DMD 5,IT1 Damoda Drone DMD-M400W-V3,15094132,2025-01-30
W31-20240517-2092,Drone DMD W31-20240517-2092,Drone DMD 5,IT1 Damoda Drone DMD-M400W-V3,15094132,2025-01-30
W31-20240517-2093,Drone DMD W31-20240517-2093,Drone DMD 5,IT1 Damoda Drone DMD-M400W-V3,15094132,2025-01-30
W31-20240517-2094,Drone DMD W31-20240517-2094,Drone DMD 5,IT1 Damoda Drone DMD-M400W-V3,15094132,2025-01-30
W31-20240517-2095,Drone DMD W31-20240517-2095,Drone DMD 5,IT1 Damoda Drone DMD-M400W-V3,15094132,2025-01-30
W31-20240517-2096,Drone DMD W31-20240517-2096,Drone DMD 5,IT1 Damoda Drone DMD-M400W-V3,15094132,2025-01-30
W31-20240517-2097,Drone DMD W31-20240517-2097,Drone DMD 5,IT1 Damoda Drone DMD-M400W-V3,15094132,2025-01-30
W31-20240517-2098,Drone DMD W31-20240517-2098,Drone DMD 5,IT1 Damoda Drone DMD-M400W-V3,15094132,2025-01-30
W31-20240517-2099,Drone DMD W31-20240517-2099,Drone DMD 5,IT1 Damoda Drone DMD-M400W-V3,15094132,2025-01-30
W31-20240517-2100,Drone DMD W31-20240517-2100,Drone DMD 5,IT1 Damoda Drone DMD-M400W-V3,15094132,2025-01-30
W31-20240517-2101,Drone DMD W31-20240517-2101,Drone DMD 5,IT1 Damoda Drone DMD-M400W-V3,15094132,2025-01-30
W31-20240517-2102,Drone DMD W31-20240517-2102,Drone DMD 5,IT1 Damoda Drone DMD-M400W-V3,15094132,2025-01-30
W31-20240517-2103,Drone DMD W31-20240517-2103,Drone DMD 5,IT1 Damoda Drone DMD-M400W-V3,15094132,2025-01-30
W31-20240517-2104,Drone DMD W31-20240517-2104,Drone DMD 5,IT1 Damoda Drone DMD-M400W-V3,15094132,2025-01-30
W31-20240517-2105,Drone DMD W31-20240517-2105,Drone DMD 5,IT1 Damoda Drone DMD-M400W-V3,15094132,2025-01-30
W31-20240517-2106,Drone DMD W31-20240517-2106,Drone DMD 5,IT1 Damoda Drone DMD-M400W-V3,15094132,2025-01-30
W31-20240517-2107,Drone DMD W31-20240517-2107,Drone DMD 5,IT1 Damoda Drone DMD-M400W-V3,15094132,2025-01-30
W31-20240517-2108,Drone DMD W31-20240517-2108,Drone DMD 5,IT1 Damoda Drone DMD-M400W-V3,15094132,2025-01-30
W31-20240517-2109,Drone DMD W31-20240517-2109,Drone DMD 5,IT1 Damoda Drone DMD-M400W-V3,15094132,2025-01-30
W31-20240517-2110,Drone DMD W31-20240517-2110,Drone DMD 5,IT1 Damoda Drone DMD-M400W-V3,15094132,2025-01-30
W31-20240517-2111,Drone DMD W31-20240517-2111,Drone DMD 5,IT1 Damoda Drone DMD-M400W-V3,15094132,2025-01-30
W31-20240517-2112,Drone DMD W31-20240517-2112,Drone DMD 5,IT1 Damoda Drone DMD-M400W-V3,15094132,2025-01-30
W31-20240517-2113,Drone DMD W31-20240517-2113,Drone DMD 5,IT1 Damoda Drone DMD-M400W-V3,15094132,2025-01-30
W31-20240517-2114,Drone DMD W31-20240517-2114,Drone DMD 5,IT1 Damoda Drone DMD-M400W-V3,15094132,2025-01-30
W31-20240517-2115,Drone DMD W31-20240517-2115,Drone DMD 5,IT1 Damoda Drone DMD-M400W-V3,15094132,2025-01-30
W31-20240517-2116,Drone DMD W31-20240517-2116,Drone DMD 5,IT1 Damoda Drone DMD-M400W-V3,15094132,2025-01-30
W31-20240517-2117,Drone DMD W31-20240517-2117,Drone DMD 5,IT1 Damoda Drone DMD-M400W-V3,15094132,2025-01-30
W31-20240517-2118,Drone DMD W31-20240517-2118,Drone DMD 5,IT1 Damoda Drone DMD-M400W-V3,15094132,2025-01-30
W31-20240517-2119,Drone DMD W31-20240517-2119,Drone DMD 5,IT1 Damoda Drone DMD-M400W-V3,15094132,2025-01-30
W31-20240517-2120,Drone DMD W31-20240517-2120,Drone DMD 5,IT1 Damoda Drone DMD-M400W-V3,15094132,2025-01-30
W31-20240517-2121,Drone DMD W31-20240517-2121,Drone DMD 5,IT1 Damoda Drone DMD-M400W-V3,15094132,2025-01-30
W31-20240517-2122,Drone DMD W31-20240517-2122,Drone DMD 5,IT1 Damoda Drone DMD-M400W-V3,15094132,2025-01-30
W31-20240517-2123,Drone DMD W31-20240517-2123,Drone DMD 5,IT1 Damoda Drone DMD-M400W-V3,15094132,2025-01-30
W31-20240517-2124,Drone DMD W31-20240517-2124,Drone DMD 5,IT1 Damoda Drone DMD-M400W-V3,15094132,2025-01-30
W31-20240517-2125,Drone DMD W31-20240517-2125,Drone DMD 5,IT1 Damoda Drone DMD-M400W-V3,15094132,2025-01-30
W31-20240517-2126,Drone DMD W31-20240517-2126,Drone DMD 5,IT1 Damoda Drone DMD-M400W-V3,15094132,2025-01-30
W31-20240517-2127,Drone DMD W31-20240517-2127,Drone DMD 5,IT1 Damoda Drone DMD-M400W-V3,15094132,2025-01-30
W31-20240517-2128,Drone DMD W31-20240517-2128,Drone DMD 5,IT1 Damoda Drone DMD-M400W-V3,15094132,2025-01-30
W31-20240517-2129,Drone DMD W31-20240517-2129,Drone DMD 5,IT1 Damoda Drone DMD-M400W-V3,15094132,2025-01-30
W31-20240517-2130,Drone DMD W31-20240517-2130,Drone DMD 5,IT1 Damoda Drone DMD-M400W-V3,15094132,2025-01-30
W31-20240517-2131,Drone DMD W31-20240517-2131,Drone DMD 5,IT1 Damoda Drone DMD-M400W-V3,15094132,2025-01-30
W31-20240517-2132,Drone DMD W31-20240517-2132,Drone DMD 5,IT1 Damoda Drone DMD-M400W-V3,15094132,2025-01-30
W31-20240517-2133,Drone DMD W31-20240517-2133,Drone DMD 5,IT1 Damoda Drone DMD-M400W-V3,15094132,2025-01-30
W31-20240517-2134,Drone DMD W31-20240517-2134,Drone DMD 5,IT1 Damoda Drone DMD-M400W-V3,15094132,2025-01-30
W31-20240517-2135,Drone DMD W31-20240517-2135,Drone DMD 5,IT1 Damoda Drone DMD-M400W-V3,15094132,2025-01-30
W31-20240517-2136,Drone DMD W31-20240517-2136,Drone DMD 5,IT1 Damoda Drone DMD-M400W-V3,15094132,2025-01-30
W31-20240517-2137,Drone DMD W31-20240517-2137,Drone DMD 5,IT1 Damoda Drone DMD-M400W-V3,15094132,2025-01-30
W31-20240517-2138,Drone DMD W31-20240517-2138,Drone DMD 5,IT1 Damoda Drone DMD-M400W-V3,15094132,2025-01-30
W31-20240517-2139,Drone DMD W31-20240517-2139,Drone DMD 5,IT1 Damoda Drone DMD-M400W-V3,15094132,2025-01-30
W31-20240517-2140,Drone DMD W31-20240517-2140,Drone DMD 5,IT1 Damoda Drone DMD-M400W-V3,15094132,2025-01-30
W31-20240517-2141,Drone DMD W31-20240517-2141,Drone DMD 5,IT1 Damoda Drone DMD-M400W-V3,15094132,2025-01-30
W31-20240517-2142,Drone DMD W31-20240517-2142,Drone DMD 5,IT1 Damoda Drone DMD-M400W-V3,15094132,2025-01-30
W31-20240517-2143,Drone DMD W31-20240517-2143,Drone DMD 5,IT1 Damoda Drone DMD-M400W-V3,15094132,2025-01-30
W31-20240517-2144,Drone DMD W31-20240517-2144,Drone DMD 5,IT1 Damoda Drone DMD-M400W-V3,15094132,2025-01-30
W31-20240517-2145,Drone DMD W31-20240517-2145,Drone DMD 5,IT1 Damoda Drone DMD-M400W-V3,15094132,2025-01-30
W31-20240517-2146,Drone DMD W31-20240517-2146,Drone DMD 5,IT1 Damoda Drone DMD-M400W-V3,15094132,2025-01-30
W31-20240517-2147,Drone DMD W31-20240517-2147,Drone DMD 5,IT1 Damoda Drone DMD-M400W-V3,15094132,2025-01-30
W31-20240517-2148,Drone DMD W31-20240517-2148,Drone DMD 5,IT1 Damoda Drone DMD-M400W-V3,15094132,2025-01-30
W31-20240517-2149,Drone DMD W31-20240517-2149,Drone DMD 5,IT1 Damoda Drone DMD-M400W-V3,15094132,2025-01-30
W31-20240517-2150,Drone DMD W31-20240517-2150,Drone DMD 5,IT1 Damoda Drone DMD-M400W-V3,15094132,2025-01-30
W31-20240517-2151,Drone DMD W31-20240517-2151,Drone DMD 5,IT1 Damoda Drone DMD-M400W-V3,15094132,2025-01-30
W31-20240517-2152,Drone DMD W31-20240517-2152,Drone DMD 5,IT1 Damoda Drone DMD-M400W-V3,15094132,2025-01-30
W31-20240517-2153,Drone DMD W31-20240517-2153,Drone DMD 5,IT1 Damoda Drone DMD-M400W-V3,15094132,2025-01-30
W31-20240517-2154,Drone DMD W31-20240517-2154,Drone DMD 5,IT1 Damoda Drone DMD-M400W-V3,15094132,2025-01-30
W31-20240517-2155,Drone DMD W31-20240517-2155,Drone DMD 5,IT1 Damoda Drone DMD-M400W-V3,15094132,2025-01-30
W31-20240517-2156,Drone DMD W31-20240517-2156,Drone DMD 5,IT1 Damoda Drone DMD-M400W-V3,15094132,2025-01-30
W31-20240517-2157,Drone DMD W31-20240517-2157,Drone DMD 5,IT1 Damoda Drone DMD-M400W-V3,15094132,2025-01-30
W31-20240517-2158,Drone DMD W31-20240517-2158,Drone DMD 5,IT1 Damoda Drone DMD-M400W-V3,15094132,2025-01-30
W31-20240517-2159,Drone DMD W31-20240517-2159,Drone DMD 5,IT1 Damoda Drone DMD-M400W-V3,15094132,2025-01-30
W31-20240517-2160,Drone DMD W31-20240517-2160,Drone DMD 5,IT1 Damoda Drone DMD-M400W-V3,15094132,2025-01-30
W31-20240517-2161,Drone DMD W31-20240517-2161,Drone DMD 5,IT1 Damoda Drone DMD-M400W-V3,15094132,2025-01-30
W31-20240517-2162,Drone DMD W31-20240517-2162,Drone DMD 5,IT1 Damoda Drone DMD-M400W-V3,15094132,2025-01-30
W31-20240517-2163,Drone DMD W31-20240517-2163,Drone DMD 5,IT1 Damoda Drone DMD-M400W-V3,15094132,2025-01-30
W31-20240517-2164,Drone DMD W31-20240517-2164,Drone DMD 5,IT1 Damoda Drone DMD-M400W-V3,15094132,2025-01-30
W31-20240517-2165,Drone DMD W31-20240517-2165,Drone DMD 5,IT1 Damoda Drone DMD-M400W-V3,15094132,2025-01-30
W31-20240517-2166,Drone DMD W31-20240517-2166,Drone DMD 5,IT1 Damoda Drone DMD-M400W-V3,15094132,2025-01-30
W31-20240517-2167,Drone DMD W31-20240517-2167,Drone DMD 5,IT1 Damoda Drone DMD-M400W-V3,15094132,2025-01-30
W31-20240517-2168,Drone DMD W31-20240517-2168,Drone DMD 5,IT1 Damoda Drone DMD-M400W-V3,15094132,2025-01-30
W31-20240517-2169,Drone DMD W31-20240517-2169,Drone DMD 5,IT1 Damoda Drone DMD-M400W-V3,15094132,2025-01-30
W31-20240517-2170,Drone DMD W31-20240517-2170,Drone DMD 5,IT1 Damoda Drone DMD-M400W-V3,15094132,2025-01-30
W31-20240517-2171,Drone DMD W31-20240517-2171,Drone DMD 5,IT1 Damoda Drone DMD-M400W-V3,15094132,2025-01-30
W31-20240517-2172,Drone DMD W31-20240517-2172,Drone DMD 5,IT1 Damoda Drone DMD-M400W-V3,15094132,2025-01-30
W31-20240517-2173,Drone DMD W31-20240517-2173,Drone DMD 5,IT1 Damoda Drone DMD-M400W-V3,15094132,2025-01-30
W31-20240517-2174,Drone DMD W31-20240517-2174,Drone DMD 5,IT1 Damoda Drone DMD-M400W-V3,15094132,2025-01-30
W31-20240517-2175,Drone DMD W31-20240517-2175,Drone DMD 5,IT1 Damoda Drone DMD-M400W-V3,15094132,2025-01-30
W31-20240517-2176,Drone DMD W31-20240517-2176,Drone DMD 5,IT1 Damoda Drone DMD-M400W-V3,15094132,2025-01-30
W31-20240517-2177,Drone DMD W31-20240517-2177,Drone DMD 5,IT1 Damoda Drone DMD-M400W-V3,15094132,2025-01-30
W31-20240517-2178,Drone DMD W31-20240517-2178,Drone DMD 5,IT1 Damoda Drone DMD-M400W-V3,15094132,2025-01-30
W31-20240517-2179,Drone DMD W31-20240517-2179,Drone DMD 5,IT1 Damoda Drone DMD-M400W-V3,15094132,2025-01-30
W31-20240517-2180,Drone DMD W31-20240517-2180,Drone DMD 5,IT1 Damoda Drone DMD-M400W-V3,15094132,2025-01-30
W31-20240517-2181,Drone DMD W31-20240517-2181,Drone DMD 5,IT1 Damoda Drone DMD-M400W-V3,15094132,2025-01-30
W31-20240517-2182,Drone DMD W31-20240517-2182,Drone DMD 5,IT1 Damoda Drone DMD-M400W-V3,15094132,2025-01-30
W31-20240517-2183,Drone DMD W31-20240517-2183,Drone DMD 5,IT1 Damoda Drone DMD-M400W-V3,15094132,2025-01-30
W31-20240517-2184,Drone DMD W31-20240517-2184,Drone DMD 5,IT1 Damoda Drone DMD-M400W-V3,15094132,2025-01-30
W31-20240517-2185,Drone DMD W31-20240517-2185,Drone DMD 6,IT1 Damoda Drone DMD-M400W-V3,15094132,2025-01-30
W31-20240517-2186,Drone DMD W31-20240517-2186,Drone DMD 6,IT1 Damoda Drone DMD-M400W-V3,15094132,2025-01-30
W31-20240517-2187,Drone DMD W31-20240517-2187,Drone DMD 6,IT1 Damoda Drone DMD-M400W-V3,15094132,2025-01-30
W31-20240517-2188,Drone DMD W31-20240517-2188,Drone DMD 6,IT1 Damoda Drone DMD-M400W-V3,15094132,2025-01-30
W31-20240517-2189,Drone DMD W31-20240517-2189,Drone DMD 6,IT1 Damoda Drone DMD-M400W-V3,15094132,2025-01-30
W31-20240517-2190,Drone DMD W31-20240517-2190,Drone DMD 6,IT1 Damoda Drone DMD-M400W-V3,15094132,2025-01-30
W31-20240517-2191,Drone DMD W31-20240517-2191,Drone DMD 6,IT1 Damoda Drone DMD-M400W-V3,15094132,2025-01-30
W31-20240517-2192,Drone DMD W31-20240517-2192,Drone DMD 6,IT1 Damoda Drone DMD-M400W-V3,15094132,2025-01-30
W31-20240517-2193,Drone DMD W31-20240517-2193,Drone DMD 6,IT1 Damoda Drone DMD-M400W-V3,15094132,2025-01-30
W31-20240517-2194,Drone DMD W31-20240517-2194,Drone DMD 6,IT1 Damoda Drone DMD-M400W-V3,15094132,2025-01-30
W31-20240517-2195,Drone DMD W31-20240517-2195,Drone DMD 6,IT1 Damoda Drone DMD-M400W-V3,15094132,2025-01-30
W31-20240517-2196,Drone DMD W31-20240517-2196,Drone DMD 6,IT1 Damoda Drone DMD-M400W-V3,15094132,2025-01-30
W31-20240517-2197,Drone DMD W31-20240517-2197,Drone DMD 6,IT1 Damoda Drone DMD-M400W-V3,15094132,2025-01-30
W31-20240517-2198,Drone DMD W31-20240517-2198,Drone DMD 6,IT1 Damoda Drone DMD-M400W-V3,15094132,2025-01-30
W31-20240517-2199,Drone DMD W31-20240517-2199,Drone DMD 6,IT1 Damoda Drone DMD-M400W-V3,15094132,2025-01-30
W31-20240517-2200,Drone DMD W31-20240517-2200,Drone DMD 6,IT1 Damoda Drone DMD-M400W-V3,15094132,2025-01-30
W31-20240517-2201,Drone DMD W31-20240517-2201,Drone DMD 6,IT1 Damoda Drone DMD-M400W-V3,15094132,2025-01-30
W31-20240517-2202,Drone DMD W31-20240517-2202,Drone DMD 6,IT1 Damoda Drone DMD-M400W-V3,15094132,2025-01-30
W31-20240517-2203,Drone DMD W31-20240517-2203,Drone DMD 6,IT1 Damoda Drone DMD-M400W-V3,15094132,2025-01-30
W31-20240517-2204,Drone DMD W31-20240517-2204,Drone DMD 6,IT1 Damoda Drone DMD-M400W-V3,15094132,2025-01-30
W31-20240517-2205,Drone DMD W31-20240517-2205,Drone DMD 6,IT1 Damoda Drone DMD-M400W-V3,15094132,2025-01-30
W31-20240517-2206,Drone DMD W31-20240517-2206,Drone DMD 6,IT1 Damoda Drone DMD-M400W-V3,15094132,2025-01-30
W31-20240517-2207,Drone DMD W31-20240517-2207,Drone DMD 6,IT1 Damoda Drone DMD-M400W-V3,15094132,2025-01-30
W31-20240517-2208,Drone DMD W31-20240517-2208,Drone DMD 6,IT1 Damoda Drone DMD-M400W-V3,15094132,2025-01-30
W31-20240517-2209,Drone DMD W31-20240517-2209,Drone DMD 6,IT1 Damoda Drone DMD-M400W-V3,15094132,2025-01-30
W31-20240517-2210,Drone DMD W31-20240517-2210,Drone DMD 6,IT1 Damoda Drone DMD-M400W-V3,15094132,2025-01-30
W31-20240517-2211,Drone DMD W31-20240517-2211,Drone DMD 6,IT1 Damoda Drone DMD-M400W-V3,15094132,2025-01-30
W31-20240517-2212,Drone DMD W31-20240517-2212,Drone DMD 6,IT1 Damoda Drone DMD-M400W-V3,15094132,2025-01-30
W31-20240517-2213,Drone DMD W31-20240517-2213,Drone DMD 6,IT1 Damoda Drone DMD-M400W-V3,15094132,2025-01-30
W31-20240517-2214,Drone DMD W31-20240517-2214,Drone DMD 6,IT1 Damoda Drone DMD-M400W-V3,15094132,2025-01-30
W31-20240517-2215,Drone DMD W31-20240517-2215,Drone DMD 6,IT1 Damoda Drone DMD-M400W-V3,15094132,2025-01-30
W31-20240517-2216,Drone DMD W31-20240517-2216,Drone DMD 6,IT1 Damoda Drone DMD-M400W-V3,15094132,2025-01-30
W31-20240517-2217,Drone DMD W31-20240517-2217,Drone DMD 6,IT1 Damoda Drone DMD-M400W-V3,15094132,2025-01-30
W31-20240517-2218,Drone DMD W31-20240517-2218,Drone DMD 6,IT1 Damoda Drone DMD-M400W-V3,15094132,2025-01-30
W31-20240517-2219,Drone DMD W31-20240517-2219,Drone DMD 6,IT1 Damoda Drone DMD-M400W-V3,15094132,2025-01-30
W31-20240517-2220,Drone DMD W31-20240517-2220,Drone DMD 6,IT1 Damoda Drone DMD-M400W-V3,15094132,2025-01-30
W31-20240517-2221,Drone DMD W31-20240517-2221,Drone DMD 6,IT1 Damoda Drone DMD-M400W-V3,15094132,2025-01-30
W31-20240517-2222,Drone DMD W31-20240517-2222,Drone DMD 6,IT1 Damoda Drone DMD-M400W-V3,15094132,2025-01-30
W31-20240517-2223,Drone DMD W31-20240517-2223,Drone DMD 6,IT1 Damoda Drone DMD-M400W-V3,15094132,2025-01-30
W31-20240517-2224,Drone DMD W31-20240517-2224,Drone DMD 6,IT1 Damoda Drone DMD-M400W-V3,15094132,2025-01-30
W31-20240517-2225,Drone DMD W31-20240517-2225,Drone DMD 6,IT1 Damoda Drone DMD-M400W-V3,15094132,2025-01-30
W31-20240517-2226,Drone DMD W31-20240517-2226,Drone DMD 6,IT1 Damoda Drone DMD-M400W-V3,15094132,2025-01-30
W31-20240517-2227,Drone DMD W31-20240517-2227,Drone DMD 6,IT1 Damoda Drone DMD-M400W-V3,15094132,2025-01-30
W31-20240517-2228,Drone DMD W31-20240517-2228,Drone DMD 6,IT1 Damoda Drone DMD-M400W-V3,15094132,2025-01-30
W31-20240517-2229,Drone DMD W31-20240517-2229,Drone DMD 6,IT1 Damoda Drone DMD-M400W-V3,15094132,2025-01-30
W31-20240517-2230,Drone DMD W31-20240517-2230,Drone DMD 6,IT1 Damoda Drone DMD-M400W-V3,15094132,2025-01-30
W31-20240517-2231,Drone DMD W31-20240517-2231,Drone DMD 6,IT1 Damoda Drone DMD-M400W-V3,15094132,2025-01-30
W31-20240517-2232,Drone DMD W31-20240517-2232,Drone DMD 6,IT1 Damoda Drone DMD-M400W-V3,15094132,2025-01-30
W31-20240517-2233,Drone DMD W31-20240517-2233,Drone DMD 6,IT1 Damoda Drone DMD-M400W-V3,15094132,2025-01-30
W31-20240517-2234,Drone DMD W31-20240517-2234,Drone DMD 6,IT1 Damoda Drone DMD-M400W-V3,15094132,2025-01-30
W31-20240517-2235,Drone DMD W31-20240517-2235,Drone DMD 6,IT1 Damoda Drone DMD-M400W-V3,15094132,2025-01-30
W31-20240517-2236,Drone DMD W31-20240517-2236,Drone DMD 6,IT1 Damoda Drone DMD-M400W-V3,15094132,2025-01-30
W31-20240517-2237,Drone DMD W31-20240517-2237,Drone DMD 6,IT1 Damoda Drone DMD-M400W-V3,15094132,2025-01-30
W31-20240517-2238,Drone DMD W31-20240517-2238,Drone DMD 6,IT1 Damoda Drone DMD-M400W-V3,15094132,2025-01-30
W31-20240517-2239,Drone DMD W31-20240517-2239,Drone DMD 6,IT1 Damoda Drone DMD-M400W-V3,15094132,2025-01-30
W31-20240517-2240,Drone DMD W31-20240517-2240,Drone DMD 6,IT1 Damoda Drone DMD-M400W-V3,15094132,2025-01-30
W31-20240517-2241,Drone DMD W31-20240517-2241,Drone DMD 6,IT1 Damoda Drone DMD-M400W-V3,15094132,2025-01-30
W31-20240517-2242,Drone DMD W31-20240517-2242,Drone DMD 6,IT1 Damoda Drone DMD-M400W-V3,15094132,2025-01-30
W31-20240517-2243,Drone DMD W31-20240517-2243,Drone DMD 6,IT1 Damoda Drone DMD-M400W-V3,15094132,2025-01-30
W31-20240517-2244,Drone DMD W31-20240517-2244,Drone DMD 6,IT1 Damoda Drone DMD-M400W-V3,15094132,2025-01-30
W31-20240517-2245,Drone DMD W31-20240517-2245,Drone DMD 6,IT1 Damoda Drone DMD-M400W-V3,15094132,2025-01-30
W31-20240517-2246,Drone DMD W31-20240517-2246,Drone DMD 6,IT1 Damoda Drone DMD-M400W-V3,15094132,2025-01-30
W31-20240517-2247,Drone DMD W31-20240517-2247,Drone DMD 6,IT1 Damoda Drone DMD-M400W-V3,15094132,2025-01-30
W31-20240517-2248,Drone DMD W31-20240517-2248,Drone DMD 6,IT1 Damoda Drone DMD-M400W-V3,15094132,2025-01-30
W31-20240517-2249,Drone DMD W31-20240517-2249,Drone DMD 6,IT1 Damoda Drone DMD-M400W-V3,15094132,2025-01-30
W31-20240517-2250,Drone DMD W31-20240517-2250,Drone DMD 6,IT1 Damoda Drone DMD-M400W-V3,15094132,2025-01-30
W31-20240517-2251,Drone DMD W31-20240517-2251,Drone DMD 6,IT1 Damoda Drone DMD-M400W-V3,15094132,2025-01-30
W31-20240517-2252,Drone DMD W31-20240517-2252,Drone DMD 6,IT1 Damoda Drone DMD-M400W-V3,15094132,2025-01-30
W31-20240517-2253,Drone DMD W31-20240517-2253,Drone DMD 6,IT1 Damoda Drone DMD-M400W-V3,15094132,2025-01-30
W31-20240517-2254,Drone DMD W31-20240517-2254,Drone DMD 6,IT1 Damoda Drone DMD-M400W-V3,15094132,2025-01-30
W31-20240517-2255,Drone DMD W31-20240517-2255,Drone DMD 6,IT1 Damoda Drone DMD-M400W-V3,15094132,2025-01-30
W31-20240517-2256,Drone DMD W31-20240517-2256,Drone DMD 6,IT1 Damoda Drone DMD-M400W-V3,15094132,2025-01-30
W31-20240517-2257,Drone DMD W31-20240517-2257,Drone DMD 6,IT1 Damoda Drone DMD-M400W-V3,15094132,2025-01-30
W31-20240517-2258,Drone DMD W31-20240517-2258,Drone DMD 6,IT1 Damoda Drone DMD-M400W-V3,15094132,2025-01-30
W31-20240517-2259,Drone DMD W31-20240517-2259,Drone DMD 6,IT1 Damoda Drone DMD-M400W-V3,15094132,2025-01-30
W31-20240517-2260,Drone DMD W31-20240517-2260,Drone DMD 6,IT1 Damoda Drone DMD-M400W-V3,15094132,2025-01-30
W31-20240517-2261,Drone DMD W31-20240517-2261,Drone DMD 6,IT1 Damoda Drone DMD-M400W-V3,15094132,2025-01-30
W31-20240517-2262,Drone DMD W31-20240517-2262,Drone DMD 6,IT1 Damoda Drone DMD-M400W-V3,15094132,2025-01-30
W31-20240517-2263,Drone DMD W31-20240517-2263,Drone DMD 6,IT1 Damoda Drone DMD-M400W-V3,15094132,2025-01-30
W31-20240517-2264,Drone DMD W31-20240517-2264,Drone DMD 6,IT1 Damoda Drone DMD-M400W-V3,15094132,2025-01-30
W31-20240517-2265,Drone DMD W31-20240517-2265,Drone DMD 6,IT1 Damoda Drone DMD-M400W-V3,15094132,2025-01-30
W31-20240517-2266,Drone DMD W31-20240517-2266,Drone DMD 6,IT1 Damoda Drone DMD-M400W-V3,15094132,2025-01-30
W31-20240517-2267,Drone DMD W31-20240517-2267,Drone DMD 6,IT1 Damoda Drone DMD-M400W-V3,15094132,2025-01-30
W31-20240517-2268,Drone DMD W31-20240517-2268,Drone DMD 6,IT1 Damoda Drone DMD-M400W-V3,15094132,2025-01-30
W31-20240517-2269,Drone DMD W31-20240517-2269,Drone DMD 6,IT1 Damoda Drone DMD-M400W-V3,15094132,2025-01-30
W31-20240517-2270,Drone DMD W31-20240517-2270,Drone DMD 6,IT1 Damoda Drone DMD-M400W-V3,15094132,2025-01-30
W31-20240517-2271,Drone DMD W31-20240517-2271,Drone DMD 6,IT1 Damoda Drone DMD-M400W-V3,15094132,2025-01-30
W31-20240517-2272,Drone DMD W31-20240517-2272,Drone DMD 6,IT1 Damoda Drone DMD-M400W-V3,15094132,2025-01-30
W31-20240517-2273,Drone DMD W31-20240517-2273,Drone DMD 6,IT1 Damoda Drone DMD-M400W-V3,15094132,2025-01-30
W31-20240517-2274,Drone DMD W31-20240517-2274,Drone DMD 6,IT1 Damoda Drone DMD-M400W-V3,15094132,2025-01-30
W31-20240517-2275,Drone DMD W31-20240517-2275,Drone DMD 6,IT1 Damoda Drone DMD-M400W-V3,15094132,2025-01-30
W31-20240517-2276,Drone DMD W31-20240517-2276,Drone DMD 6,IT1 Damoda Drone DMD-M400W-V3,15094132,2025-01-30
W31-20240517-2277,Drone DMD W31-20240517-2277,Drone DMD 6,IT1 Damoda Drone DMD-M400W-V3,15094132,2025-01-30
W31-20240517-2278,Drone DMD W31-20240517-2278,Drone DMD 6,IT1 Damoda Drone DMD-M400W-V3,15094132,2025-01-30
W31-20240517-2279,Drone DMD W31-20240517-2279,Drone DMD 6,IT1 Damoda Drone DMD-M400W-V3,15094132,2025-01-30
W31-20240517-2280,Drone DMD W31-20240517-2280,Drone DMD 6,IT1 Damoda Drone DMD-M400W-V3,15094132,2025-01-30
W31-20240517-2281,Drone DMD W31-20240517-2281,Drone DMD 6,IT1 Damoda Drone DMD-M400W-V3,15094132,2025-01-30
W31-20240517-2282,Drone DMD W31-20240517-2282,Drone DMD 6,IT1 Damoda Drone DMD-M400W-V3,15094132,2025-01-30
W31-20240517-2283,Drone DMD W31-20240517-2283,Drone DMD 6,IT1 Damoda Drone DMD-M400W-V3,15094132,2025-01-30
W31-20240517-2284,Drone DMD W31-20240517-2284,Drone DMD 6,IT1 Damoda Drone DMD-M400W-V3,15094132,2025-01-30
W31-20240517-2285,Drone DMD W31-20240517-2285,Drone DMD 6,IT1 Damoda Drone DMD-M400W-V3,15094132,2025-01-30
W31-20240517-2286,Drone DMD W31-20240517-2286,Drone DMD 6,IT1 Damoda Drone DMD-M400W-V3,15094132,2025-01-30
W31-20240517-2287,Drone DMD W31-20240517-2287,Drone DMD 6,IT1 Damoda Drone DMD-M400W-V3,15094132,2025-01-30
W31-20240517-2288,Drone DMD W31-20240517-2288,Drone DMD 6,IT1 Damoda Drone DMD-M400W-V3,15094132,2025-01-30
W31-20240517-2289,Drone DMD W31-20240517-2289,Drone DMD 6,IT1 Damoda Drone DMD-M400W-V3,15094132,2025-01-30
W31-20240517-2290,Drone DMD W31-20240517-2290,Drone DMD 6,IT1 Damoda Drone DMD-M400W-V3,15094132,2025-01-30
W31-20240517-2291,Drone DMD W31-20240517-2291,Drone DMD 6,IT1 Damoda Drone DMD-M400W-V3,15094132,2025-01-30
W31-20240517-2292,Drone DMD W31-20240517-2292,Drone DMD 6,IT1 Damoda Drone DMD-M400W-V3,15094132,2025-01-30
W31-20240517-2293,Drone DMD W31-20240517-2293,Drone DMD 6,IT1 Damoda Drone DMD-M400W-V3,15094132,2025-01-30
W31-20240517-2294,Drone DMD W31-20240517-2294,Drone DMD 6,IT1 Damoda Drone DMD-M400W-V3,15094132,2025-01-30
W31-20240517-2295,Drone DMD W31-20240517-2295,Drone DMD 6,IT1 Damoda Drone DMD-M400W-V3,15094132,2025-01-30
W31-20240517-2296,Drone DMD W31-20240517-2296,Drone DMD 6,IT1 Damoda Drone DMD-M400W-V3,15094132,2025-01-30
W31-20240517-2297,Drone DMD W31-20240517-2297,Drone DMD 6,IT1 Damoda Drone DMD-M400W-V3,15094132,2025-01-30
W31-20240517-2298,Drone DMD W31-20240517-2298,Drone DMD 6,IT1 Damoda Drone DMD-M400W-V3,15094132,2025-01-30
W31-20240517-2299,Drone DMD W31-20240517-2299,Drone DMD 6,IT1 Damoda Drone DMD-M400W-V3,15094132,2025-01-30
W31-20240517-2300,Drone DMD W31-20240517-2300,Drone DMD 6,IT1 Damoda Drone DMD-M400W-V3,15094132,2025-01-30
W31-20240517-2301,Drone DMD W31-20240517-2301,Drone DMD 6,IT1 Damoda Drone DMD-M400W-V3,15094132,2025-01-30
W31-20240517-2302,Drone DMD W31-20240517-2302,Drone DMD 6,IT1 Damoda Drone DMD-M400W-V3,15094132,2025-01-30
W31-20240517-2303,Drone DMD W31-20240517-2303,Drone DMD 6,IT1 Damoda Drone DMD-M400W-V3,15094132,2025-01-30
W31-20240517-2304,Drone DMD W31-20240517-2304,Drone DMD 6,IT1 Damoda Drone DMD-M400W-V3,15094132,2025-01-30
W31-20240517-2305,Drone DMD W31-20240517-2305,Drone DMD 6,IT1 Damoda Drone DMD-M400W-V3,15094132,2025-01-30
W31-20240517-2306,Drone DMD W31-20240517-2306,Drone DMD 6,IT1 Damoda Drone DMD-M400W-V3,15094132,2025-01-30
W31-20240517-2307,Drone DMD W31-20240517-2307,Drone DMD 6,IT1 Damoda Drone DMD-M400W-V3,15094132,2025-01-30
W31-20240517-2308,Drone DMD W31-20240517-2308,Drone DMD 6,IT1 Damoda Drone DMD-M400W-V3,15094132,2025-01-30
W31-20240517-2309,Drone DMD W31-20240517-2309,Drone DMD 6,IT1 Damoda Drone DMD-M400W-V3,15094132,2025-01-30
W31-20240517-2310,Drone DMD W31-20240517-2310,Drone DMD 6,IT1 Damoda Drone DMD-M400W-V3,15094132,2025-01-30
W31-20240517-2311,Drone DMD W31-20240517-2311,Drone DMD 6,IT1 Damoda Drone DMD-M400W-V3,15094132,2025-01-30
W31-20240517-2312,Drone DMD W31-20240517-2312,Drone DMD 6,IT1 Damoda Drone DMD-M400W-V3,15094132,2025-01-30
W31-20240517-2313,Drone DMD W31-20240517-2313,Drone DMD 6,IT1 Damoda Drone DMD-M400W-V3,15094132,2025-01-30
W31-20240517-2314,Drone DMD W31-20240517-2314,Drone DMD 6,IT1 Damoda Drone DMD-M400W-V3,15094132,2025-01-30
W31-20240517-2315,Drone DMD W31-20240517-2315,Drone DMD 6,IT1 Damoda Drone DMD-M400W-V3,15094132,2025-01-30
W31-20240517-2316,Drone DMD W31-20240517-2316,Drone DMD 6,IT1 Damoda Drone DMD-M400W-V3,15094132,2025-01-30
W31-20240517-2317,Drone DMD W31-20240517-2317,Drone DMD 6,IT1 Damoda Drone DMD-M400W-V3,15094132,2025-01-30
W31-20240517-2318,Drone DMD W31-20240517-2318,Drone DMD 6,IT1 Damoda Drone DMD-M400W-V3,15094132,2025-01-30
W31-20240517-2319,Drone DMD W31-20240517-2319,Drone DMD 6,IT1 Damoda Drone DMD-M400W-V3,15094132,2025-01-30
W31-20240517-2320,Drone DMD W31-20240517-2320,Drone DMD 6,IT1 Damoda Drone DMD-M400W-V3,15094132,2025-01-30
W31-20240517-2321,Drone DMD W31-20240517-2321,Drone DMD 6,IT1 Damoda Drone DMD-M400W-V3,15094132,2025-01-30
W31-20240517-2322,Drone DMD W31-20240517-2322,Drone DMD 6,IT1 Damoda Drone DMD-M400W-V3,15094132,2025-01-30
W31-20240517-2323,Drone DMD W31-20240517-2323,Drone DMD 6,IT1 Damoda Drone DMD-M400W-V3,15094132,2025-01-30
W31-20240517-2324,Drone DMD W31-20240517-2324,Drone DMD 6,IT1 Damoda Drone DMD-M400W-V3,15094132,2025-01-30
W31-20240517-2325,Drone DMD W31-20240517-2325,Drone DMD 6,IT1 Damoda Drone DMD-M400W-V3,15094132,2025-01-30
W31-20240517-2326,Drone DMD W31-20240517-2326,Drone DMD 6,IT1 Damoda Drone DMD-M400W-V3,15094132,2025-01-30
W31-20240517-2327,Drone DMD W31-20240517-2327,Drone DMD 6,IT1 Damoda Drone DMD-M400W-V3,15094132,2025-01-30
W31-20240517-2328,Drone DMD W31-20240517-2328,Drone DMD 6,IT1 Damoda Drone DMD-M400W-V3,15094132,2025-01-30
W31-20240517-2329,Drone DMD W31-20240517-2329,Drone DMD 6,IT1 Damoda Drone DMD-M400W-V3,15094132,2025-01-30
W31-20240517-2330,Drone DMD W31-20240517-2330,Drone DMD 6,IT1 Damoda Drone DMD-M400W-V3,15094132,2025-01-30
W31-20240517-2331,Drone DMD W31-20240517-2331,Drone DMD 6,IT1 Damoda Drone DMD-M400W-V3,15094132,2025-01-30
W31-20240517-2332,Drone DMD W31-20240517-2332,Drone DMD 6,IT1 Damoda Drone DMD-M400W-V3,15094132,2025-01-30
W31-20240517-2333,Drone DMD W31-20240517-2333,Drone DMD 6,IT1 Damoda Drone DMD-M400W-V3,15094132,2025-01-30
W31-20240517-2334,Drone DMD W31-20240517-2334,Drone DMD 6,IT1 Damoda Drone DMD-M400W-V3,15094132,2025-01-30
W31-20240517-2335,Drone DMD W31-20240517-2335,Drone DMD 6,IT1 Damoda Drone DMD-M400W-V3,15094132,2025-01-30
W31-20240517-2336,Drone DMD W31-20240517-2336,Drone DMD 6,IT1 Damoda Drone DMD-M400W-V3,15094132,2025-01-30
W31-20240517-2337,Drone DMD W31-20240517-2337,Drone DMD 6,IT1 Damoda Drone DMD-M400W-V3,15094132,2025-01-30
W31-20240517-2338,Drone DMD W31-20240517-2338,Drone DMD 6,IT1 Damoda Drone DMD-M400W-V3,15094132,2025-01-30
W31-20240517-2339,Drone DMD W31-20240517-2339,Drone DMD 6,IT1 Damoda Drone DMD-M400W-V3,15094132,2025-01-30
W31-20240517-2340,Drone DMD W31-20240517-2340,Drone DMD 6,IT1 Damoda Drone DMD-M400W-V3,15094132,2025-01-30
W31-20240517-2341,Drone DMD W31-20240517-2341,Drone DMD 6,IT1 Damoda Drone DMD-M400W-V3,15094132,2025-01-30
W31-20240517-2342,Drone DMD W31-20240517-2342,Drone DMD 6,IT1 Damoda Drone DMD-M400W-V3,15094132,2025-01-30
W31-20240517-2343,Drone DMD W31-20240517-2343,Drone DMD 6,IT1 Damoda Drone DMD-M400W-V3,15094132,2025-01-30
W31-20240517-2344,Drone DMD W31-20240517-2344,Drone DMD 6,IT1 Damoda Drone DMD-M400W-V3,15094132,2025-01-30
W31-20240517-2345,Drone DMD W31-20240517-2345,Drone DMD 6,IT1 Damoda Drone DMD-M400W-V3,15094132,2025-01-30
W31-20240517-2346,Drone DMD W31-20240517-2346,Drone DMD 6,IT1 Damoda Drone DMD-M400W-V3,15094132,2025-01-30
W31-20240517-2347,Drone DMD W31-20240517-2347,Drone DMD 6,IT1 Damoda Drone DMD-M400W-V3,15094132,2025-01-30
W31-20240517-2348,Drone DMD W31-20240517-2348,Drone DMD 6,IT1 Damoda Drone DMD-M400W-V3,15094132,2025-01-30
W31-20240517-2349,Drone DMD W31-20240517-2349,Drone DMD 6,IT1 Damoda Drone DMD-M400W-V3,15094132,2025-01-30
W31-20240517-2350,Drone DMD W31-20240517-2350,Drone DMD 6,IT1 Damoda Drone DMD-M400W-V3,15094132,2025-01-30
W31-20240517-2351,Drone DMD W31-20240517-2351,Drone DMD 6,IT1 Damoda Drone DMD-M400W-V3,15094132,2025-01-30
W31-20240517-2352,Drone DMD W31-20240517-2352,Drone DMD 6,IT1 Damoda Drone DMD-M400W-V3,15094132,2025-01-30
W31-20240517-2353,Drone DMD W31-20240517-2353,Drone DMD 6,IT1 Damoda Drone DMD-M400W-V3,15094132,2025-01-30
W31-20240517-2354,Drone DMD W31-20240517-2354,Drone DMD 6,IT1 Damoda Drone DMD-M400W-V3,15094132,2025-01-30
W31-20240517-2355,Drone DMD W31-20240517-2355,Drone DMD 6,IT1 Damoda Drone DMD-M400W-V3,15094132,2025-01-30
W31-20240517-2356,Drone DMD W31-20240517-2356,Drone DMD 6,IT1 Damoda Drone DMD-M400W-V3,15094132,2025-01-30
W31-20240517-2357,Drone DMD W31-20240517-2357,Drone DMD 6,IT1 Damoda Drone DMD-M400W-V3,15094132,2025-01-30
W31-20240517-2358,Drone DMD W31-20240517-2358,Drone DMD 6,IT1 Damoda Drone DMD-M400W-V3,15094132,2025-01-30
W31-20240517-2359,Drone DMD W31-20240517-2359,Drone DMD 6,IT1 Damoda Drone DMD-M400W-V3,15094132,2025-01-30
W31-20240517-2360,Drone DMD W31-20240517-2360,Drone DMD 6,IT1 Damoda Drone DMD-M400W-V3,15094132,2025-01-30
W31-20240517-2361,Drone DMD W31-20240517-2361,Drone DMD 6,IT1 Damoda Drone DMD-M400W-V3,15094132,2025-01-30
W31-20240517-2362,Drone DMD W31-20240517-2362,Drone DMD 6,IT1 Damoda Drone DMD-M400W-V3,15094132,2025-01-30
W31-20240517-2363,Drone DMD W31-20240517-2363,Drone DMD 6,IT1 Damoda Drone DMD-M400W-V3,15094132,2025-01-30
W31-20240517-2364,Drone DMD W31-20240517-2364,Drone DMD 6,IT1 Damoda Drone DMD-M400W-V3,15094132,2025-01-30
W31-20240517-2365,Drone DMD W31-20240517-2365,Drone DMD 6,IT1 Damoda Drone DMD-M400W-V3,15094132,2025-01-30
W31-20240517-2366,Drone DMD W31-20240517-2366,Drone DMD 6,IT1 Damoda Drone DMD-M400W-V3,15094132,2025-01-30
W31-20240517-2367,Drone DMD W31-20240517-2367,Drone DMD 6,IT1 Damoda Drone DMD-M400W-V3,15094132,2025-01-30
W31-20240517-2368,Drone DMD W31-20240517-2368,Drone DMD 6,IT1 Damoda Drone DMD-M400W-V3,15094132,2025-01-30
W31-20240517-2369,Drone DMD W31-20240517-2369,Drone DMD 6,IT1 Damoda Drone DMD-M400W-V3,15094132,2025-01-30
W31-20240517-2370,Drone DMD W31-20240517-2370,Drone DMD 6,IT1 Damoda Drone DMD-M400W-V3,15094132,2025-01-30
W31-20240517-2371,Drone DMD W31-20240517-2371,Drone DMD 6,IT1 Damoda Drone DMD-M400W-V3,15094132,2025-01-30
W31-20240517-2372,Drone DMD W31-20240517-2372,Drone DMD 6,IT1 Damoda Drone DMD-M400W-V3,15094132,2025-01-30
W31-20240517-2373,Drone DMD W31-20240517-2373,Drone DMD 6,IT1 Damoda Drone DMD-M400W-V3,15094132,2025-01-30
W31-20240517-2374,Drone DMD W31-20240517-2374,Drone DMD 6,IT1 Damoda Drone DMD-M400W-V3,15094132,2025-01-30
W31-20240517-2375,Drone DMD W31-20240517-2375,Drone DMD 6,IT1 Damoda Drone DMD-M400W-V3,15094132,2025-01-30
W31-20240517-2376,Drone DMD W31-20240517-2376,Drone DMD 6,IT1 Damoda Drone DMD-M400W-V3,15094132,2025-01-30
W31-20240517-2377,Drone DMD W31-20240517-2377,Drone DMD 6,IT1 Damoda Drone DMD-M400W-V3,15094132,2025-01-30
W31-20240517-2378,Drone DMD W31-20240517-2378,Drone DMD 6,IT1 Damoda Drone DMD-M400W-V3,15094132,2025-01-30
W31-20240517-2379,Drone DMD W31-20240517-2379,Drone DMD 6,IT1 Damoda Drone DMD-M400W-V3,15094132,2025-01-30
W31-20240517-2380,Drone DMD W31-20240517-2380,Drone DMD 6,IT1 Damoda Drone DMD-M400W-V3,15094132,2025-01-30
W31-20240517-2381,Drone DMD W31-20240517-2381,Drone DMD 6,IT1 Damoda Drone DMD-M400W-V3,15094132,2025-01-30
W31-20240517-2382,Drone DMD W31-20240517-2382,Drone DMD 6,IT1 Damoda Drone DMD-M400W-V3,15094132,2025-01-30
W31-20240517-2383,Drone DMD W31-20240517-2383,Drone DMD 6,IT1 Damoda Drone DMD-M400W-V3,15094132,2025-01-30
W31-20240517-2384,Drone DMD W31-20240517-2384,Drone DMD 6,IT1 Damoda Drone DMD-M400W-V3,15094132,2025-01-30
W31-20240517-2385,Drone DMD W31-20240517-2385,Drone DMD 6,IT1 Damoda Drone DMD-M400W-V3,15094132,2025-01-30
W31-20240517-2386,Drone DMD W31-20240517-2386,Drone DMD 6,IT1 Damoda Drone DMD-M400W-V3,15094132,2025-01-30
W31-20240517-2387,Drone DMD W31-20240517-2387,Drone DMD 6,IT1 Damoda Drone DMD-M400W-V3,15094132,2025-01-30
W31-20240517-2388,Drone DMD W31-20240517-2388,Drone DMD 6,IT1 Damoda Drone DMD-M400W-V3,15094132,2025-01-30
W31-20240517-2389,Drone DMD W31-20240517-2389,Drone DMD 7,IT1 Damoda Drone DMD-M400W-V3,15094132,2025-01-30
W31-20240517-2390,Drone DMD W31-20240517-2390,Drone DMD 7,IT1 Damoda Drone DMD-M400W-V3,15094132,2025-01-30
W31-20240517-2391,Drone DMD W31-20240517-2391,Drone DMD 7,IT1 Damoda Drone DMD-M400W-V3,15094132,2025-01-30
W31-20240517-2392,Drone DMD W31-20240517-2392,Drone DMD 7,IT1 Damoda Drone DMD-M400W-V3,15094132,2025-01-30
W31-20240517-2393,Drone DMD W31-20240517-2393,Drone DMD 7,IT1 Damoda Drone DMD-M400W-V3,15094132,2025-01-30
W31-20240517-2394,Drone DMD W31-20240517-2394,Drone DMD 7,IT1 Damoda Drone DMD-M400W-V3,15094132,2025-01-30
W31-20240517-2395,Drone DMD W31-20240517-2395,Drone DMD 7,IT1 Damoda Drone DMD-M400W-V3,15094132,2025-01-30
W31-20240517-2396,Drone DMD W31-20240517-2396,Drone DMD 7,IT1 Damoda Drone DMD-M400W-V3,15094132,2025-01-30
W31-20240517-2397,Drone DMD W31-20240517-2397,Drone DMD 7,IT1 Damoda Drone DMD-M400W-V3,15094132,2025-01-30
W31-20240517-2398,Drone DMD W31-20240517-2398,Drone DMD 7,IT1 Damoda Drone DMD-M400W-V3,15094132,2025-01-30
W31-20240517-2399,Drone DMD W31-20240517-2399,Drone DMD 7,IT1 Damoda Drone DMD-M400W-V3,15094132,2025-01-30
W31-20240517-2400,Drone DMD W31-20240517-2400,Drone DMD 7,IT1 Damoda Drone DMD-M400W-V3,15094132,2025-01-30
W31-20240517-2401,Drone DMD W31-20240517-2401,Drone DMD 7,IT1 Damoda Drone DMD-M400W-V3,15094132,2025-01-30
W31-20240517-2402,Drone DMD W31-20240517-2402,Drone DMD 7,IT1 Damoda Drone DMD-M400W-V3,15094132,2025-01-30
W31-20240517-2403,Drone DMD W31-20240517-2403,Drone DMD 7,IT1 Damoda Drone DMD-M400W-V3,15094132,2025-01-30
W31-20240517-2404,Drone DMD W31-20240517-2404,Drone DMD 7,IT1 Damoda Drone DMD-M400W-V3,15094132,2025-01-30
W31-20240517-2405,Drone DMD W31-20240517-2405,Drone DMD 7,IT1 Damoda Drone DMD-M400W-V3,15094132,2025-01-30
W31-20240517-2406,Drone DMD W31-20240517-2406,Drone DMD 7,IT1 Damoda Drone DMD-M400W-V3,15094132,2025-01-30
W31-20240517-2407,Drone DMD W31-20240517-2407,Drone DMD 7,IT1 Damoda Drone DMD-M400W-V3,15094132,2025-01-30
W31-20240517-2408,Drone DMD W31-20240517-2408,Drone DMD 7,IT1 Damoda Drone DMD-M400W-V3,15094132,2025-01-30
W31-20240517-2409,Drone DMD W31-20240517-2409,Drone DMD 7,IT1 Damoda Drone DMD-M400W-V3,15094132,2025-01-30
W31-20240517-2410,Drone DMD W31-20240517-2410,Drone DMD 7,IT1 Damoda Drone DMD-M400W-V3,15094132,2025-01-30
W31-20240517-2411,Drone DMD W31-20240517-2411,Drone DMD 7,IT1 Damoda Drone DMD-M400W-V3,15094132,2025-01-30
W31-20240517-2412,Drone DMD W31-20240517-2412,Drone DMD 7,IT1 Damoda Drone DMD-M400W-V3,15094132,2025-01-30
W31-20240517-2413,Drone DMD W31-20240517-2413,Drone DMD 7,IT1 Damoda Drone DMD-M400W-V3,15094132,2025-01-30
W31-20240517-2414,Drone DMD W31-20240517-2414,Drone DMD 7,IT1 Damoda Drone DMD-M400W-V3,15094132,2025-01-30
W31-20240517-2415,Drone DMD W31-20240517-2415,Drone DMD 7,IT1 Damoda Drone DMD-M400W-V3,15094132,2025-01-30
W31-20240517-2416,Drone DMD W31-20240517-2416,Drone DMD 7,IT1 Damoda Drone DMD-M400W-V3,15094132,2025-01-30
W31-20240517-2417,Drone DMD W31-20240517-2417,Drone DMD 7,IT1 Damoda Drone DMD-M400W-V3,15094132,2025-01-30
W31-20240517-2418,Drone DMD W31-20240517-2418,Drone DMD 7,IT1 Damoda Drone DMD-M400W-V3,15094132,2025-01-30
W31-20240517-2419,Drone DMD W31-20240517-2419,Drone DMD 7,IT1 Damoda Drone DMD-M400W-V3,15094132,2025-01-30
W31-20240517-2420,Drone DMD W31-20240517-2420,Drone DMD 7,IT1 Damoda Drone DMD-M400W-V3,15094132,2025-01-30
W31-20240517-2421,Drone DMD W31-20240517-2421,Drone DMD 7,IT1 Damoda Drone DMD-M400W-V3,15094132,2025-01-30
W31-20240517-2422,Drone DMD W31-20240517-2422,Drone DMD 7,IT1 Damoda Drone DMD-M400W-V3,15094132,2025-01-30
W31-20240517-2423,Drone DMD W31-20240517-2423,Drone DMD 7,IT1 Damoda Drone DMD-M400W-V3,15094132,2025-01-30
W31-20240517-2424,Drone DMD W31-20240517-2424,Drone DMD 7,IT1 Damoda Drone DMD-M400W-V3,15094132,2025-01-30
W31-20240517-2425,Drone DMD W31-20240517-2425,Drone DMD 7,IT1 Damoda Drone DMD-M400W-V3,15094132,2025-01-30
W31-20240517-2426,Drone DMD W31-20240517-2426,Drone DMD 7,IT1 Damoda Drone DMD-M400W-V3,15094132,2025-01-30
W31-20240517-2427,Drone DMD W31-20240517-2427,Drone DMD 7,IT1 Damoda Drone DMD-M400W-V3,15094132,2025-01-30
W31-20240517-2428,Drone DMD W31-20240517-2428,Drone DMD 7,IT1 Damoda Drone DMD-M400W-V3,15094132,2025-01-30
W31-20240517-2429,Drone DMD W31-20240517-2429,Drone DMD 7,IT1 Damoda Drone DMD-M400W-V3,15094132,2025-01-30
W31-20240517-2430,Drone DMD W31-20240517-2430,Drone DMD 7,IT1 Damoda Drone DMD-M400W-V3,15094132,2025-01-30
W31-20240517-2431,Drone DMD W31-20240517-2431,Drone DMD 7,IT1 Damoda Drone DMD-M400W-V3,15094132,2025-01-30
W31-20240517-2432,Drone DMD W31-20240517-2432,Drone DMD 7,IT1 Damoda Drone DMD-M400W-V3,15094132,2025-01-30
W31-20240517-2433,Drone DMD W31-20240517-2433,Drone DMD 7,IT1 Damoda Drone DMD-M400W-V3,15094132,2025-01-30
W31-20240517-2434,Drone DMD W31-20240517-2434,Drone DMD 7,IT1 Damoda Drone DMD-M400W-V3,15094132,2025-01-30
W31-20240517-2435,Drone DMD W31-20240517-2435,Drone DMD 7,IT1 Damoda Drone DMD-M400W-V3,15094132,2025-01-30
W31-20240517-2436,Drone DMD W31-20240517-2436,Drone DMD 7,IT1 Damoda Drone DMD-M400W-V3,15094132,2025-01-30
W31-20240517-2437,Drone DMD W31-20240517-2437,Drone DMD 7,IT1 Damoda Drone DMD-M400W-V3,15094132,2025-01-30
W31-20240517-2438,Drone DMD W31-20240517-2438,Drone DMD 7,IT1 Damoda Drone DMD-M400W-V3,15094132,2025-01-30
W31-20240517-2439,Drone DMD W31-20240517-2439,Drone DMD 7,IT1 Damoda Drone DMD-M400W-V3,15094132,2025-01-30
W31-20240517-2440,Drone DMD W31-20240517-2440,Drone DMD 7,IT1 Damoda Drone DMD-M400W-V3,15094132,2025-01-30
W31-20240517-2441,Drone DMD W31-20240517-2441,Drone DMD 7,IT1 Damoda Drone DMD-M400W-V3,15094132,2025-01-30
W31-20240517-2442,Drone DMD W31-20240517-2442,Drone DMD 7,IT1 Damoda Drone DMD-M400W-V3,15094132,2025-01-30
W31-20240517-2443,Drone DMD W31-20240517-2443,Drone DMD 7,IT1 Damoda Drone DMD-M400W-V3,15094132,2025-01-30
W31-20240517-2444,Drone DMD W31-20240517-2444,Drone DMD 7,IT1 Damoda Drone DMD-M400W-V3,15094132,2025-01-30
W31-20240517-2445,Drone DMD W31-20240517-2445,Drone DMD 7,IT1 Damoda Drone DMD-M400W-V3,15094132,2025-01-30
W31-20240517-2446,Drone DMD W31-20240517-2446,Drone DMD 7,IT1 Damoda Drone DMD-M400W-V3,15094132,2025-01-30
W31-20240517-2447,Drone DMD W31-20240517-2447,Drone DMD 7,IT1 Damoda Drone DMD-M400W-V3,15094132,2025-01-30
W31-20240517-2448,Drone DMD W31-20240517-2448,Drone DMD 7,IT1 Damoda Drone DMD-M400W-V3,15094132,2025-01-30
W31-20240517-2449,Drone DMD W31-20240517-2449,Drone DMD 7,IT1 Damoda Drone DMD-M400W-V3,15094132,2025-01-30
W31-20240517-2450,Drone DMD W31-20240517-2450,Drone DMD 7,IT1 Damoda Drone DMD-M400W-V3,15094132,2025-01-30
W31-20240517-2451,Drone DMD W31-20240517-2451,Drone DMD 7,IT1 Damoda Drone DMD-M400W-V3,15094132,2025-01-30
W31-20240517-2452,Drone DMD W31-20240517-2452,Drone DMD 7,IT1 Damoda Drone DMD-M400W-V3,15094132,2025-01-30
W31-20240517-2453,Drone DMD W31-20240517-2453,Drone DMD 7,IT1 Damoda Drone DMD-M400W-V3,15094132,2025-01-30
W31-20240517-2454,Drone DMD W31-20240517-2454,Drone DMD 7,IT1 Damoda Drone DMD-M400W-V3,15094132,2025-01-30
W31-20240517-2455,Drone DMD W31-20240517-2455,Drone DMD 7,IT1 Damoda Drone DMD-M400W-V3,15094132,2025-01-30
W31-20240517-2456,Drone DMD W31-20240517-2456,Drone DMD 7,IT1 Damoda Drone DMD-M400W-V3,15094132,2025-01-30
W31-20240517-2457,Drone DMD W31-20240517-2457,Drone DMD 7,IT1 Damoda Drone DMD-M400W-V3,15094132,2025-01-30
W31-20240517-2458,Drone DMD W31-20240517-2458,Drone DMD 7,IT1 Damoda Drone DMD-M400W-V3,15094132,2025-01-30
W31-20240517-2459,Drone DMD W31-20240517-2459,Drone DMD 7,IT1 Damoda Drone DMD-M400W-V3,15094132,2025-01-30
W31-20240517-2460,Drone DMD W31-20240517-2460,Drone DMD 7,IT1 Damoda Drone DMD-M400W-V3,15094132,2025-01-30
W31-20240517-2461,Drone DMD W31-20240517-2461,Drone DMD 7,IT1 Damoda Drone DMD-M400W-V3,15094132,2025-01-30
W31-20240517-2462,Drone DMD W31-20240517-2462,Drone DMD 7,IT1 Damoda Drone DMD-M400W-V3,15094132,2025-01-30
W31-20240517-2463,Drone DMD W31-20240517-2463,Drone DMD 7,IT1 Damoda Drone DMD-M400W-V3,15094132,2025-01-30
W31-20240517-2464,Drone DMD W31-20240517-2464,Drone DMD 7,IT1 Damoda Drone DMD-M400W-V3,15094132,2025-01-30
W31-20240517-2465,Drone DMD W31-20240517-2465,Drone DMD 7,IT1 Damoda Drone DMD-M400W-V3,15094132,2025-01-30
W31-20240517-2466,Drone DMD W31-20240517-2466,Drone DMD 7,IT1 Damoda Drone DMD-M400W-V3,15094132,2025-01-30
W31-20240517-2467,Drone DMD W31-20240517-2467,Drone DMD 7,IT1 Damoda Drone DMD-M400W-V3,15094132,2025-01-30
W31-20240517-2468,Drone DMD W31-20240517-2468,Drone DMD 7,IT1 Damoda Drone DMD-M400W-V3,15094132,2025-01-30
W31-20240517-2469,Drone DMD W31-20240517-2469,Drone DMD 7,IT1 Damoda Drone DMD-M400W-V3,15094132,2025-01-30
W31-20240517-2470,Drone DMD W31-20240517-2470,Drone DMD 7,IT1 Damoda Drone DMD-M400W-V3,15094132,2025-01-30
W31-20240517-2471,Drone DMD W31-20240517-2471,Drone DMD 7,IT1 Damoda Drone DMD-M400W-V3,15094132,2025-01-30
W31-20240517-2472,Drone DMD W31-20240517-2472,Drone DMD 7,IT1 Damoda Drone DMD-M400W-V3,15094132,2025-01-30
W31-20240517-2473,Drone DMD W31-20240517-2473,Drone DMD 7,IT1 Damoda Drone DMD-M400W-V3,15094132,2025-01-30
W31-20240517-2474,Drone DMD W31-20240517-2474,Drone DMD 7,IT1 Damoda Drone DMD-M400W-V3,15094132,2025-01-30
W31-20240517-2475,Drone DMD W31-20240517-2475,Drone DMD 7,IT1 Damoda Drone DMD-M400W-V3,15094132,2025-01-30
W31-20240517-2476,Drone DMD W31-20240517-2476,Drone DMD 7,IT1 Damoda Drone DMD-M400W-V3,15094132,2025-01-30
W31-20240517-2477,Drone DMD W31-20240517-2477,Drone DMD 7,IT1 Damoda Drone DMD-M400W-V3,15094132,2025-01-30
W31-20240517-2478,Drone DMD W31-20240517-2478,Drone DMD 7,IT1 Damoda Drone DMD-M400W-V3,15094132,2025-01-30
W31-20240517-2479,Drone DMD W31-20240517-2479,Drone DMD 7,IT1 Damoda Drone DMD-M400W-V3,15094132,2025-01-30
W31-20240517-2480,Drone DMD W31-20240517-2480,Drone DMD 7,IT1 Damoda Drone DMD-M400W-V3,15094132,2025-01-30
W31-20240517-2481,Drone DMD W31-20240517-2481,Drone DMD 7,IT1 Damoda Drone DMD-M400W-V3,15094132,2025-01-30
W31-20240517-2482,Drone DMD W31-20240517-2482,Drone DMD 7,IT1 Damoda Drone DMD-M400W-V3,15094132,2025-01-30
W31-20240517-2483,Drone DMD W31-20240517-2483,Drone DMD 7,IT1 Damoda Drone DMD-M400W-V3,15094132,2025-01-30
W31-20240517-2484,Drone DMD W31-20240517-2484,Drone DMD 7,IT1 Damoda Drone DMD-M400W-V3,15094132,2025-01-30
W31-20240517-2485,Drone DMD W31-20240517-2485,Drone DMD 7,IT1 Damoda Drone DMD-M400W-V3,15094132,2025-01-30
W31-20240517-2486,Drone DMD W31-20240517-2486,Drone DMD 7,IT1 Damoda Drone DMD-M400W-V3,15094132,2025-01-30
W31-20240517-2487,Drone DMD W31-20240517-2487,Drone DMD 7,IT1 Damoda Drone DMD-M400W-V3,15094132,2025-01-30
W31-20240517-2488,Drone DMD W31-20240517-2488,Drone DMD 7,IT1 Damoda Drone DMD-M400W-V3,15094132,2025-01-30
W31-20240517-2489,Drone DMD W31-20240517-2489,Drone DMD 7,IT1 Damoda Drone DMD-M400W-V3,15094132,2025-01-30
W31-20240517-2490,Drone DMD W31-20240517-2490,Drone DMD 7,IT1 Damoda Drone DMD-M400W-V3,15094132,2025-01-30
W31-20240517-2491,Drone DMD W31-20240517-2491,Drone DMD 7,IT1 Damoda Drone DMD-M400W-V3,15094132,2025-01-30
W31-20240517-2492,Drone DMD W31-20240517-2492,Drone DMD 7,IT1 Damoda Drone DMD-M400W-V3,15094132,2025-01-30
W31-20240517-2493,Drone DMD W31-20240517-2493,Drone DMD 7,IT1 Damoda Drone DMD-M400W-V3,15094132,2025-01-30
W31-20240517-2494,Drone DMD W31-20240517-2494,Drone DMD 7,IT1 Damoda Drone DMD-M400W-V3,15094132,2025-01-30
W31-20240517-2495,Drone DMD W31-20240517-2495,Drone DMD 7,IT1 Damoda Drone DMD-M400W-V3,15094132,2025-01-30
W31-20240517-2496,Drone DMD W31-20240517-2496,Drone DMD 7,IT1 Damoda Drone DMD-M400W-V3,15094132,2025-01-30
W31-20240517-2497,Drone DMD W31-20240517-2497,Drone DMD 7,IT1 Damoda Drone DMD-M400W-V3,15094132,2025-01-30
W31-20240517-2498,Drone DMD W31-20240517-2498,Drone DMD 7,IT1 Damoda Drone DMD-M400W-V3,15094132,2025-01-30
W31-20240517-2499,Drone DMD W31-20240517-2499,Drone DMD 7,IT1 Damoda Drone DMD-M400W-V3,15094132,2025-01-30
W31-20240517-2500,Drone DMD W31-20240517-2500,Drone DMD 7,IT1 Damoda Drone DMD-M400W-V3,15094132,2025-01-30
W31-20240517-2501,Drone DMD W31-20240517-2501,Drone DMD 7,IT1 Damoda Drone DMD-M400W-V3,15094132,2025-01-30
W31-20240517-2502,Drone DMD W31-20240517-2502,Drone DMD 7,IT1 Damoda Drone DMD-M400W-V3,15094132,2025-01-30
W31-20240517-2503,Drone DMD W31-20240517-2503,Drone DMD 7,IT1 Damoda Drone DMD-M400W-V3,15094132,2025-01-30
W31-20240517-2504,Drone DMD W31-20240517-2504,Drone DMD 7,IT1 Damoda Drone DMD-M400W-V3,15094132,2025-01-30
W31-20240517-2505,Drone DMD W31-20240517-2505,Drone DMD 7,IT1 Damoda Drone DMD-M400W-V3,15094132,2025-01-30
W31-20240517-2506,Drone DMD W31-20240517-2506,Drone DMD 7,IT1 Damoda Drone DMD-M400W-V3,15094132,2025-01-30
W31-20240517-2507,Drone DMD W31-20240517-2507,Drone DMD 7,IT1 Damoda Drone DMD-M400W-V3,15094132,2025-01-30
W31-20240517-2508,Drone DMD W31-20240517-2508,Drone DMD 7,IT1 Damoda Drone DMD-M400W-V3,15094132,2025-01-30
W31-20240517-2509,Drone DMD W31-20240517-2509,Drone DMD 7,IT1 Damoda Drone DMD-M400W-V3,15094132,2025-01-30
W31-20240517-2510,Drone DMD W31-20240517-2510,Drone DMD 7,IT1 Damoda Drone DMD-M400W-V3,15094132,2025-01-30
W31-20240517-2511,Drone DMD W31-20240517-2511,Drone DMD 7,IT1 Damoda Drone DMD-M400W-V3,15094132,2025-01-30
W31-20240517-2512,Drone DMD W31-20240517-2512,Drone DMD 7,IT1 Damoda Drone DMD-M400W-V3,15094132,2025-01-30
W31-20240517-2513,Drone DMD W31-20240517-2513,Drone DMD 7,IT1 Damoda Drone DMD-M400W-V3,15094132,2025-01-30
W31-20240517-2514,Drone DMD W31-20240517-2514,Drone DMD 7,IT1 Damoda Drone DMD-M400W-V3,15094132,2025-01-30
W31-20240517-2515,Drone DMD W31-20240517-2515,Drone DMD 7,IT1 Damoda Drone DMD-M400W-V3,15094132,2025-01-30
W31-20240517-2516,Drone DMD W31-20240517-2516,Drone DMD 7,IT1 Damoda Drone DMD-M400W-V3,15094132,2025-01-30
W31-20240517-2517,Drone DMD W31-20240517-2517,Drone DMD 7,IT1 Damoda Drone DMD-M400W-V3,15094132,2025-01-30
W31-20240517-2518,Drone DMD W31-20240517-2518,Drone DMD 7,IT1 Damoda Drone DMD-M400W-V3,15094132,2025-01-30
W31-20240517-2519,Drone DMD W31-20240517-2519,Drone DMD 7,IT1 Damoda Drone DMD-M400W-V3,15094132,2025-01-30
W31-20240517-2520,Drone DMD W31-20240517-2520,Drone DMD 7,IT1 Damoda Drone DMD-M400W-V3,15094132,2025-01-30
W31-20240517-2521,Drone DMD W31-20240517-2521,Drone DMD 7,IT1 Damoda Drone DMD-M400W-V3,15094132,2025-01-30
W31-20240517-2522,Drone DMD W31-20240517-2522,Drone DMD 7,IT1 Damoda Drone DMD-M400W-V3,15094132,2025-01-30
W31-20240517-2523,Drone DMD W31-20240517-2523,Drone DMD 7,IT1 Damoda Drone DMD-M400W-V3,15094132,2025-01-30
W31-20240517-2524,Drone DMD W31-20240517-2524,Drone DMD 7,IT1 Damoda Drone DMD-M400W-V3,15094132,2025-01-30
W31-20240517-2525,Drone DMD W31-20240517-2525,Drone DMD 7,IT1 Damoda Drone DMD-M400W-V3,15094132,2025-01-30
W31-20240517-2526,Drone DMD W31-20240517-2526,Drone DMD 7,IT1 Damoda Drone DMD-M400W-V3,15094132,2025-01-30
W31-20240517-2527,Drone DMD W31-20240517-2527,Drone DMD 7,IT1 Damoda Drone DMD-M400W-V3,15094132,2025-01-30
W31-20240517-2528,Drone DMD W31-20240517-2528,Drone DMD 7,IT1 Damoda Drone DMD-M400W-V3,15094132,2025-01-30
W31-20240517-2529,Drone DMD W31-20240517-2529,Drone DMD 7,IT1 Damoda Drone DMD-M400W-V3,15094132,2025-01-30
W31-20240517-2530,Drone DMD W31-20240517-2530,Drone DMD 7,IT1 Damoda Drone DMD-M400W-V3,15094132,2025-01-30
W31-20240517-2531,Drone DMD W31-20240517-2531,Drone DMD 7,IT1 Damoda Drone DMD-M400W-V3,15094132,2025-01-30
W31-20240517-2532,Drone DMD W31-20240517-2532,Drone DMD 7,IT1 Damoda Drone DMD-M400W-V3,15094132,2025-01-30
W31-20240517-2533,Drone DMD W31-20240517-2533,Drone DMD 7,IT1 Damoda Drone DMD-M400W-V3,15094132,2025-01-30
W31-20240517-2534,Drone DMD W31-20240517-2534,Drone DMD 7,IT1 Damoda Drone DMD-M400W-V3,15094132,2025-01-30
W31-20240517-2535,Drone DMD W31-20240517-2535,Drone DMD 7,IT1 Damoda Drone DMD-M400W-V3,15094132,2025-01-30
W31-20240517-2536,Drone DMD W31-20240517-2536,Drone DMD 7,IT1 Damoda Drone DMD-M400W-V3,15094132,2025-01-30
W31-20240517-2537,Drone DMD W31-20240517-2537,Drone DMD 7,IT1 Damoda Drone DMD-M400W-V3,15094132,2025-01-30
W31-20240517-2538,Drone DMD W31-20240517-2538,Drone DMD 7,IT1 Damoda Drone DMD-M400W-V3,15094132,2025-01-30
W31-20240517-2539,Drone DMD W31-20240517-2539,Drone DMD 7,IT1 Damoda Drone DMD-M400W-V3,15094132,2025-01-30
W31-20240517-2540,Drone DMD W31-20240517-2540,Drone DMD 7,IT1 Damoda Drone DMD-M400W-V3,15094132,2025-01-30
W31-20240517-2541,Drone DMD W31-20240517-2541,Drone DMD 7,IT1 Damoda Drone DMD-M400W-V3,15094132,2025-01-30
W31-20240517-2542,Drone DMD W31-20240517-2542,Drone DMD 7,IT1 Damoda Drone DMD-M400W-V3,15094132,2025-01-30
W31-20240517-2543,Drone DMD W31-20240517-2543,Drone DMD 7,IT1 Damoda Drone DMD-M400W-V3,15094132,2025-01-30
W31-20240517-2544,Drone DMD W31-20240517-2544,Drone DMD 7,IT1 Damoda Drone DMD-M400W-V3,15094132,2025-01-30
W31-20240517-2545,Drone DMD W31-20240517-2545,Drone DMD 7,IT1 Damoda Drone DMD-M400W-V3,15094132,2025-01-30
W31-20240517-2546,Drone DMD W31-20240517-2546,Drone DMD 7,IT1 Damoda Drone DMD-M400W-V3,15094132,2025-01-30
W31-20240517-2547,Drone DMD W31-20240517-2547,Drone DMD 7,IT1 Damoda Drone DMD-M400W-V3,15094132,2025-01-30
W31-20240517-2548,Drone DMD W31-20240517-2548,Drone DMD 7,IT1 Damoda Drone DMD-M400W-V3,15094132,2025-01-30
W31-20240517-2549,Drone DMD W31-20240517-2549,Drone DMD 7,IT1 Damoda Drone DMD-M400W-V3,15094132,2025-01-30
W31-20240517-2550,Drone DMD W31-20240517-2550,Drone DMD 7,IT1 Damoda Drone DMD-M400W-V3,15094132,2025-01-30
W31-20240517-2551,Drone DMD W31-20240517-2551,Drone DMD 7,IT1 Damoda Drone DMD-M400W-V3,15094132,2025-01-30
W31-20240517-2552,Drone DMD W31-20240517-2552,Drone DMD 7,IT1 Damoda Drone DMD-M400W-V3,15094132,2025-01-30
W31-20240517-2553,Drone DMD W31-20240517-2553,Drone DMD 7,IT1 Damoda Drone DMD-M400W-V3,15094132,2025-01-30
W31-20240517-2554,Drone DMD W31-20240517-2554,Drone DMD 7,IT1 Damoda Drone DMD-M400W-V3,15094132,2025-01-30
W31-20240517-2555,Drone DMD W31-20240517-2555,Drone DMD 7,IT1 Damoda Drone DMD-M400W-V3,15094132,2025-01-30
W31-20240517-2556,Drone DMD W31-20240517-2556,Drone DMD 7,IT1 Damoda Drone DMD-M400W-V3,15094132,2025-01-30
W31-20240517-2557,Drone DMD W31-20240517-2557,Drone DMD 7,IT1 Damoda Drone DMD-M400W-V3,15094132,2025-01-30
W31-20240517-2558,Drone DMD W31-20240517-2558,Drone DMD 7,IT1 Damoda Drone DMD-M400W-V3,15094132,2025-01-30
W31-20240517-2559,Drone DMD W31-20240517-2559,Drone DMD 7,IT1 Damoda Drone DMD-M400W-V3,15094132,2025-01-30
W31-20240517-2560,Drone DMD W31-20240517-2560,Drone DMD 7,IT1 Damoda Drone DMD-M400W-V3,15094132,2025-01-30
W31-20240517-2561,Drone DMD W31-20240517-2561,Drone DMD 7,IT1 Damoda Drone DMD-M400W-V3,15094132,2025-01-30
W31-20240517-2562,Drone DMD W31-20240517-2562,Drone DMD 7,IT1 Damoda Drone DMD-M400W-V3,15094132,2025-01-30
W31-20240517-2563,Drone DMD W31-20240517-2563,Drone DMD 7,IT1 Damoda Drone DMD-M400W-V3,15094132,2025-01-30
W31-20240517-2564,Drone DMD W31-20240517-2564,Drone DMD 7,IT1 Damoda Drone DMD-M400W-V3,15094132,2025-01-30
W31-20240517-2565,Drone DMD W31-20240517-2565,Drone DMD 7,IT1 Damoda Drone DMD-M400W-V3,15094132,2025-01-30
W31-20240517-2566,Drone DMD W31-20240517-2566,Drone DMD 7,IT1 Damoda Drone DMD-M400W-V3,15094132,2025-01-30
W31-20240517-2567,Drone DMD W31-20240517-2567,Drone DMD 7,IT1 Damoda Drone DMD-M400W-V3,15094132,2025-01-30
W31-20240517-2568,Drone DMD W31-20240517-2568,Drone DMD 7,IT1 Damoda Drone DMD-M400W-V3,15094132,2025-01-30
W31-20240517-2569,Drone DMD W31-20240517-2569,Drone DMD 7,IT1 Damoda Drone DMD-M400W-V3,15094132,2025-01-30
W31-20240517-2570,Drone DMD W31-20240517-2570,Drone DMD 7,IT1 Damoda Drone DMD-M400W-V3,15094132,2025-01-30
W31-20240517-2571,Drone DMD W31-20240517-2571,Drone DMD 7,IT1 Damoda Drone DMD-M400W-V3,15094132,2025-01-30
W31-20240517-2572,Drone DMD W31-20240517-2572,Drone DMD 7,IT1 Damoda Drone DMD-M400W-V3,15094132,2025-01-30
W31-20240517-2573,Drone DMD W31-20240517-2573,Drone DMD 7,IT1 Damoda Drone DMD-M400W-V3,15094132,2025-01-30
W31-20240517-2574,Drone DMD W31-20240517-2574,Drone DMD 7,IT1 Damoda Drone DMD-M400W-V3,15094132,2025-01-30
W31-20240517-2575,Drone DMD W31-20240517-2575,Drone DMD 7,IT1 Damoda Drone DMD-M400W-V3,15094132,2025-01-30
W31-20240517-2576,Drone DMD W31-20240517-2576,Drone DMD 7,IT1 Damoda Drone DMD-M400W-V3,15094132,2025-01-30
W31-20240517-2577,Drone DMD W31-20240517-2577,Drone DMD 7,IT1 Damoda Drone DMD-M400W-V3,15094132,2025-01-30
W31-20240517-2578,Drone DMD W31-20240517-2578,Drone DMD 7,IT1 Damoda Drone DMD-M400W-V3,15094132,2025-01-30
W31-20240517-2579,Drone DMD W31-20240517-2579,Drone DMD 7,IT1 Damoda Drone DMD-M400W-V3,15094132,2025-01-30
W31-20240517-2580,Drone DMD W31-20240517-2580,Drone DMD 7,IT1 Damoda Drone DMD-M400W-V3,15094132,2025-01-30
W31-20240517-2581,Drone DMD W31-20240517-2581,Drone DMD 7,IT1 Damoda Drone DMD-M400W-V3,15094132,2025-01-30
W31-20240517-2582,Drone DMD W31-20240517-2582,Drone DMD 7,IT1 Damoda Drone DMD-M400W-V3,15094132,2025-01-30
W31-20240517-2583,Drone DMD W31-20240517-2583,Drone DMD 7,IT1 Damoda Drone DMD-M400W-V3,15094132,2025-01-30
W31-20240517-2584,Drone DMD W31-20240517-2584,Drone DMD 7,IT1 Damoda Drone DMD-M400W-V3,15094132,2025-01-30
W31-20240517-2585,Drone DMD W31-20240517-2585,Drone DMD 7,IT1 Damoda Drone DMD-M400W-V3,15094132,2025-01-30
W31-20240517-2586,Drone DMD W31-20240517-2586,Drone DMD 7,IT1 Damoda Drone DMD-M400W-V3,15094132,2025-01-30
W31-20240517-2587,Drone DMD W31-20240517-2587,Drone DMD 7,IT1 Damoda Drone DMD-M400W-V3,15094132,2025-01-30
W31-20240517-2588,Drone DMD W31-20240517-2588,Drone DMD 7,IT1 Damoda Drone DMD-M400W-V3,15094132,2025-01-30
W31-20240517-2589,Drone DMD W31-20240517-2589,Drone DMD 7,IT1 Damoda Drone DMD-M400W-V3,15094132,2025-01-30
W31-20240517-2590,Drone DMD W31-20240517-2590,Drone DMD 7,IT1 Damoda Drone DMD-M400W-V3,15094132,2025-01-30
W31-20240517-2591,Drone DMD W31-20240517-2591,Drone DMD 7,IT1 Damoda Drone DMD-M400W-V3,15094132,2025-01-30
W31-20240517-2592,Drone DMD W31-20240517-2592,Drone DMD 7,IT1 Damoda Drone DMD-M400W-V3,15094132,2025-01-30
W31-20240517-2593,Drone DMD W31-20240517-2593,Drone DMD 8,IT1 Damoda Drone DMD-M400W-V3,15094132,2025-01-30
W31-20240517-2594,Drone DMD W31-20240517-2594,Drone DMD 8,IT1 Damoda Drone DMD-M400W-V3,15094132,2025-01-30
W31-20240517-2595,Drone DMD W31-20240517-2595,Drone DMD 8,IT1 Damoda Drone DMD-M400W-V3,15094132,2025-01-30
W31-20240517-2596,Drone DMD W31-20240517-2596,Drone DMD 8,IT1 Damoda Drone DMD-M400W-V3,15094132,2025-01-30
W31-20240517-2597,Drone DMD W31-20240517-2597,Drone DMD 8,IT1 Damoda Drone DMD-M400W-V3,15094132,2025-01-30
W31-20240517-2598,Drone DMD W31-20240517-2598,Drone DMD 8,IT1 Damoda Drone DMD-M400W-V3,15094132,2025-01-30
W31-20240517-2599,Drone DMD W31-20240517-2599,Drone DMD 8,IT1 Damoda Drone DMD-M400W-V3,15094132,2025-01-30
W31-20240517-2600,Drone DMD W31-20240517-2600,Drone DMD 8,IT1 Damoda Drone DMD-M400W-V3,15094132,2025-01-30
W31-20240517-2601,Drone DMD W31-20240517-2601,Drone DMD 8,IT1 Damoda Drone DMD-M400W-V3,15094132,2025-01-30
W31-20240517-2602,Drone DMD W31-20240517-2602,Drone DMD 8,IT1 Damoda Drone DMD-M400W-V3,15094132,2025-01-30
W31-20240517-2603,Drone DMD W31-20240517-2603,Drone DMD 8,IT1 Damoda Drone DMD-M400W-V3,15094132,2025-01-30
W31-20240517-2604,Drone DMD W31-20240517-2604,Drone DMD 8,IT1 Damoda Drone DMD-M400W-V3,15094132,2025-01-30
W31-20240517-2605,Drone DMD W31-20240517-2605,Drone DMD 8,IT1 Damoda Drone DMD-M400W-V3,15094132,2025-01-30
W31-20240517-2606,Drone DMD W31-20240517-2606,Drone DMD 8,IT1 Damoda Drone DMD-M400W-V3,15094132,2025-01-30
W31-20240517-2607,Drone DMD W31-20240517-2607,Drone DMD 8,IT1 Damoda Drone DMD-M400W-V3,15094132,2025-01-30
W31-20240517-2608,Drone DMD W31-20240517-2608,Drone DMD 8,IT1 Damoda Drone DMD-M400W-V3,15094132,2025-01-30
W31-20240517-2609,Drone DMD W31-20240517-2609,Drone DMD 8,IT1 Damoda Drone DMD-M400W-V3,15094132,2025-01-30
W31-20240517-2610,Drone DMD W31-20240517-2610,Drone DMD 8,IT1 Damoda Drone DMD-M400W-V3,15094132,2025-01-30
W31-20240517-2611,Drone DMD W31-20240517-2611,Drone DMD 8,IT1 Damoda Drone DMD-M400W-V3,15094132,2025-01-30
W31-20240517-2612,Drone DMD W31-20240517-2612,Drone DMD 8,IT1 Damoda Drone DMD-M400W-V3,15094132,2025-01-30
W31-20240517-2613,Drone DMD W31-20240517-2613,Drone DMD 8,IT1 Damoda Drone DMD-M400W-V3,15094132,2025-01-30
W31-20240517-2614,Drone DMD W31-20240517-2614,Drone DMD 8,IT1 Damoda Drone DMD-M400W-V3,15094132,2025-01-30
W31-20240517-2615,Drone DMD W31-20240517-2615,Drone DMD 8,IT1 Damoda Drone DMD-M400W-V3,15094132,2025-01-30
W31-20240517-2616,Drone DMD W31-20240517-2616,Drone DMD 8,IT1 Damoda Drone DMD-M400W-V3,15094132,2025-01-30
W31-20240517-2617,Drone DMD W31-20240517-2617,Drone DMD 8,IT1 Damoda Drone DMD-M400W-V3,15094132,2025-01-30
W31-20240517-2618,Drone DMD W31-20240517-2618,Drone DMD 8,IT1 Damoda Drone DMD-M400W-V3,15094132,2025-01-30
W31-20240517-2619,Drone DMD W31-20240517-2619,Drone DMD 8,IT1 Damoda Drone DMD-M400W-V3,15094132,2025-01-30
W31-20240517-2620,Drone DMD W31-20240517-2620,Drone DMD 8,IT1 Damoda Drone DMD-M400W-V3,15094132,2025-01-30
W31-20240517-2621,Drone DMD W31-20240517-2621,Drone DMD 8,IT1 Damoda Drone DMD-M400W-V3,15094132,2025-01-30
W31-20240517-2622,Drone DMD W31-20240517-2622,Drone DMD 8,IT1 Damoda Drone DMD-M400W-V3,15094132,2025-01-30
W31-20240517-2623,Drone DMD W31-20240517-2623,Drone DMD 8,IT1 Damoda Drone DMD-M400W-V3,15094132,2025-01-30
W31-20240517-2624,Drone DMD W31-20240517-2624,Drone DMD 8,IT1 Damoda Drone DMD-M400W-V3,15094132,2025-01-30
W31-20240517-2625,Drone DMD W31-20240517-2625,Drone DMD 8,IT1 Damoda Drone DMD-M400W-V3,15094132,2025-01-30
W31-20240517-2626,Drone DMD W31-20240517-2626,Drone DMD 8,IT1 Damoda Drone DMD-M400W-V3,15094132,2025-01-30
W31-20240517-2627,Drone DMD W31-20240517-2627,Drone DMD 8,IT1 Damoda Drone DMD-M400W-V3,15094132,2025-01-30
W31-20240517-2628,Drone DMD W31-20240517-2628,Drone DMD 8,IT1 Damoda Drone DMD-M400W-V3,15094132,2025-01-30
W31-20240517-2629,Drone DMD W31-20240517-2629,Drone DMD 8,IT1 Damoda Drone DMD-M400W-V3,15094132,2025-01-30
W31-20240517-2630,Drone DMD W31-20240517-2630,Drone DMD 8,IT1 Damoda Drone DMD-M400W-V3,15094132,2025-01-30
W31-20240517-2631,Drone DMD W31-20240517-2631,Drone DMD 8,IT1 Damoda Drone DMD-M400W-V3,15094132,2025-01-30
W31-20240517-2632,Drone DMD W31-20240517-2632,Drone DMD 8,IT1 Damoda Drone DMD-M400W-V3,15094132,2025-01-30
W31-20240517-2633,Drone DMD W31-20240517-2633,Drone DMD 8,IT1 Damoda Drone DMD-M400W-V3,15094132,2025-01-30
W31-20240517-2634,Drone DMD W31-20240517-2634,Drone DMD 8,IT1 Damoda Drone DMD-M400W-V3,15094132,2025-01-30
W31-20240517-2635,Drone DMD W31-20240517-2635,Drone DMD 8,IT1 Damoda Drone DMD-M400W-V3,15094132,2025-01-30
W31-20240517-2636,Drone DMD W31-20240517-2636,Drone DMD 8,IT1 Damoda Drone DMD-M400W-V3,15094132,2025-01-30
W31-20240517-2637,Drone DMD W31-20240517-2637,Drone DMD 8,IT1 Damoda Drone DMD-M400W-V3,15094132,2025-01-30
W31-20240517-2638,Drone DMD W31-20240517-2638,Drone DMD 8,IT1 Damoda Drone DMD-M400W-V3,15094132,2025-01-30
W31-20240517-2639,Drone DMD W31-20240517-2639,Drone DMD 8,IT1 Damoda Drone DMD-M400W-V3,15094132,2025-01-30
W31-20240517-2640,Drone DMD W31-20240517-2640,Drone DMD 8,IT1 Damoda Drone DMD-M400W-V3,15094132,2025-01-30
W31-20240517-2641,Drone DMD W31-20240517-2641,Drone DMD 8,IT1 Damoda Drone DMD-M400W-V3,15094132,2025-01-30
W31-20240517-2642,Drone DMD W31-20240517-2642,Drone DMD 8,IT1 Damoda Drone DMD-M400W-V3,15094132,2025-01-30
W31-20240517-2643,Drone DMD W31-20240517-2643,Drone DMD 8,IT1 Damoda Drone DMD-M400W-V3,15094132,2025-01-30
W31-20240517-2644,Drone DMD W31-20240517-2644,Drone DMD 8,IT1 Damoda Drone DMD-M400W-V3,15094132,2025-01-30
W31-20240517-2645,Drone DMD W31-20240517-2645,Drone DMD 8,IT1 Damoda Drone DMD-M400W-V3,15094132,2025-01-30
W31-20240517-2646,Drone DMD W31-20240517-2646,Drone DMD 8,IT1 Damoda Drone DMD-M400W-V3,15094132,2025-01-30
W31-20240517-2647,Drone DMD W31-20240517-2647,Drone DMD 8,IT1 Damoda Drone DMD-M400W-V3,15094132,2025-01-30
W31-20240517-2648,Drone DMD W31-20240517-2648,Drone DMD 8,IT1 Damoda Drone DMD-M400W-V3,15094132,2025-01-30
W31-20240517-2649,Drone DMD W31-20240517-2649,Drone DMD 8,IT1 Damoda Drone DMD-M400W-V3,15094132,2025-01-30
W31-20240517-2650,Drone DMD W31-20240517-2650,Drone DMD 8,IT1 Damoda Drone DMD-M400W-V3,15094132,2025-01-30
W31-20240517-2651,Drone DMD W31-20240517-2651,Drone DMD 8,IT1 Damoda Drone DMD-M400W-V3,15094132,2025-01-30
W31-20240517-2652,Drone DMD W31-20240517-2652,Drone DMD 8,IT1 Damoda Drone DMD-M400W-V3,15094132,2025-01-30
W31-20240517-2653,Drone DMD W31-20240517-2653,Drone DMD 8,IT1 Damoda Drone DMD-M400W-V3,15094132,2025-01-30
W31-20240517-2654,Drone DMD W31-20240517-2654,Drone DMD 8,IT1 Damoda Drone DMD-M400W-V3,15094132,2025-01-30
W31-20240517-2655,Drone DMD W31-20240517-2655,Drone DMD 8,IT1 Damoda Drone DMD-M400W-V3,15094132,2025-01-30
W31-20240517-2656,Drone DMD W31-20240517-2656,Drone DMD 8,IT1 Damoda Drone DMD-M400W-V3,15094132,2025-01-30
W31-20240517-2657,Drone DMD W31-20240517-2657,Drone DMD 8,IT1 Damoda Drone DMD-M400W-V3,15094132,2025-01-30
W31-20240517-2658,Drone DMD W31-20240517-2658,Drone DMD 8,IT1 Damoda Drone DMD-M400W-V3,15094132,2025-01-30
W31-20240517-2659,Drone DMD W31-20240517-2659,Drone DMD 8,IT1 Damoda Drone DMD-M400W-V3,15094132,2025-01-30
W31-20240517-2660,Drone DMD W31-20240517-2660,Drone DMD 8,IT1 Damoda Drone DMD-M400W-V3,15094132,2025-01-30
W31-20240517-2661,Drone DMD W31-20240517-2661,Drone DMD 8,IT1 Damoda Drone DMD-M400W-V3,15094132,2025-01-30
W31-20240517-2662,Drone DMD W31-20240517-2662,Drone DMD 8,IT1 Damoda Drone DMD-M400W-V3,15094132,2025-01-30
W31-20240517-2663,Drone DMD W31-20240517-2663,Drone DMD 8,IT1 Damoda Drone DMD-M400W-V3,15094132,2025-01-30
W31-20240517-2664,Drone DMD W31-20240517-2664,Drone DMD 8,IT1 Damoda Drone DMD-M400W-V3,15094132,2025-01-30
,Drone Remote Control,Remote Control + Battery,IT1 SP Damoda Drone Remote Control,27381645,2025-01-30
,Drone Remote Control,Remote Control + Battery,IT1 SP Damoda Drone Remote Control,27381645,2025-01-30
,Drone Remote Control,Remote Control + Battery,IT1 SP Damoda Drone Remote Control,27381645,2025-01-30
,Drone Spectrum Analyzer,Spectrum Analyzer,IT1 SP Drone Spectrum Analyzer,12093560,2025-01-30
,Drone Spectrum Analyzer,Spectrum Analyzer,IT1 SP Drone Spectrum Analyzer,12093560,2025-01-30
,Drone Spectrum Analyzer,Spectrum Analyzer,IT1 SP Drone Spectrum Analyzer,12093560,2025-01-30
,Drone Tripod AP,Tripod AP,IT1 Damoda SP Tripod for Drone AP,2868227,2025-01-30
,Drone Tripod AP,Tripod AP,IT1 Damoda SP Tripod for Drone AP,2868227,2025-01-30
,Drone Tripod AP,Tripod AP,IT1 Damoda SP Tripod for Drone AP,2868227,2025-01-30
,Drone Tripod AP,Tripod AP,IT1 Damoda SP Tripod for Drone AP,2868227,2025-01-30
,Drone Tripod AP,Tripod AP,IT1 Damoda SP Tripod for Drone AP,2868227,2025-01-30
,Drone Tripod AP,Tripod AP,IT1 Damoda SP Tripod for Drone AP,2868227,2025-01-30
,Drone Tripod AP,Tripod AP,IT1 Damoda SP Tripod for Drone AP,2868227,2025-01-30
,Drone Tripod AP,Tripod AP,IT1 Damoda SP Tripod for Drone AP,2868227,2025-01-30
,Drone Tripod AP,Tripod AP,IT1 Damoda SP Tripod for Drone AP,2868227,2025-01-30
,Drone Tripod AP,Tripod AP,IT1 Damoda SP Tripod for Drone AP,2868227,2025-01-30
,Drone Tripod AP,Tripod AP,IT1 Damoda SP Tripod for Drone AP,2868227,2025-01-30
,Drone Battery Charging,Plate + Engine + Cable,IT1 Damoda SP Drone Battery Charging Dock,14466636,2025-01-30
,Drone Battery Charging,Plate + Engine + Cable,IT1 Damoda SP Drone Battery Charging Dock,14466636,2025-01-30
,Drone Battery Charging,Plate + Engine + Cable,IT1 Damoda SP Drone Battery Charging Dock,14466636,2025-01-30
,Drone Battery Charging,Plate + Engine + Cable,IT1 Damoda SP Drone Battery Charging Dock,14466636,2025-01-30
,Drone Battery Charging,Plate + Engine + Cable,IT1 Damoda SP Drone Battery Charging Dock,14466636,2025-01-30
,Drone Battery Charging,Plate + Engine + Cable,IT1 Damoda SP Drone Battery Charging Dock,14466636,2025-01-30
,Drone Battery Charging,Plate + Engine + Cable,IT1 Damoda SP Drone Battery Charging Dock,14466636,2025-01-30
,Drone Battery Charging,Plate + Engine + Cable,IT1 Damoda SP Drone Battery Charging Dock,14466636,2025-01-30
,Drone Battery Charging,Plate + Engine + Cable,IT1 Damoda SP Drone Battery Charging Dock,14466636,2025-01-30
,Drone Battery Charging,Plate + Engine + Cable,IT1 Damoda SP Drone Battery Charging Dock,14466636,2025-01-30
,Drone Battery Charging,Plate + Engine + Cable,IT1 Damoda SP Drone Battery Charging Dock,14466636,2025-01-30
,Drone Battery Charging,Plate + Engine + Cable,IT1 Damoda SP Drone Battery Charging Dock,14466636,2025-01-30
,Drone Battery Charging,Plate + Engine + Cable,IT1 Damoda SP Drone Battery Charging Dock,14466636,2025-01-30
,Drone Battery Charging,Plate + Engine + Cable,IT1 Damoda SP Drone Battery Charging Dock,14466636,2025-01-30
,Drone Battery Charging,Plate + Engine + Cable,IT1 Damoda SP Drone Battery Charging Dock,14466636,2025-01-30
,Drone Battery Charging,Plate + Engine + Cable,IT1 Damoda SP Drone Battery Charging Dock,14466636,2025-01-30
,Drone Battery Charging,Plate + Engine + Cable,IT1 Damoda SP Drone Battery Charging Dock,14466636,2025-01-30
,Drone Battery Charging,Plate + Engine + Cable,IT1 Damoda SP Drone Battery Charging Dock,14466636,2025-01-30
,Drone Battery Charging,Plate + Engine + Cable,IT1 Damoda SP Drone Battery Charging Dock,14466636,2025-01-30
,Drone Battery Charging,Plate + Engine + Cable,IT1 Damoda SP Drone Battery Charging Dock,14466636,2025-01-30
,Drone Battery Charging,Plate + Engine + Cable,IT1 Damoda SP Drone Battery Charging Dock,14466636,2025-01-30
,Drone Battery Charging,Plate + Engine + Cable,IT1 Damoda SP Drone Battery Charging Dock,14466636,2025-01-30
,Drone Battery Charging,Plate + Engine + Cable,IT1 Damoda SP Drone Battery Charging Dock,14466636,2025-01-30
,Drone Battery Charging,Plate + Engine + Cable,IT1 Damoda SP Drone Battery Charging Dock,14466636,2025-01-30
,Drone Battery Charging,Plate + Engine + Cable,IT1 Damoda SP Drone Battery Charging Dock,14466636,2025-01-30
,Drone Battery Charging,Plate + Engine + Cable,IT1 Damoda SP Drone Battery Charging Dock,14466636,2025-01-30
,Drone Battery Charging,Plate + Engine + Cable,IT1 Damoda SP Drone Battery Charging Dock,14466636,2025-01-30
,Drone Battery Charging,Plate + Engine + Cable,IT1 Damoda SP Drone Battery Charging Dock,14466636,2025-01-30
,Drone Battery Charging,Plate + Engine + Cable,IT1 Damoda SP Drone Battery Charging Dock,14466636,2025-01-30
,Drone Battery Charging,Plate + Engine + Cable,IT1 Damoda SP Drone Battery Charging Dock,14466636,2025-01-30
,Drone Battery Charging,Plate + Engine + Cable,IT1 Damoda SP Drone Battery Charging Dock,14466636,2025-01-30
,Drone Battery Charging,Plate + Engine + Cable,IT1 Damoda SP Drone Battery Charging Dock,14466636,2025-01-30
,Drone Battery Charging,Plate + Engine + Cable,IT1 Damoda SP Drone Battery Charging Dock,14466636,2025-01-30
,Drone Battery Charging,Plate + Engine + Cable,IT1 Damoda SP Drone Battery Charging Dock,14466636,2025-01-30
,Drone Battery Charging,Plate + Engine + Cable,IT1 Damoda SP Drone Battery Charging Dock,14466636,2025-01-30
,Drone Battery Charging,Plate + Engine + Cable,IT1 Damoda SP Drone Battery Charging Dock,14466636,2025-01-30
,Drone Battery Charging,Plate + Engine + Cable,IT1 Damoda SP Drone Battery Charging Dock,14466636,2025-01-30
,Drone Battery Charging,Plate + Engine + Cable,IT1 Damoda SP Drone Battery Charging Dock,14466636,2025-01-30
,Drone Battery Charging,Plate + Engine + Cable,IT1 Damoda SP Drone Battery Charging Dock,14466636,2025-01-30
,Drone Battery Charging,Plate + Engine + Cable,IT1 Damoda SP Drone Battery Charging Dock,14466636,2025-01-30
,Drone Battery Charging,Plate + Engine + Cable,IT1 Damoda SP Drone Battery Charging Dock,14466636,2025-01-30
,Drone Battery Charging,Plate + Engine + Cable,IT1 Damoda SP Drone Battery Charging Dock,14466636,2025-01-30
,Drone Battery Charging,Plate + Engine + Cable,IT1 Damoda SP Drone Battery Charging Dock,14466636,2025-01-30
,Drone Battery Charging,Plate + Engine + Cable,IT1 Damoda SP Drone Battery Charging Dock,14466636,2025-01-30
,Drone Battery Charging,Plate + Engine + Cable,IT1 Damoda SP Drone Battery Charging Dock,14466636,2025-01-30
,Drone Battery Charging,Plate + Engine + Cable,IT1 Damoda SP Drone Battery Charging Dock,14466636,2025-01-30
,Drone Battery Charging,Plate + Engine + Cable,IT1 Damoda SP Drone Battery Charging Dock,14466636,2025-01-30
,Drone Battery Charging,Plate + Engine + Cable,IT1 Damoda SP Drone Battery Charging Dock,14466636,2025-01-30
,Drone Battery Charging,Plate + Engine + Cable,IT1 Damoda SP Drone Battery Charging Dock,14466636,2025-01-30
,Drone Battery Charging,Plate + Engine + Cable,IT1 Damoda SP Drone Battery Charging Dock,14466636,2025-01-30
,Drone Battery Charging,Plate + Engine + Cable,IT1 Damoda SP Drone Battery Charging Dock,14466636,2025-01-30
,Drone Battery Charging,Plate + Engine + Cable,IT1 Damoda SP Drone Battery Charging Dock,14466636,2025-01-30
,Drone Battery Charging,Plate + Engine + Cable,IT1 Damoda SP Drone Battery Charging Dock,14466636,2025-01-30
,Drone Base Station,RTK + Hook + Cable,IT1 Damoda Drone Base Station,159726263,2025-01-30
,Drone Base Station,RTK + Hook + Cable,IT1 Damoda Drone Base Station,159726263,2025-01-30
,Drone Base Station,RTK + Hook + Cable,IT1 Damoda Drone Base Station,159726263,2025-01-30
,Drone Radio Transmitter,Hook + Antena + Cable,IT1 Damoda Drone Radio Transmitter RT01,139190029,2025-01-30
,Drone Radio Transmitter,Hook + Antena + Cable,IT1 Damoda Drone Radio Transmitter RT01,139190029,2025-01-30
,Drone Radio Transmitter,Hook + Antena + Cable,IT1 Damoda Drone Radio Transmitter RT01,139190029,2025-01-30
,Drone AP,AP + Tripod,Damoda Drone AP 1,159726,2025-01-30
,Drone AP,AP + Tripod,Damoda Drone AP 2,159726,2025-01-30
,Drone AP,AP + Tripod,Damoda Drone AP 3,159726,2025-01-30
,Drone AP,AP + Tripod,Damoda Drone AP 4,159726,2025-01-30
,Drone AP,AP + Tripod,Damoda Drone AP 5,159726,2025-01-30
,Drone AP,AP + Tripod,Damoda Drone AP 6,159726,2025-01-30
,Drone AP,AP + Tripod,Damoda Drone AP 7,159726,2025-01-30
,Drone AP,AP + Tripod,Damoda Drone AP 8,159726,2025-01-30
,Drone AP,AP + Tripod,Damoda Drone AP 9,159726,2025-01-30
,Drone AP,AP + Tripod,Damoda Drone AP 10,159726,2025-01-30
,Drone AP,AP + Tripod,Damoda Drone AP 11,159726,2025-01-30
,Drone Hub Transmitter,Transmitter + Cable,Damoda Drone Ryujie Hub Transmitter,0,2025-01-30
,Drone Hub Transmitter,Transmitter + Cable,Damoda Drone Ryujie Hub Transmitter,0,2025-01-30
,Drone Hub Transmitter,Transmitter + Cable,Damoda Drone Ryujie Hub Transmitter,0,2025-01-30
,Drone Swarm GPS,Mashroom + Cable,Damoda Drone Swarm GPS,0,2025-01-30
,Drone Swarm GPS,Mashroom + Cable,Damoda Drone Swarm GPS,0,2025-01-30
,Drone Swarm GPS,Mashroom + Cable,Damoda Drone Swarm GPS,0,2025-01-30
,Drone Tripod GPS & RTK,Yellow Tripod,Damoda Drone Tripod GPS & RTK,0,2025-01-30
,Drone Tripod GPS & RTK,Yellow Tripod,Damoda Drone Tripod GPS & RTK,0,2025-01-30
,Drone Tripod GPS & RTK,Yellow Tripod,Damoda Drone Tripod GPS & RTK,0,2025-01-30
,IT1 SP Damoda Drone Base Battery #1,PO-ONLY (spare/consumable),IT1 SP Damoda Drone Base Battery,456361,2025-01-30
,IT1 SP Damoda Drone Base Battery #2,PO-ONLY (spare/consumable),IT1 SP Damoda Drone Base Battery,456361,2025-01-30
,IT1 SP Damoda Drone Base Battery #3,PO-ONLY (spare/consumable),IT1 SP Damoda Drone Base Battery,456361,2025-01-30
,IT1 SP Damoda Drone Base Battery #4,PO-ONLY (spare/consumable),IT1 SP Damoda Drone Base Battery,456361,2025-01-30
,IT1 SP Damoda Drone Base Battery #5,PO-ONLY (spare/consumable),IT1 SP Damoda Drone Base Battery,456361,2025-01-30
,IT1 SP Damoda Drone Base Battery #6,PO-ONLY (spare/consumable),IT1 SP Damoda Drone Base Battery,456361,2025-01-30
,IT1 SP Damoda Drone Base Battery #7,PO-ONLY (spare/consumable),IT1 SP Damoda Drone Base Battery,456361,2025-01-30
,IT1 SP Damoda Drone Base Battery #8,PO-ONLY (spare/consumable),IT1 SP Damoda Drone Base Battery,456361,2025-01-30
,IT1 SP Damoda Drone Base Battery #9,PO-ONLY (spare/consumable),IT1 SP Damoda Drone Base Battery,456361,2025-01-30
,IT1 SP Damoda Drone Base Battery #10,PO-ONLY (spare/consumable),IT1 SP Damoda Drone Base Battery,456361,2025-01-30
,IT1 SP Damoda Drone Base Battery #11,PO-ONLY (spare/consumable),IT1 SP Damoda Drone Base Battery,456361,2025-01-30
,IT1 SP Damoda Drone Base Battery #12,PO-ONLY (spare/consumable),IT1 SP Damoda Drone Base Battery,456361,2025-01-30
,IT1 SP Drone Anemometer #1,PO-ONLY (spare/consumable),IT1 SP Drone Anemometer,632060,2025-01-30
,IT1 SP Drone Anemometer #2,PO-ONLY (spare/consumable),IT1 SP Drone Anemometer,632060,2025-01-30
,IT1 SP Drone Anemometer #3,PO-ONLY (spare/consumable),IT1 SP Drone Anemometer,632060,2025-01-30
,IT1 Damoda SP Bttry measuremnt device #1,PO-ONLY (spare/consumable),IT1 Damoda SP Bttry measuremnt device,684541,2025-01-30
,IT1 Damoda SP Bttry measuremnt device #2,PO-ONLY (spare/consumable),IT1 Damoda SP Bttry measuremnt device,684541,2025-01-30
,IT1 Damoda SP Bttry measuremnt device #3,PO-ONLY (spare/consumable),IT1 Damoda SP Bttry measuremnt device,684541,2025-01-30
,IT1 Damoda SP Bttry measuremnt device #4,PO-ONLY (spare/consumable),IT1 Damoda SP Bttry measuremnt device,684541,2025-01-30
,IT1 Damoda SP Bttry measuremnt device #5,PO-ONLY (spare/consumable),IT1 Damoda SP Bttry measuremnt device,684541,2025-01-30
,IT1 Damoda SP Bttry measuremnt device #6,PO-ONLY (spare/consumable),IT1 Damoda SP Bttry measuremnt device,684541,2025-01-30
,IT1 Damoda SP Bttry measuremnt device #7,PO-ONLY (spare/consumable),IT1 Damoda SP Bttry measuremnt device,684541,2025-01-30
,IT1 Damoda SP Bttry measuremnt device #8,PO-ONLY (spare/consumable),IT1 Damoda SP Bttry measuremnt device,684541,2025-01-30
,IT1 Damoda SP Bttry measuremnt device #9,PO-ONLY (spare/consumable),IT1 Damoda SP Bttry measuremnt device,684541,2025-01-30
,IT1 Damoda SP Bttry measuremnt device #10,PO-ONLY (spare/consumable),IT1 Damoda SP Bttry measuremnt device,684541,2025-01-30
,IT1 Damoda SP Bttry measuremnt device #11,PO-ONLY (spare/consumable),IT1 Damoda SP Bttry measuremnt device,684541,2025-01-30
,IT1 Damoda SP Bttry measuremnt device #12,PO-ONLY (spare/consumable),IT1 Damoda SP Bttry measuremnt device,684541,2025-01-30
,IT1 Damoda SP Bttry measuremnt device #13,PO-ONLY (spare/consumable),IT1 Damoda SP Bttry measuremnt device,684541,2025-01-30
,IT1 Damoda SP Bttry measuremnt device #14,PO-ONLY (spare/consumable),IT1 Damoda SP Bttry measuremnt device,684541,2025-01-30
,IT1 Damoda SP Bttry measuremnt device #15,PO-ONLY (spare/consumable),IT1 Damoda SP Bttry measuremnt device,684541,2025-01-30
,IT1 Damoda SP Bttry measuremnt device #16,PO-ONLY (spare/consumable),IT1 Damoda SP Bttry measuremnt device,684541,2025-01-30
,IT1 Damoda SP Bttry measuremnt device #17,PO-ONLY (spare/consumable),IT1 Damoda SP Bttry measuremnt device,684541,2025-01-30
,IT1 Damoda SP Bttry measuremnt device #18,PO-ONLY (spare/consumable),IT1 Damoda SP Bttry measuremnt device,684541,2025-01-30
,IT1 Damoda SP Bttry measuremnt device #19,PO-ONLY (spare/consumable),IT1 Damoda SP Bttry measuremnt device,684541,2025-01-30
,IT1 Damoda SP Bttry measuremnt device #20,PO-ONLY (spare/consumable),IT1 Damoda SP Bttry measuremnt device,684541,2025-01-30
,IT1 Damoda SP Bttry measuremnt device #21,PO-ONLY (spare/consumable),IT1 Damoda SP Bttry measuremnt device,684541,2025-01-30
,IT1 Damoda SP Bttry measuremnt device #22,PO-ONLY (spare/consumable),IT1 Damoda SP Bttry measuremnt device,684541,2025-01-30
,IT1 Damoda SP Bttry measuremnt device #23,PO-ONLY (spare/consumable),IT1 Damoda SP Bttry measuremnt device,684541,2025-01-30
,IT1 Damoda SP Bttry measuremnt device #24,PO-ONLY (spare/consumable),IT1 Damoda SP Bttry measuremnt device,684541,2025-01-30
,IT1 Damoda SP Bttry measuremnt device #25,PO-ONLY (spare/consumable),IT1 Damoda SP Bttry measuremnt device,684541,2025-01-30
,IT1 Damoda SP Bttry measuremnt device #26,PO-ONLY (spare/consumable),IT1 Damoda SP Bttry measuremnt device,684541,2025-01-30
,IT1 Damoda SP Bttry measuremnt device #27,PO-ONLY (spare/consumable),IT1 Damoda SP Bttry measuremnt device,684541,2025-01-30
,IT1 Damoda SP Bttry measuremnt device #28,PO-ONLY (spare/consumable),IT1 Damoda SP Bttry measuremnt device,684541,2025-01-30
,IT1 Damoda SP Bttry measuremnt device #29,PO-ONLY (spare/consumable),IT1 Damoda SP Bttry measuremnt device,684541,2025-01-30
,IT1 Damoda SP Bttry measuremnt device #30,PO-ONLY (spare/consumable),IT1 Damoda SP Bttry measuremnt device,684541,2025-01-30
,IT1 Damoda SP Bttry measuremnt device #31,PO-ONLY (spare/consumable),IT1 Damoda SP Bttry measuremnt device,684541,2025-01-30
,IT1 Damoda SP Bttry measuremnt device #32,PO-ONLY (spare/consumable),IT1 Damoda SP Bttry measuremnt device,684541,2025-01-30
,IT1 Damoda SP Base-Radio-PC Connector #1,PO-ONLY (spare/consumable),IT1 Damoda SP Base-Radio-PC Connector,228180,2025-01-30
,IT1 Damoda SP Base-Radio-PC Connector #2,PO-ONLY (spare/consumable),IT1 Damoda SP Base-Radio-PC Connector,228180,2025-01-30
,IT1 Damoda SP Base-Radio-PC Connector #3,PO-ONLY (spare/consumable),IT1 Damoda SP Base-Radio-PC Connector,228180,2025-01-30
,IT1 Damoda SP Base-Radio-PC Connector #4,PO-ONLY (spare/consumable),IT1 Damoda SP Base-Radio-PC Connector,228180,2025-01-30
,IT1 Damoda SP Base-Radio-PC Connector #5,PO-ONLY (spare/consumable),IT1 Damoda SP Base-Radio-PC Connector,228180,2025-01-30
,IT1 Damoda SP Base-Radio-PC Connector #6,PO-ONLY (spare/consumable),IT1 Damoda SP Base-Radio-PC Connector,228180,2025-01-30
,IT1 Damoda SP Base-Radio-PC Connector #7,PO-ONLY (spare/consumable),IT1 Damoda SP Base-Radio-PC Connector,228180,2025-01-30
,IT1 Damoda SP Base-Radio-PC Connector #8,PO-ONLY (spare/consumable),IT1 Damoda SP Base-Radio-PC Connector,228180,2025-01-30
,IT1 Damoda SP Base-Radio-PC Connector #9,PO-ONLY (spare/consumable),IT1 Damoda SP Base-Radio-PC Connector,228180,2025-01-30
,IT1 Damoda SP Base-Radio-PC Connector #10,PO-ONLY (spare/consumable),IT1 Damoda SP Base-Radio-PC Connector,228180,2025-01-30
,IT1 Damoda SP Base-Radio-PC Connector #11,PO-ONLY (spare/consumable),IT1 Damoda SP Base-Radio-PC Connector,228180,2025-01-30
,IT1 Damoda SP Drone Propeller #1,PO-ONLY (spare/consumable),IT1 Damoda SP Drone Propeller,114090,2025-01-30
,IT1 Damoda SP Drone Propeller #2,PO-ONLY (spare/consumable),IT1 Damoda SP Drone Propeller,114090,2025-01-30
,IT1 Damoda SP Drone Propeller #3,PO-ONLY (spare/consumable),IT1 Damoda SP Drone Propeller,114090,2025-01-30
,IT1 Damoda SP Drone Propeller #4,PO-ONLY (spare/consumable),IT1 Damoda SP Drone Propeller,114090,2025-01-30
,IT1 Damoda SP Drone Propeller #5,PO-ONLY (spare/consumable),IT1 Damoda SP Drone Propeller,114090,2025-01-30
,IT1 Damoda SP Drone Propeller #6,PO-ONLY (spare/consumable),IT1 Damoda SP Drone Propeller,114090,2025-01-30
,IT1 Damoda SP Drone Propeller #7,PO-ONLY (spare/consumable),IT1 Damoda SP Drone Propeller,114090,2025-01-30
,IT1 Damoda SP Drone Propeller #8,PO-ONLY (spare/consumable),IT1 Damoda SP Drone Propeller,114090,2025-01-30
,IT1 Damoda SP Drone Propeller #9,PO-ONLY (spare/consumable),IT1 Damoda SP Drone Propeller,114090,2025-01-30
,IT1 Damoda SP Drone Propeller #10,PO-ONLY (spare/consumable),IT1 Damoda SP Drone Propeller,114090,2025-01-30
,IT1 Damoda SP Drone Propeller #11,PO-ONLY (spare/consumable),IT1 Damoda SP Drone Propeller,114090,2025-01-30
,IT1 Damoda SP Drone Propeller #12,PO-ONLY (spare/consumable),IT1 Damoda SP Drone Propeller,114090,2025-01-30
,IT1 Damoda SP Drone Propeller #13,PO-ONLY (spare/consumable),IT1 Damoda SP Drone Propeller,114090,2025-01-30
,IT1 Damoda SP Drone Propeller #14,PO-ONLY (spare/consumable),IT1 Damoda SP Drone Propeller,114090,2025-01-30
,IT1 Damoda SP Drone Propeller #15,PO-ONLY (spare/consumable),IT1 Damoda SP Drone Propeller,114090,2025-01-30
,IT1 Damoda SP Drone Propeller #16,PO-ONLY (spare/consumable),IT1 Damoda SP Drone Propeller,114090,2025-01-30
,IT1 Damoda SP Drone Propeller #17,PO-ONLY (spare/consumable),IT1 Damoda SP Drone Propeller,114090,2025-01-30
,IT1 Damoda SP Drone Propeller #18,PO-ONLY (spare/consumable),IT1 Damoda SP Drone Propeller,114090,2025-01-30
,IT1 Damoda SP Drone Propeller #19,PO-ONLY (spare/consumable),IT1 Damoda SP Drone Propeller,114090,2025-01-30
,IT1 Damoda SP Drone Propeller #20,PO-ONLY (spare/consumable),IT1 Damoda SP Drone Propeller,114090,2025-01-30
,IT1 Damoda SP Drone Propeller #21,PO-ONLY (spare/consumable),IT1 Damoda SP Drone Propeller,114090,2025-01-30
,IT1 Damoda SP Drone Propeller #22,PO-ONLY (spare/consumable),IT1 Damoda SP Drone Propeller,114090,2025-01-30
,IT1 Damoda SP Drone Propeller #23,PO-ONLY (spare/consumable),IT1 Damoda SP Drone Propeller,114090,2025-01-30
,IT1 Damoda SP Drone Propeller #24,PO-ONLY (spare/consumable),IT1 Damoda SP Drone Propeller,114090,2025-01-30
,IT1 Damoda SP Drone Propeller #25,PO-ONLY (spare/consumable),IT1 Damoda SP Drone Propeller,114090,2025-01-30
,IT1 Damoda SP Drone Propeller #26,PO-ONLY (spare/consumable),IT1 Damoda SP Drone Propeller,114090,2025-01-30
,IT1 Damoda SP Drone Propeller #27,PO-ONLY (spare/consumable),IT1 Damoda SP Drone Propeller,114090,2025-01-30
,IT1 Damoda SP Drone Propeller #28,PO-ONLY (spare/consumable),IT1 Damoda SP Drone Propeller,114090,2025-01-30
,IT1 Damoda SP Drone Propeller #29,PO-ONLY (spare/consumable),IT1 Damoda SP Drone Propeller,114090,2025-01-30
,IT1 Damoda SP Drone Propeller #30,PO-ONLY (spare/consumable),IT1 Damoda SP Drone Propeller,114090,2025-01-30
,IT1 Damoda SP Drone Propeller #31,PO-ONLY (spare/consumable),IT1 Damoda SP Drone Propeller,114090,2025-01-30
,IT1 Damoda SP Drone Propeller #32,PO-ONLY (spare/consumable),IT1 Damoda SP Drone Propeller,114090,2025-01-30
,IT1 Damoda SP Drone Propeller #33,PO-ONLY (spare/consumable),IT1 Damoda SP Drone Propeller,114090,2025-01-30
,IT1 Damoda SP Drone Propeller #34,PO-ONLY (spare/consumable),IT1 Damoda SP Drone Propeller,114090,2025-01-30
,IT1 Damoda SP Drone Propeller #35,PO-ONLY (spare/consumable),IT1 Damoda SP Drone Propeller,114090,2025-01-30
,IT1 Damoda SP Drone Propeller #36,PO-ONLY (spare/consumable),IT1 Damoda SP Drone Propeller,114090,2025-01-30
,IT1 Damoda SP Drone Propeller #37,PO-ONLY (spare/consumable),IT1 Damoda SP Drone Propeller,114090,2025-01-30
,IT1 Damoda SP Drone Propeller #38,PO-ONLY (spare/consumable),IT1 Damoda SP Drone Propeller,114090,2025-01-30
,IT1 Damoda SP Drone Propeller #39,PO-ONLY (spare/consumable),IT1 Damoda SP Drone Propeller,114090,2025-01-30
,IT1 Damoda SP Drone Propeller #40,PO-ONLY (spare/consumable),IT1 Damoda SP Drone Propeller,114090,2025-01-30
,IT1 Damoda SP Drone Propeller #41,PO-ONLY (spare/consumable),IT1 Damoda SP Drone Propeller,114090,2025-01-30
,IT1 Damoda SP Drone Propeller #42,PO-ONLY (spare/consumable),IT1 Damoda SP Drone Propeller,114090,2025-01-30
,IT1 Damoda SP Drone Propeller #43,PO-ONLY (spare/consumable),IT1 Damoda SP Drone Propeller,114090,2025-01-30
,IT1 Damoda SP Drone Propeller #44,PO-ONLY (spare/consumable),IT1 Damoda SP Drone Propeller,114090,2025-01-30
,IT1 Damoda SP Drone Propeller #45,PO-ONLY (spare/consumable),IT1 Damoda SP Drone Propeller,114090,2025-01-30
,IT1 Damoda SP Drone Propeller #46,PO-ONLY (spare/consumable),IT1 Damoda SP Drone Propeller,114090,2025-01-30
,IT1 Damoda SP Drone Propeller #47,PO-ONLY (spare/consumable),IT1 Damoda SP Drone Propeller,114090,2025-01-30
,IT1 Damoda SP Drone Propeller #48,PO-ONLY (spare/consumable),IT1 Damoda SP Drone Propeller,114090,2025-01-30
,IT1 Damoda SP Drone Propeller #49,PO-ONLY (spare/consumable),IT1 Damoda SP Drone Propeller,114090,2025-01-30
,IT1 Damoda SP Drone Propeller #50,PO-ONLY (spare/consumable),IT1 Damoda SP Drone Propeller,114090,2025-01-30
,IT1 Damoda SP Drone Propeller #51,PO-ONLY (spare/consumable),IT1 Damoda SP Drone Propeller,114090,2025-01-30
,IT1 Damoda SP Drone Propeller #52,PO-ONLY (spare/consumable),IT1 Damoda SP Drone Propeller,114090,2025-01-30
,IT1 Damoda SP Drone Propeller #53,PO-ONLY (spare/consumable),IT1 Damoda SP Drone Propeller,114090,2025-01-30
,IT1 Damoda SP Drone Propeller #54,PO-ONLY (spare/consumable),IT1 Damoda SP Drone Propeller,114090,2025-01-30
,IT1 Damoda SP Drone Propeller #55,PO-ONLY (spare/consumable),IT1 Damoda SP Drone Propeller,114090,2025-01-30
,IT1 Damoda SP Drone Propeller #56,PO-ONLY (spare/consumable),IT1 Damoda SP Drone Propeller,114090,2025-01-30
,IT1 Damoda SP Drone Propeller #57,PO-ONLY (spare/consumable),IT1 Damoda SP Drone Propeller,114090,2025-01-30
,IT1 Damoda SP Drone Propeller #58,PO-ONLY (spare/consumable),IT1 Damoda SP Drone Propeller,114090,2025-01-30
,IT1 Damoda SP Drone Propeller #59,PO-ONLY (spare/consumable),IT1 Damoda SP Drone Propeller,114090,2025-01-30
,IT1 Damoda SP Drone Propeller #60,PO-ONLY (spare/consumable),IT1 Damoda SP Drone Propeller,114090,2025-01-30
,IT1 Damoda SP Drone Propeller #61,PO-ONLY (spare/consumable),IT1 Damoda SP Drone Propeller,114090,2025-01-30
,IT1 Damoda SP Drone Propeller #62,PO-ONLY (spare/consumable),IT1 Damoda SP Drone Propeller,114090,2025-01-30
,IT1 Damoda SP Drone Propeller #63,PO-ONLY (spare/consumable),IT1 Damoda SP Drone Propeller,114090,2025-01-30
,IT1 Damoda SP Drone Propeller #64,PO-ONLY (spare/consumable),IT1 Damoda SP Drone Propeller,114090,2025-01-30
,IT1 Damoda SP Drone Propeller #65,PO-ONLY (spare/consumable),IT1 Damoda SP Drone Propeller,114090,2025-01-30
,IT1 Damoda SP Drone Propeller #66,PO-ONLY (spare/consumable),IT1 Damoda SP Drone Propeller,114090,2025-01-30
,IT1 Damoda SP Drone Propeller #67,PO-ONLY (spare/consumable),IT1 Damoda SP Drone Propeller,114090,2025-01-30
,IT1 Damoda SP Drone Propeller #68,PO-ONLY (spare/consumable),IT1 Damoda SP Drone Propeller,114090,2025-01-30
,IT1 Damoda SP Drone Propeller #69,PO-ONLY (spare/consumable),IT1 Damoda SP Drone Propeller,114090,2025-01-30
,IT1 Damoda SP Drone Propeller #70,PO-ONLY (spare/consumable),IT1 Damoda SP Drone Propeller,114090,2025-01-30
,IT1 Damoda SP Drone Propeller #71,PO-ONLY (spare/consumable),IT1 Damoda SP Drone Propeller,114090,2025-01-30
,IT1 Damoda SP Drone Propeller #72,PO-ONLY (spare/consumable),IT1 Damoda SP Drone Propeller,114090,2025-01-30
,IT1 Damoda SP Drone Propeller #73,PO-ONLY (spare/consumable),IT1 Damoda SP Drone Propeller,114090,2025-01-30
,IT1 Damoda SP Drone Propeller #74,PO-ONLY (spare/consumable),IT1 Damoda SP Drone Propeller,114090,2025-01-30
,IT1 Damoda SP Drone Propeller #75,PO-ONLY (spare/consumable),IT1 Damoda SP Drone Propeller,114090,2025-01-30
