code,code_generated,name,owner,category,status,acq_date,cost,accum,book_value,remaining_life,method
AS0000868545,0,Damoda Drone Battery,PT AIM,Komponen Drone,Registered Asset,2025-06-18,1655220.72,413805.18,1241415.54,36,Straight Line
AS0000868546,0,Damoda Drone Battery,PT AIM,Komponen Drone,Registered Asset,2025-06-18,1655220.72,413805.18,1241415.54,36,Straight Line
AS0000868547,0,Damoda Drone Battery,PT AIM,Komponen Drone,Registered Asset,2025-06-18,1655220.72,413805.18,1241415.54,36,Straight Line
AS0000868548,0,Damoda Drone Battery,PT AIM,Komponen Drone,Registered Asset,2025-06-18,1655220.72,413805.18,1241415.54,36,Straight Line
AS0000868549,0,Damoda Drone Battery,PT AIM,Komponen Drone,Registered Asset,2025-06-18,1655220.72,413805.18,1241415.54,36,Straight Line
AS0000868550,0,Damoda Drone Battery,PT AIM,Komponen Drone,Registered Asset,2025-06-18,1655220.72,413805.18,1241415.54,36,Straight Line
AS0000868551,0,Damoda Drone Battery,PT AIM,Komponen Drone,Registered Asset,2025-06-18,1655220.72,413805.18,1241415.54,36,Straight Line
AS0000868552,0,Damoda Drone Battery,PT AIM,Komponen Drone,Registered Asset,2025-06-18,1655220.72,413805.18,1241415.54,36,Straight Line
AS0000868553,0,Damoda Drone Battery,PT AIM,Komponen Drone,Registered Asset,2025-06-18,1655220.72,413805.18,1241415.54,36,Straight Line
AS0000868554,0,Damoda Drone Battery,PT AIM,Komponen Drone,Registered Asset,2025-06-18,1655220.72,413805.18,1241415.54,36,Straight Line
AS0000868555,0,Damoda Drone Battery,PT AIM,Komponen Drone,Registered Asset,2025-06-18,1655220.72,413805.18,1241415.54,36,Straight Line
AS0000868556,0,Damoda Drone Battery,PT AIM,Komponen Drone,Registered Asset,2025-06-18,1655220.72,413805.18,1241415.54,36,Straight Line
AS0000868557,0,Damoda Drone Battery,PT AIM,Komponen Drone,Registered Asset,2025-06-18,1655220.72,413805.18,1241415.54,36,Straight Line
AS0000868558,0,Damoda Drone Battery,PT AIM,Komponen Drone,Registered Asset,2025-06-18,1655220.72,413805.18,1241415.54,36,Straight Line
AS0000868559,0,Damoda Drone Battery,PT AIM,Komponen Drone,Registered Asset,2025-06-18,1655220.72,413805.18,1241415.54,36,Straight Line
AS0000868560,0,Damoda Drone Battery,PT AIM,Komponen Drone,Registered Asset,2025-06-18,1655220.72,413805.18,1241415.54,36,Straight Line
AS0000868561,0,Damoda Drone Battery,PT AIM,Komponen Drone,Registered Asset,2025-06-18,1655220.72,413805.18,1241415.54,36,Straight Line
AS0000868562,0,Damoda Drone Battery,PT AIM,Komponen Drone,Registered Asset,2025-06-18,1655220.72,413805.18,1241415.54,36,Straight Line
AS0000868563,0,Damoda Drone Battery,PT AIM,Komponen Drone,Registered Asset,2025-06-18,1655220.72,413805.18,1241415.54,36,Straight Line
AS0000868564,0,Damoda Drone Battery,PT AIM,Komponen Drone,Registered Asset,2025-06-18,1655220.72,413805.18,1241415.54,36,Straight Line
AS0000868565,0,Damoda Drone Battery,PT AIM,Komponen Drone,Registered Asset,2025-06-18,1655220.72,413805.18,1241415.54,36,Straight Line
AS0000868566,0,Damoda Drone Battery,PT AIM,Komponen Drone,Registered Asset,2025-06-18,1655220.72,413805.18,1241415.54,36,Straight Line
AS0000868567,0,Damoda Drone Battery,PT AIM,Komponen Drone,Registered Asset,2025-06-18,1655220.72,413805.18,1241415.54,36,Straight Line
AS0000868568,0,Damoda Drone Battery,PT AIM,Komponen Drone,Registered Asset,2025-06-18,1655220.72,413805.18,1241415.54,36,Straight Line
AS0000868569,0,Damoda Drone Battery,PT AIM,Komponen Drone,Registered Asset,2025-06-18,1655220.72,413805.18,1241415.54,36,Straight Line
AS0000868570,0,Damoda Drone Battery,PT AIM,Komponen Drone,Registered Asset,2025-06-18,1655220.72,413805.18,1241415.54,36,Straight Line
AS0000868571,0,Damoda Drone Battery,PT AIM,Komponen Drone,Registered Asset,2025-06-18,1655220.72,413805.18,1241415.54,36,Straight Line
AS0000868572,0,Damoda Drone Battery,PT AIM,Komponen Drone,Registered Asset,2025-06-18,1655220.72,413805.18,1241415.54,36,Straight Line
AS0000868573,0,Damoda Drone Battery,PT AIM,Komponen Drone,Registered Asset,2025-06-18,1655220.72,413805.18,1241415.54,36,Straight Line
AS0000868574,0,Damoda Drone Battery,PT AIM,Komponen Drone,Registered Asset,2025-06-18,1655220.72,413805.18,1241415.54,36,Straight Line
AS0000868575,0,Damoda Drone Battery,PT AIM,Komponen Drone,Registered Asset,2025-06-18,1655220.72,413805.18,1241415.54,36,Straight Line
AS0000868576,0,Damoda Drone Battery,PT AIM,Komponen Drone,Registered Asset,2025-06-18,1655220.72,413805.18,1241415.54,36,Straight Line
AS0000868577,0,Damoda Drone Battery,PT AIM,Komponen Drone,Registered Asset,2025-06-18,1655220.72,413805.18,1241415.54,36,Straight Line
AS0000868578,0,Damoda Drone Battery,PT AIM,Komponen Drone,Registered Asset,2025-06-18,1655220.72,413805.18,1241415.54,36,Straight Line
AS0000868579,0,Damoda Drone Battery,PT AIM,Komponen Drone,Registered Asset,2025-06-18,1655220.72,413805.18,1241415.54,36,Straight Line
AS0000868580,0,Damoda Drone Battery,PT AIM,Komponen Drone,Registered Asset,2025-06-18,1655220.72,413805.18,1241415.54,36,Straight Line
AS0000868581,0,Damoda Drone Battery,PT AIM,Komponen Drone,Registered Asset,2025-06-18,1655220.72,413805.18,1241415.54,36,Straight Line
AS0000868582,0,Damoda Drone Battery,PT AIM,Komponen Drone,Registered Asset,2025-06-18,1655220.72,413805.18,1241415.54,36,Straight Line
AS0000868583,0,Damoda Drone Battery,PT AIM,Komponen Drone,Registered Asset,2025-06-18,1655220.72,413805.18,1241415.54,36,Straight Line
AS0000868584,0,Damoda Drone Battery,PT AIM,Komponen Drone,Registered Asset,2025-06-18,1655220.72,413805.18,1241415.54,36,Straight Line
AS0000868585,0,Damoda Drone Battery,PT AIM,Komponen Drone,Registered Asset,2025-06-18,1655220.72,413805.18,1241415.54,36,Straight Line
AS0000868586,0,Damoda Drone Battery,PT AIM,Komponen Drone,Registered Asset,2025-06-18,1655220.72,413805.18,1241415.54,36,Straight Line
AS0000868587,0,Damoda Drone Battery,PT AIM,Komponen Drone,Registered Asset,2025-06-18,1655220.72,413805.18,1241415.54,36,Straight Line
AS0000868588,0,Damoda Drone Battery,PT AIM,Komponen Drone,Registered Asset,2025-06-18,1655220.72,413805.18,1241415.54,36,Straight Line
AS0000868589,0,Damoda Drone Battery,PT AIM,Komponen Drone,Registered Asset,2025-06-18,1655220.72,413805.18,1241415.54,36,Straight Line
AS0000868590,0,Damoda Drone Battery,PT AIM,Komponen Drone,Registered Asset,2025-06-18,1655220.72,413805.18,1241415.54,36,Straight Line
AS0000868591,0,Damoda Drone Battery,PT AIM,Komponen Drone,Registered Asset,2025-06-18,1655220.72,413805.18,1241415.54,36,Straight Line
AS0000868592,0,Damoda Drone Battery,PT AIM,Komponen Drone,Registered Asset,2025-06-18,1655220.72,413805.18,1241415.54,36,Straight Line
AS0000868593,0,Damoda Drone Battery,PT AIM,Komponen Drone,Registered Asset,2025-06-18,1655220.72,413805.18,1241415.54,36,Straight Line
AS0000868594,0,Damoda Drone Battery,PT AIM,Komponen Drone,Registered Asset,2025-06-18,1655220.72,413805.18,1241415.54,36,Straight Line
AS0000868595,0,Damoda Drone Battery,PT AIM,Komponen Drone,Registered Asset,2025-06-18,1655220.72,413805.18,1241415.54,36,Straight Line
AS0000868596,0,Damoda Drone Battery,PT AIM,Komponen Drone,Registered Asset,2025-06-18,1655220.72,413805.18,1241415.54,36,Straight Line
AS0000868597,0,Damoda Drone Battery,PT AIM,Komponen Drone,Registered Asset,2025-06-18,1655220.72,413805.18,1241415.54,36,Straight Line
AS0000868598,0,Damoda Drone Battery,PT AIM,Komponen Drone,Registered Asset,2025-06-18,1655220.72,413805.18,1241415.54,36,Straight Line
AS0000868599,0,Damoda Drone Battery,PT AIM,Komponen Drone,Registered Asset,2025-06-18,1655220.72,413805.18,1241415.54,36,Straight Line
AS0000868600,0,Damoda Drone Battery,PT AIM,Komponen Drone,Registered Asset,2025-06-18,1655220.72,413805.18,1241415.54,36,Straight Line
AS0000868601,0,Damoda Drone Battery,PT AIM,Komponen Drone,Registered Asset,2025-06-18,1655220.72,413805.18,1241415.54,36,Straight Line
AS0000868602,0,Damoda Drone Battery,PT AIM,Komponen Drone,Registered Asset,2025-06-18,1655220.72,413805.18,1241415.54,36,Straight Line
AS0000868603,0,Damoda Drone Battery,PT AIM,Komponen Drone,Registered Asset,2025-06-18,1655220.72,413805.18,1241415.54,36,Straight Line
AS0000868604,0,Damoda Drone Battery,PT AIM,Komponen Drone,Registered Asset,2025-06-18,1655220.72,413805.18,1241415.54,36,Straight Line
AS0000868605,0,Damoda Drone Battery,PT AIM,Komponen Drone,Registered Asset,2025-06-18,1655220.72,413805.18,1241415.54,36,Straight Line
AS0000868606,0,Damoda Drone Battery,PT AIM,Komponen Drone,Registered Asset,2025-06-18,1655220.72,413805.18,1241415.54,36,Straight Line
AS0000868607,0,Damoda Drone Battery,PT AIM,Komponen Drone,Registered Asset,2025-06-18,1655220.72,413805.18,1241415.54,36,Straight Line
AS0000868608,0,Damoda Drone Battery,PT AIM,Komponen Drone,Registered Asset,2025-06-18,1655220.72,413805.18,1241415.54,36,Straight Line
AS0000868609,0,Damoda Drone Battery,PT AIM,Komponen Drone,Registered Asset,2025-06-18,1655220.72,413805.18,1241415.54,36,Straight Line
AS0000868610,0,Damoda Drone Battery,PT AIM,Komponen Drone,Registered Asset,2025-06-18,1655220.72,413805.18,1241415.54,36,Straight Line
AS0000868611,0,Damoda Drone Battery,PT AIM,Komponen Drone,Registered Asset,2025-06-18,1655220.72,413805.18,1241415.54,36,Straight Line
AS0000868612,0,Damoda Drone Battery,PT AIM,Komponen Drone,Registered Asset,2025-06-18,1655220.72,413805.18,1241415.54,36,Straight Line
AS0000868613,0,Damoda Drone Battery,PT AIM,Komponen Drone,Registered Asset,2025-06-18,1655220.72,413805.18,1241415.54,36,Straight Line
AS0000868614,0,Damoda Drone Battery,PT AIM,Komponen Drone,Registered Asset,2025-06-18,1655220.72,413805.18,1241415.54,36,Straight Line
AS0000868615,0,Damoda Drone Battery,PT AIM,Komponen Drone,Registered Asset,2025-06-18,1655220.72,413805.18,1241415.54,36,Straight Line
AS0000868616,0,Damoda Drone Battery,PT AIM,Komponen Drone,Registered Asset,2025-06-18,1655220.72,413805.18,1241415.54,36,Straight Line
AS0000868617,0,Damoda Drone Battery,PT AIM,Komponen Drone,Registered Asset,2025-06-18,1655220.72,413805.18,1241415.54,36,Straight Line
AS0000868618,0,Damoda Drone Battery,PT AIM,Komponen Drone,Registered Asset,2025-06-18,1655220.72,413805.18,1241415.54,36,Straight Line
AS0000868619,0,Damoda Drone Battery,PT AIM,Komponen Drone,Registered Asset,2025-06-18,1655220.72,413805.18,1241415.54,36,Straight Line
AS0000868620,0,Damoda Drone Battery,PT AIM,Komponen Drone,Registered Asset,2025-06-18,1655220.72,413805.18,1241415.54,36,Straight Line
AS0000868621,0,Damoda Drone Battery,PT AIM,Komponen Drone,Registered Asset,2025-06-18,1655220.72,413805.18,1241415.54,36,Straight Line
AS0000868622,0,Damoda Drone Battery,PT AIM,Komponen Drone,Registered Asset,2025-06-18,1655220.72,413805.18,1241415.54,36,Straight Line
AS0000868623,0,Damoda Drone Battery,PT AIM,Komponen Drone,Registered Asset,2025-06-18,1655220.72,413805.18,1241415.54,36,Straight Line
AS0000868624,0,Damoda Drone Battery,PT AIM,Komponen Drone,Registered Asset,2025-06-18,1655220.72,413805.18,1241415.54,36,Straight Line
AS0000868625,0,Damoda Drone Battery,PT AIM,Komponen Drone,Registered Asset,2025-06-18,1655220.72,413805.18,1241415.54,36,Straight Line
AS0000868626,0,Damoda Drone Battery,PT AIM,Komponen Drone,Registered Asset,2025-06-18,1655220.72,413805.18,1241415.54,36,Straight Line
AS0000868627,0,Damoda Drone Battery,PT AIM,Komponen Drone,Registered Asset,2025-06-18,1655220.72,413805.18,1241415.54,36,Straight Line
AS0000868628,0,Damoda Drone Battery,PT AIM,Komponen Drone,Registered Asset,2025-06-18,1655220.72,413805.18,1241415.54,36,Straight Line
AS0000868629,0,Damoda Drone Battery,PT AIM,Komponen Drone,Registered Asset,2025-06-18,1655220.72,413805.18,1241415.54,36,Straight Line
AS0000868630,0,Damoda Drone Battery,PT AIM,Komponen Drone,Registered Asset,2025-06-18,1655220.72,413805.18,1241415.54,36,Straight Line
AS0000868631,0,Damoda Drone Battery,PT AIM,Komponen Drone,Registered Asset,2025-06-18,1655220.72,413805.18,1241415.54,36,Straight Line
AS0000868632,0,Damoda Drone Battery,PT AIM,Komponen Drone,Registered Asset,2025-06-18,1655220.72,413805.18,1241415.54,36,Straight Line
AS0000868633,0,Damoda Drone Battery,PT AIM,Komponen Drone,Registered Asset,2025-06-18,1655220.72,413805.18,1241415.54,36,Straight Line
AS0000868634,0,Damoda Drone Battery,PT AIM,Komponen Drone,Registered Asset,2025-06-18,1655220.72,413805.18,1241415.54,36,Straight Line
AS0000868635,0,Damoda Drone Battery,PT AIM,Komponen Drone,Registered Asset,2025-06-18,1655220.72,413805.18,1241415.54,36,Straight Line
AS0000868636,0,Damoda Drone Battery,PT AIM,Komponen Drone,Registered Asset,2025-06-18,1655220.72,413805.18,1241415.54,36,Straight Line
AS0000868637,0,Damoda Drone Battery,PT AIM,Komponen Drone,Registered Asset,2025-06-18,1655220.72,413805.18,1241415.54,36,Straight Line
AS0000868638,0,Damoda Drone Battery,PT AIM,Komponen Drone,Registered Asset,2025-06-18,1655220.72,413805.18,1241415.54,36,Straight Line
AS0000868639,0,Damoda Drone Battery,PT AIM,Komponen Drone,Registered Asset,2025-06-18,1655220.72,413805.18,1241415.54,36,Straight Line
AS0000868640,0,Damoda Drone Battery,PT AIM,Komponen Drone,Registered Asset,2025-06-18,1655220.72,413805.18,1241415.54,36,Straight Line
AS0000868641,0,Damoda Drone Battery,PT AIM,Komponen Drone,Registered Asset,2025-06-18,1655220.72,413805.18,1241415.54,36,Straight Line
AS0000868642,0,Damoda Drone Battery,PT AIM,Komponen Drone,Registered Asset,2025-06-18,1655220.72,413805.18,1241415.54,36,Straight Line
AS0000868643,0,Damoda Drone Battery,PT AIM,Komponen Drone,Registered Asset,2025-06-18,1655220.72,413805.18,1241415.54,36,Straight Line
AS0000868644,0,Damoda Drone Battery,PT AIM,Komponen Drone,Registered Asset,2025-06-18,1655220.72,413805.18,1241415.54,36,Straight Line
AS0000868645,0,Damoda Drone Battery,PT AIM,Komponen Drone,Registered Asset,2025-06-18,1655220.72,413805.18,1241415.54,36,Straight Line
AS0000868646,0,Damoda Drone Battery,PT AIM,Komponen Drone,Registered Asset,2025-06-18,1655220.72,413805.18,1241415.54,36,Straight Line
AS0000868647,0,Damoda Drone Battery,PT AIM,Komponen Drone,Registered Asset,2025-06-18,1655220.72,413805.18,1241415.54,36,Straight Line
AS0000868648,0,Damoda Drone Battery,PT AIM,Komponen Drone,Registered Asset,2025-06-18,1655220.72,413805.18,1241415.54,36,Straight Line
AS0000868649,0,Damoda Drone Battery,PT AIM,Komponen Drone,Registered Asset,2025-06-18,1655220.72,413805.18,1241415.54,36,Straight Line
AS0000868650,0,Damoda Drone Battery,PT AIM,Komponen Drone,Registered Asset,2025-06-18,1655220.72,413805.18,1241415.54,36,Straight Line
AS0000868651,0,Damoda Drone Battery,PT AIM,Komponen Drone,Registered Asset,2025-06-18,1655220.72,413805.18,1241415.54,36,Straight Line
AS0000868652,0,Damoda Drone Battery,PT AIM,Komponen Drone,Registered Asset,2025-06-18,1655220.72,413805.18,1241415.54,36,Straight Line
AS0000868653,0,Damoda Drone Battery,PT AIM,Komponen Drone,Registered Asset,2025-06-18,1655220.72,413805.18,1241415.54,36,Straight Line
AS0000868654,0,Damoda Drone Battery,PT AIM,Komponen Drone,Registered Asset,2025-06-18,1655220.72,413805.18,1241415.54,36,Straight Line
AS0000868655,0,Damoda Drone Battery,PT AIM,Komponen Drone,Registered Asset,2025-06-18,1655220.72,413805.18,1241415.54,36,Straight Line
AS0000868656,0,Damoda Drone Battery,PT AIM,Komponen Drone,Registered Asset,2025-06-18,1655220.72,413805.18,1241415.54,36,Straight Line
AS0000868657,0,Damoda Drone Battery,PT AIM,Komponen Drone,Registered Asset,2025-06-18,1655220.72,413805.18,1241415.54,36,Straight Line
AS0000868658,0,Damoda Drone Battery,PT AIM,Komponen Drone,Registered Asset,2025-06-18,1655220.72,413805.18,1241415.54,36,Straight Line
AS0000868659,0,Damoda Drone Battery,PT AIM,Komponen Drone,Registered Asset,2025-06-18,1655220.72,413805.18,1241415.54,36,Straight Line
AS0000868660,0,Damoda Drone Battery,PT AIM,Komponen Drone,Registered Asset,2025-06-18,1655220.72,413805.18,1241415.54,36,Straight Line
AS0000868661,0,Damoda Drone Battery,PT AIM,Komponen Drone,Registered Asset,2025-06-18,1655220.72,413805.18,1241415.54,36,Straight Line
AS0000868662,0,Damoda Drone Battery,PT AIM,Komponen Drone,Registered Asset,2025-06-18,1655220.72,413805.18,1241415.54,36,Straight Line
AS0000868663,0,Damoda Drone Battery,PT AIM,Komponen Drone,Registered Asset,2025-06-18,1655220.72,413805.18,1241415.54,36,Straight Line
AS0000868664,0,Damoda Drone Battery,PT AIM,Komponen Drone,Registered Asset,2025-06-18,1655220.72,413805.18,1241415.54,36,Straight Line
AS0000868665,0,Damoda Drone Battery,PT AIM,Komponen Drone,Registered Asset,2025-06-18,1655220.72,413805.18,1241415.54,36,Straight Line
AS0000868666,0,Damoda Drone Battery,PT AIM,Komponen Drone,Registered Asset,2025-06-18,1655220.72,413805.18,1241415.54,36,Straight Line
AS0000868667,0,Damoda Drone Battery,PT AIM,Komponen Drone,Registered Asset,2025-06-18,1655220.72,413805.18,1241415.54,36,Straight Line
AS0000868668,0,Damoda Drone Battery,PT AIM,Komponen Drone,Registered Asset,2025-06-18,1655220.72,413805.18,1241415.54,36,Straight Line
AS0000868669,0,Damoda Drone Battery,PT AIM,Komponen Drone,Registered Asset,2025-06-18,1655220.72,413805.18,1241415.54,36,Straight Line
AS0000868670,0,Damoda Drone Battery,PT AIM,Komponen Drone,Registered Asset,2025-06-18,1655220.72,413805.18,1241415.54,36,Straight Line
AS0000868671,0,Damoda Drone Battery,PT AIM,Komponen Drone,Registered Asset,2025-06-18,1655220.72,413805.18,1241415.54,36,Straight Line
AS0000868672,0,Damoda Drone Battery,PT AIM,Komponen Drone,Registered Asset,2025-06-18,1655220.72,413805.18,1241415.54,36,Straight Line
AS0000868673,0,Damoda Drone Battery,PT AIM,Komponen Drone,Registered Asset,2025-06-18,1655220.72,413805.18,1241415.54,36,Straight Line
AS0000868674,0,Damoda Drone Battery,PT AIM,Komponen Drone,Registered Asset,2025-06-18,1655220.72,413805.18,1241415.54,36,Straight Line
AS0000868675,0,Damoda Drone Battery,PT AIM,Komponen Drone,Registered Asset,2025-06-18,1655220.72,413805.18,1241415.54,36,Straight Line
AS0000868676,0,Damoda Drone Battery,PT AIM,Komponen Drone,Registered Asset,2025-06-18,1655220.72,413805.18,1241415.54,36,Straight Line
AS0000868677,0,Damoda Drone Battery,PT AIM,Komponen Drone,Registered Asset,2025-06-18,1655220.72,413805.18,1241415.54,36,Straight Line
AS0000868678,0,Damoda Drone Battery,PT AIM,Komponen Drone,Registered Asset,2025-06-18,1655220.72,413805.18,1241415.54,36,Straight Line
AS0000868679,0,Damoda Drone Battery,PT AIM,Komponen Drone,Registered Asset,2025-06-18,1655220.72,413805.18,1241415.54,36,Straight Line
AS0000868680,0,Damoda Drone Battery,PT AIM,Komponen Drone,Registered Asset,2025-06-18,1655220.72,413805.18,1241415.54,36,Straight Line
AS0000868681,0,Damoda Drone Battery,PT AIM,Komponen Drone,Registered Asset,2025-06-18,1655220.72,413805.18,1241415.54,36,Straight Line
AS0000868682,0,Damoda Drone Battery,PT AIM,Komponen Drone,Registered Asset,2025-06-18,1655220.72,413805.18,1241415.54,36,Straight Line
AS0000868683,0,Damoda Drone Battery,PT AIM,Komponen Drone,Registered Asset,2025-06-18,1655220.72,413805.18,1241415.54,36,Straight Line
AS0000868684,0,Damoda Drone Battery,PT AIM,Komponen Drone,Registered Asset,2025-06-18,1655220.72,413805.18,1241415.54,36,Straight Line
AS0000868685,0,Damoda Drone Battery,PT AIM,Komponen Drone,Registered Asset,2025-06-18,1655220.72,413805.18,1241415.54,36,Straight Line
AS0000868686,0,Damoda Drone Battery,PT AIM,Komponen Drone,Registered Asset,2025-06-18,1655220.72,413805.18,1241415.54,36,Straight Line
AS0000868687,0,Damoda Drone Battery,PT AIM,Komponen Drone,Registered Asset,2025-06-18,1655220.72,413805.18,1241415.54,36,Straight Line
AS0000868688,0,Damoda Drone Battery,PT AIM,Komponen Drone,Registered Asset,2025-06-18,1655220.72,413805.18,1241415.54,36,Straight Line
AS0000868689,0,Damoda Drone Battery,PT AIM,Komponen Drone,Registered Asset,2025-06-18,1655220.72,413805.18,1241415.54,36,Straight Line
AS0000868690,0,Damoda Drone Battery,PT AIM,Komponen Drone,Registered Asset,2025-06-18,1655220.72,413805.18,1241415.54,36,Straight Line
AS0000868691,0,Damoda Drone Battery,PT AIM,Komponen Drone,Registered Asset,2025-06-18,1655220.72,413805.18,1241415.54,36,Straight Line
AS0000868692,0,Damoda Drone Battery,PT AIM,Komponen Drone,Registered Asset,2025-06-18,1655220.72,413805.18,1241415.54,36,Straight Line
AS0000868693,0,Damoda Drone Battery,PT AIM,Komponen Drone,Registered Asset,2025-06-18,1655220.72,413805.18,1241415.54,36,Straight Line
AS0000868694,0,Damoda Drone Battery,PT AIM,Komponen Drone,Registered Asset,2025-06-18,1655220.72,413805.18,1241415.54,36,Straight Line
AS0000868695,0,Damoda Drone Battery,PT AIM,Komponen Drone,Registered Asset,2025-06-18,1655220.72,413805.18,1241415.54,36,Straight Line
AS0000868696,0,Damoda Drone Battery,PT AIM,Komponen Drone,Registered Asset,2025-06-18,1655220.72,413805.18,1241415.54,36,Straight Line
AS0000868697,0,Damoda Drone Battery,PT AIM,Komponen Drone,Registered Asset,2025-06-18,1655220.72,413805.18,1241415.54,36,Straight Line
AS0000868698,0,Damoda Drone Battery,PT AIM,Komponen Drone,Registered Asset,2025-06-18,1655220.72,413805.18,1241415.54,36,Straight Line
AS0000868699,0,Damoda Drone Battery,PT AIM,Komponen Drone,Registered Asset,2025-06-18,1655220.72,413805.18,1241415.54,36,Straight Line
AS0000868700,0,Damoda Drone Battery,PT AIM,Komponen Drone,Registered Asset,2025-06-18,1655220.72,413805.18,1241415.54,36,Straight Line
AS0000868701,0,Damoda Drone Battery,PT AIM,Komponen Drone,Registered Asset,2025-06-18,1655220.72,413805.18,1241415.54,36,Straight Line
AS0000868702,0,Damoda Drone Battery,PT AIM,Komponen Drone,Registered Asset,2025-06-18,1655220.72,413805.18,1241415.54,36,Straight Line
AS0000868703,0,Damoda Drone Battery,PT AIM,Komponen Drone,Registered Asset,2025-06-18,1655220.72,413805.18,1241415.54,36,Straight Line
AS0000868704,0,Damoda Drone Battery,PT AIM,Komponen Drone,Registered Asset,2025-06-18,1655220.72,413805.18,1241415.54,36,Straight Line
AS0000868705,0,Damoda Drone Battery,PT AIM,Komponen Drone,Registered Asset,2025-06-18,1655220.72,413805.18,1241415.54,36,Straight Line
AS0000868706,0,Damoda Drone Battery,PT AIM,Komponen Drone,Registered Asset,2025-06-18,1655220.72,413805.18,1241415.54,36,Straight Line
AS0000868707,0,Damoda Drone Battery,PT AIM,Komponen Drone,Registered Asset,2025-06-18,1655220.72,413805.18,1241415.54,36,Straight Line
AS0000868708,0,Damoda Drone Battery,PT AIM,Komponen Drone,Registered Asset,2025-06-18,1655220.72,413805.18,1241415.54,36,Straight Line
AS0000868709,0,Damoda Drone Battery,PT AIM,Komponen Drone,Registered Asset,2025-06-18,1655220.72,413805.18,1241415.54,36,Straight Line
AS0000868710,0,Damoda Drone Battery,PT AIM,Komponen Drone,Registered Asset,2025-06-18,1655220.72,413805.18,1241415.54,36,Straight Line
AS0000868711,0,Damoda Drone Battery,PT AIM,Komponen Drone,Registered Asset,2025-06-18,1655220.72,413805.18,1241415.54,36,Straight Line
AS0000868712,0,Damoda Drone Battery,PT AIM,Komponen Drone,Registered Asset,2025-06-18,1655220.72,413805.18,1241415.54,36,Straight Line
AS0000868713,0,Damoda Drone Battery,PT AIM,Komponen Drone,Registered Asset,2025-06-18,1655220.72,413805.18,1241415.54,36,Straight Line
AS0000868714,0,Damoda Drone Battery,PT AIM,Komponen Drone,Registered Asset,2025-06-18,1655220.72,413805.18,1241415.54,36,Straight Line
AS0000868715,0,Damoda Drone Battery,PT AIM,Komponen Drone,Registered Asset,2025-06-18,1655220.72,413805.18,1241415.54,36,Straight Line
AS0000868716,0,Damoda Drone Battery,PT AIM,Komponen Drone,Registered Asset,2025-06-18,1655220.72,413805.18,1241415.54,36,Straight Line
AS0000868717,0,Damoda Drone Battery,PT AIM,Komponen Drone,Registered Asset,2025-06-18,1655220.72,413805.18,1241415.54,36,Straight Line
AS0000868718,0,Damoda Drone Battery,PT AIM,Komponen Drone,Registered Asset,2025-06-18,1655220.72,413805.18,1241415.54,36,Straight Line
AS0000868719,0,Damoda Drone Battery,PT AIM,Komponen Drone,Registered Asset,2025-06-18,1655220.72,413805.18,1241415.54,36,Straight Line
AS0000868720,0,Damoda Drone Battery,PT AIM,Komponen Drone,Registered Asset,2025-06-18,1655220.72,413805.18,1241415.54,36,Straight Line
AS0000868721,0,Damoda Drone Battery,PT AIM,Komponen Drone,Registered Asset,2025-06-18,1655220.72,413805.18,1241415.54,36,Straight Line
AS0000868722,0,Damoda Drone Battery,PT AIM,Komponen Drone,Registered Asset,2025-06-18,1655220.72,413805.18,1241415.54,36,Straight Line
AS0000868723,0,Damoda Drone Battery,PT AIM,Komponen Drone,Registered Asset,2025-06-18,1655220.72,413805.18,1241415.54,36,Straight Line
AS0000868724,0,Damoda Drone Battery,PT AIM,Komponen Drone,Registered Asset,2025-06-18,1655220.72,413805.18,1241415.54,36,Straight Line
AS0000868725,0,Damoda Drone Battery,PT AIM,Komponen Drone,Registered Asset,2025-06-18,1655220.72,413805.18,1241415.54,36,Straight Line
AS0000868726,0,Damoda Drone Battery,PT AIM,Komponen Drone,Registered Asset,2025-06-18,1655220.72,413805.18,1241415.54,36,Straight Line
AS0000868727,0,Damoda Drone Battery,PT AIM,Komponen Drone,Registered Asset,2025-06-18,1655220.72,413805.18,1241415.54,36,Straight Line
AS0000868728,0,Damoda Drone Battery,PT AIM,Komponen Drone,Registered Asset,2025-06-18,1655220.72,413805.18,1241415.54,36,Straight Line
AS0000868729,0,Damoda Drone Battery,PT AIM,Komponen Drone,Registered Asset,2025-06-18,1655220.72,413805.18,1241415.54,36,Straight Line
AS0000868730,0,Damoda Drone Battery,PT AIM,Komponen Drone,Registered Asset,2025-06-18,1655220.72,413805.18,1241415.54,36,Straight Line
AS0000868731,0,Damoda Drone Battery,PT AIM,Komponen Drone,Registered Asset,2025-06-18,1655220.72,413805.18,1241415.54,36,Straight Line
AS0000868732,0,Damoda Drone Battery,PT AIM,Komponen Drone,Registered Asset,2025-06-18,1655220.72,413805.18,1241415.54,36,Straight Line
AS0000868733,0,Damoda Drone Battery,PT AIM,Komponen Drone,Registered Asset,2025-06-18,1655220.72,413805.18,1241415.54,36,Straight Line
AS0000868734,0,Damoda Drone Battery,PT AIM,Komponen Drone,Registered Asset,2025-06-18,1655220.72,413805.18,1241415.54,36,Straight Line
AS0000868735,0,Damoda Drone Battery,PT AIM,Komponen Drone,Registered Asset,2025-06-18,1655220.72,413805.18,1241415.54,36,Straight Line
AS0000868736,0,Damoda Drone Battery,PT AIM,Komponen Drone,Registered Asset,2025-06-18,1655220.72,413805.18,1241415.54,36,Straight Line
AS0000868737,0,Damoda Drone Battery,PT AIM,Komponen Drone,Registered Asset,2025-06-18,1655220.72,413805.18,1241415.54,36,Straight Line
AS0000868738,0,Damoda Drone Battery,PT AIM,Komponen Drone,Registered Asset,2025-06-18,1655220.72,413805.18,1241415.54,36,Straight Line
AS0000868739,0,Damoda Drone Battery,PT AIM,Komponen Drone,Registered Asset,2025-06-18,1655220.72,413805.18,1241415.54,36,Straight Line
AS0000868740,0,Damoda Drone Battery,PT AIM,Komponen Drone,Registered Asset,2025-06-18,1655220.72,413805.18,1241415.54,36,Straight Line
AS0000868741,0,Damoda Drone Battery,PT AIM,Komponen Drone,Registered Asset,2025-06-18,1655220.72,413805.18,1241415.54,36,Straight Line
AS0000868742,0,Damoda Drone Battery,PT AIM,Komponen Drone,Registered Asset,2025-06-18,1655220.72,413805.18,1241415.54,36,Straight Line
AS0000868743,0,Damoda Drone Battery,PT AIM,Komponen Drone,Registered Asset,2025-06-18,1655220.72,413805.18,1241415.54,36,Straight Line
AS0000868744,0,Damoda Drone Battery,PT AIM,Komponen Drone,Registered Asset,2025-06-18,1655220.72,413805.18,1241415.54,36,Straight Line
AS0000868745,0,Damoda Drone Battery,PT AIM,Komponen Drone,Registered Asset,2025-06-18,1655220.72,413805.18,1241415.54,36,Straight Line
AS0000868746,0,Damoda Drone Battery,PT AIM,Komponen Drone,Registered Asset,2025-06-18,1655220.72,413805.18,1241415.54,36,Straight Line
AS0000868747,0,Damoda Drone Battery,PT AIM,Komponen Drone,Registered Asset,2025-06-18,1655220.72,413805.18,1241415.54,36,Straight Line
AS0000868748,0,Damoda Drone Battery,PT AIM,Komponen Drone,Registered Asset,2025-06-18,1655220.72,413805.18,1241415.54,36,Straight Line
AS0000868749,0,Damoda Drone Battery,PT AIM,Komponen Drone,Registered Asset,2025-06-18,1655220.72,413805.18,1241415.54,36,Straight Line
AS0000868750,0,Damoda Drone Battery,PT AIM,Komponen Drone,Registered Asset,2025-06-18,1655220.72,413805.18,1241415.54,36,Straight Line
AS0000868751,0,Damoda Drone Battery,PT AIM,Komponen Drone,Registered Asset,2025-06-18,1655220.72,413805.18,1241415.54,36,Straight Line
AS0000868752,0,Damoda Drone Battery,PT AIM,Komponen Drone,Registered Asset,2025-06-18,1655220.72,413805.18,1241415.54,36,Straight Line
AS0000868753,0,Damoda Drone Battery,PT AIM,Komponen Drone,Registered Asset,2025-06-18,1655220.72,413805.18,1241415.54,36,Straight Line
AS0000868754,0,Damoda Drone Battery,PT AIM,Komponen Drone,Registered Asset,2025-06-18,1655220.72,413805.18,1241415.54,36,Straight Line
AS0000868755,0,Damoda Drone Battery,PT AIM,Komponen Drone,Registered Asset,2025-06-18,1655220.72,413805.18,1241415.54,36,Straight Line
AS0000868756,0,Damoda Drone Battery,PT AIM,Komponen Drone,Registered Asset,2025-06-18,1655220.72,413805.18,1241415.54,36,Straight Line
AS0000868757,0,Damoda Drone Battery,PT AIM,Komponen Drone,Registered Asset,2025-06-18,1655220.72,413805.18,1241415.54,36,Straight Line
AS0000868758,0,Damoda Drone Battery,PT AIM,Komponen Drone,Registered Asset,2025-06-18,1655220.72,413805.18,1241415.54,36,Straight Line
AS0000868759,0,Damoda Drone Battery,PT AIM,Komponen Drone,Registered Asset,2025-06-18,1655220.72,413805.18,1241415.54,36,Straight Line
AS0000868760,0,Damoda Drone Battery,PT AIM,Komponen Drone,Registered Asset,2025-06-18,1655220.72,413805.18,1241415.54,36,Straight Line
AS0000868761,0,Damoda Drone Battery,PT AIM,Komponen Drone,Registered Asset,2025-06-18,1655220.72,413805.18,1241415.54,36,Straight Line
AS0000868762,0,Damoda Drone Battery,PT AIM,Komponen Drone,Registered Asset,2025-06-18,1655220.72,413805.18,1241415.54,36,Straight Line
AS0000868763,0,Damoda Drone Battery,PT AIM,Komponen Drone,Registered Asset,2025-06-18,1655220.72,413805.18,1241415.54,36,Straight Line
AS0000868764,0,Damoda Drone Battery,PT AIM,Komponen Drone,Registered Asset,2025-06-18,1655220.72,413805.18,1241415.54,36,Straight Line
AS0000868765,0,Damoda Drone Battery,PT AIM,Komponen Drone,Registered Asset,2025-06-18,1655220.72,413805.18,1241415.54,36,Straight Line
AS0000868766,0,Damoda Drone Battery,PT AIM,Komponen Drone,Registered Asset,2025-06-18,1655220.72,413805.18,1241415.54,36,Straight Line
AS0000868767,0,Damoda Drone Battery,PT AIM,Komponen Drone,Registered Asset,2025-06-18,1655220.72,413805.18,1241415.54,36,Straight Line
AS0000868768,0,Damoda Drone Battery,PT AIM,Komponen Drone,Registered Asset,2025-06-18,1655220.72,413805.18,1241415.54,36,Straight Line
AS0000868769,0,Damoda Drone Battery,PT AIM,Komponen Drone,Registered Asset,2025-06-18,1655220.72,413805.18,1241415.54,36,Straight Line
AS0000868770,0,Damoda Drone Battery,PT AIM,Komponen Drone,Registered Asset,2025-06-18,1655220.72,413805.18,1241415.54,36,Straight Line
AS0000868771,0,Damoda Drone Battery,PT AIM,Komponen Drone,Registered Asset,2025-06-18,1655220.72,413805.18,1241415.54,36,Straight Line
AS0000868772,0,Damoda Drone Battery,PT AIM,Komponen Drone,Registered Asset,2025-06-18,1655220.72,413805.18,1241415.54,36,Straight Line
AS0000868773,0,Damoda Drone Battery,PT AIM,Komponen Drone,Registered Asset,2025-06-18,1655220.72,413805.18,1241415.54,36,Straight Line
AS0000868774,0,Damoda Drone Battery,PT AIM,Komponen Drone,Registered Asset,2025-06-18,1655220.72,413805.18,1241415.54,36,Straight Line
AS0000868775,0,Damoda Drone Battery,PT AIM,Komponen Drone,Registered Asset,2025-06-18,1655220.72,413805.18,1241415.54,36,Straight Line
AS0000868776,0,Damoda Drone Battery,PT AIM,Komponen Drone,Registered Asset,2025-06-18,1655220.72,413805.18,1241415.54,36,Straight Line
AS0000868777,0,Damoda Drone Battery,PT AIM,Komponen Drone,Registered Asset,2025-06-18,1655220.72,413805.18,1241415.54,36,Straight Line
AS0000868778,0,Damoda Drone Battery,PT AIM,Komponen Drone,Registered Asset,2025-06-18,1655220.72,413805.18,1241415.54,36,Straight Line
AS0000868779,0,Damoda Drone Battery,PT AIM,Komponen Drone,Registered Asset,2025-06-18,1655220.72,413805.18,1241415.54,36,Straight Line
AS0000868780,0,Damoda Drone Battery,PT AIM,Komponen Drone,Registered Asset,2025-06-18,1655220.72,413805.18,1241415.54,36,Straight Line
AS0000868781,0,Damoda Drone Battery,PT AIM,Komponen Drone,Registered Asset,2025-06-18,1655220.72,413805.18,1241415.54,36,Straight Line
AS0000868782,0,Damoda Drone Battery,PT AIM,Komponen Drone,Registered Asset,2025-06-18,1655220.72,413805.18,1241415.54,36,Straight Line
AS0000868783,0,Damoda Drone Battery,PT AIM,Komponen Drone,Registered Asset,2025-06-18,1655220.72,413805.18,1241415.54,36,Straight Line
AS0000868784,0,Damoda Drone Battery,PT AIM,Komponen Drone,Registered Asset,2025-06-18,1655220.72,413805.18,1241415.54,36,Straight Line
AS0000868785,0,Damoda Drone Battery,PT AIM,Komponen Drone,Registered Asset,2025-06-18,1655220.72,413805.18,1241415.54,36,Straight Line
AS0000868786,0,Damoda Drone Battery,PT AIM,Komponen Drone,Registered Asset,2025-06-18,1655220.72,413805.18,1241415.54,36,Straight Line
AS0000868787,0,Damoda Drone Battery,PT AIM,Komponen Drone,Registered Asset,2025-06-18,1655220.72,413805.18,1241415.54,36,Straight Line
AS0000868788,0,Damoda Drone Battery,PT AIM,Komponen Drone,Registered Asset,2025-06-18,1655220.72,413805.18,1241415.54,36,Straight Line
AS0000868789,0,Damoda Drone Battery,PT AIM,Komponen Drone,Registered Asset,2025-06-18,1655220.72,413805.18,1241415.54,36,Straight Line
AS0000868790,0,Damoda Drone Battery,PT AIM,Komponen Drone,Registered Asset,2025-06-18,1655220.72,413805.18,1241415.54,36,Straight Line
AS0000868791,0,Damoda Drone Battery,PT AIM,Komponen Drone,Registered Asset,2025-06-18,1655220.72,413805.18,1241415.54,36,Straight Line
AS0000868792,0,Damoda Drone Battery,PT AIM,Komponen Drone,Registered Asset,2025-06-18,1655220.72,413805.18,1241415.54,36,Straight Line
AS0000868793,0,Damoda Drone Battery,PT AIM,Komponen Drone,Registered Asset,2025-06-18,1655220.72,413805.18,1241415.54,36,Straight Line
AS0000868794,0,Damoda Drone Battery,PT AIM,Komponen Drone,Registered Asset,2025-06-18,1655220.72,413805.18,1241415.54,36,Straight Line
AS0000868795,0,Damoda Drone Battery,PT AIM,Komponen Drone,Registered Asset,2025-06-18,1655220.72,413805.18,1241415.54,36,Straight Line
AS0000868796,0,Damoda Drone Battery,PT AIM,Komponen Drone,Registered Asset,2025-06-18,1655220.72,413805.18,1241415.54,36,Straight Line
AS0000868797,0,Damoda Drone Battery,PT AIM,Komponen Drone,Registered Asset,2025-06-18,1655220.72,413805.18,1241415.54,36,Straight Line
AS0000868798,0,Damoda Drone Battery,PT AIM,Komponen Drone,Registered Asset,2025-06-18,1655220.72,413805.18,1241415.54,36,Straight Line
AS0000868799,0,Damoda Drone Battery,PT AIM,Komponen Drone,Registered Asset,2025-06-18,1655220.72,413805.18,1241415.54,36,Straight Line
AS0000868800,0,Damoda Drone Battery,PT AIM,Komponen Drone,Registered Asset,2025-06-18,1655220.72,413805.18,1241415.54,36,Straight Line
AS0000868801,0,Damoda Drone Battery,PT AIM,Komponen Drone,Registered Asset,2025-06-18,1655220.72,413805.18,1241415.54,36,Straight Line
AS0000868802,0,Damoda Drone Battery,PT AIM,Komponen Drone,Registered Asset,2025-06-18,1655220.72,413805.18,1241415.54,36,Straight Line
AS0000868803,0,Damoda Drone Battery,PT AIM,Komponen Drone,Registered Asset,2025-06-18,1655220.72,413805.18,1241415.54,36,Straight Line
AS0000868804,0,Damoda Drone Battery,PT AIM,Komponen Drone,Registered Asset,2025-06-18,1655220.72,413805.18,1241415.54,36,Straight Line
AS0000868805,0,Damoda Drone Battery,PT AIM,Komponen Drone,Registered Asset,2025-06-18,1655220.72,413805.18,1241415.54,36,Straight Line
AS0000868806,0,Damoda Drone Battery,PT AIM,Komponen Drone,Registered Asset,2025-06-18,1655220.72,413805.18,1241415.54,36,Straight Line
AS0000868807,0,Damoda Drone Battery,PT AIM,Komponen Drone,Registered Asset,2025-06-18,1655220.72,413805.18,1241415.54,36,Straight Line
AS0000868808,0,Damoda Drone Battery,PT AIM,Komponen Drone,Registered Asset,2025-06-18,1655220.72,413805.18,1241415.54,36,Straight Line
AS0000868809,0,Damoda Drone Battery,PT AIM,Komponen Drone,Registered Asset,2025-06-18,1655220.72,413805.18,1241415.54,36,Straight Line
AS0000868810,0,Damoda Drone Battery,PT AIM,Komponen Drone,Registered Asset,2025-06-18,1655220.72,413805.18,1241415.54,36,Straight Line
AS0000868811,0,Damoda Drone Battery,PT AIM,Komponen Drone,Registered Asset,2025-06-18,1655220.72,413805.18,1241415.54,36,Straight Line
AS0000868812,0,Damoda Drone Battery,PT AIM,Komponen Drone,Registered Asset,2025-06-18,1655220.72,413805.18,1241415.54,36,Straight Line
AS0000868813,0,Damoda Drone Battery,PT AIM,Komponen Drone,Registered Asset,2025-06-18,1655220.72,413805.18,1241415.54,36,Straight Line
AS0000868814,0,Damoda Drone Battery,PT AIM,Komponen Drone,Registered Asset,2025-06-18,1655220.72,413805.18,1241415.54,36,Straight Line
AS0000868815,0,Damoda Drone Battery,PT AIM,Komponen Drone,Registered Asset,2025-06-18,1655220.72,413805.18,1241415.54,36,Straight Line
AS0000868816,0,Damoda Drone Battery,PT AIM,Komponen Drone,Registered Asset,2025-06-18,1655220.72,413805.18,1241415.54,36,Straight Line
AS0000868817,0,Damoda Drone Battery,PT AIM,Komponen Drone,Registered Asset,2025-06-18,1655220.72,413805.18,1241415.54,36,Straight Line
AS0000868818,0,Damoda Drone Battery,PT AIM,Komponen Drone,Registered Asset,2025-06-18,1655220.72,413805.18,1241415.54,36,Straight Line
AS0000868819,0,Damoda Drone Battery,PT AIM,Komponen Drone,Registered Asset,2025-06-18,1655220.72,413805.18,1241415.54,36,Straight Line
AS0000868820,0,Damoda Drone Battery,PT AIM,Komponen Drone,Registered Asset,2025-06-18,1655220.72,413805.18,1241415.54,36,Straight Line
AS0000868821,0,Damoda Drone Battery,PT AIM,Komponen Drone,Registered Asset,2025-06-18,1655220.72,413805.18,1241415.54,36,Straight Line
AS0000868822,0,Damoda Drone Battery,PT AIM,Komponen Drone,Registered Asset,2025-06-18,1655220.72,413805.18,1241415.54,36,Straight Line
AS0000868823,0,Damoda Drone Battery,PT AIM,Komponen Drone,Registered Asset,2025-06-18,1655220.72,413805.18,1241415.54,36,Straight Line
AS0000868824,0,Damoda Drone Battery,PT AIM,Komponen Drone,Registered Asset,2025-06-18,1655220.72,413805.18,1241415.54,36,Straight Line
AS0000868825,0,Damoda Drone Battery,PT AIM,Komponen Drone,Registered Asset,2025-06-18,1655220.72,413805.18,1241415.54,36,Straight Line
AS0000868826,0,Damoda Drone Battery,PT AIM,Komponen Drone,Registered Asset,2025-06-18,1655220.72,413805.18,1241415.54,36,Straight Line
AS0000868827,0,Damoda Drone Battery,PT AIM,Komponen Drone,Registered Asset,2025-06-18,1655220.72,413805.18,1241415.54,36,Straight Line
AS0000868828,0,Damoda Drone Battery,PT AIM,Komponen Drone,Registered Asset,2025-06-18,1655220.72,413805.18,1241415.54,36,Straight Line
AS0000868829,0,Damoda Drone Battery,PT AIM,Komponen Drone,Registered Asset,2025-06-18,1655220.72,413805.18,1241415.54,36,Straight Line
AS0000868830,0,Damoda Drone Battery,PT AIM,Komponen Drone,Registered Asset,2025-06-18,1655220.72,413805.18,1241415.54,36,Straight Line
AS0000868831,0,Damoda Drone Battery,PT AIM,Komponen Drone,Registered Asset,2025-06-18,1655220.72,413805.18,1241415.54,36,Straight Line
AS0000868832,0,Damoda Drone Battery,PT AIM,Komponen Drone,Registered Asset,2025-06-18,1655220.72,413805.18,1241415.54,36,Straight Line
AS0000868833,0,Damoda Drone Battery,PT AIM,Komponen Drone,Registered Asset,2025-06-18,1655220.72,413805.18,1241415.54,36,Straight Line
AS0000868834,0,Damoda Drone Battery,PT AIM,Komponen Drone,Registered Asset,2025-06-18,1655220.72,413805.18,1241415.54,36,Straight Line
AS0000868835,0,Damoda Drone Battery,PT AIM,Komponen Drone,Registered Asset,2025-06-18,1655220.72,413805.18,1241415.54,36,Straight Line
AS0000868836,0,Damoda Drone Battery,PT AIM,Komponen Drone,Registered Asset,2025-06-18,1655220.72,413805.18,1241415.54,36,Straight Line
AS0000868837,0,Damoda Drone Battery,PT AIM,Komponen Drone,Registered Asset,2025-06-18,1655220.72,413805.18,1241415.54,36,Straight Line
AS0000868838,0,Damoda Drone Battery,PT AIM,Komponen Drone,Registered Asset,2025-06-18,1655220.72,413805.18,1241415.54,36,Straight Line
AS0000868839,0,Damoda Drone Battery,PT AIM,Komponen Drone,Registered Asset,2025-06-18,1655220.72,413805.18,1241415.54,36,Straight Line
AS0000868840,0,Damoda Drone Battery,PT AIM,Komponen Drone,Registered Asset,2025-06-18,1655220.72,413805.18,1241415.54,36,Straight Line
AS0000868841,0,Damoda Drone Battery,PT AIM,Komponen Drone,Registered Asset,2025-06-18,1655220.72,413805.18,1241415.54,36,Straight Line
AS0000868842,0,Damoda Drone Battery,PT AIM,Komponen Drone,Registered Asset,2025-06-18,1655220.72,413805.18,1241415.54,36,Straight Line
AS0000868843,0,Damoda Drone Battery,PT AIM,Komponen Drone,Registered Asset,2025-06-18,1655220.72,413805.18,1241415.54,36,Straight Line
AS0000868844,0,Damoda Drone Battery,PT AIM,Komponen Drone,Registered Asset,2025-06-18,1655220.72,413805.18,1241415.54,36,Straight Line
AS0000868845,0,Damoda Drone Battery,PT AIM,Komponen Drone,Registered Asset,2025-06-18,1655220.72,413805.18,1241415.54,36,Straight Line
AS0000868846,0,Damoda Drone Battery,PT AIM,Komponen Drone,Registered Asset,2025-06-18,1655220.72,413805.18,1241415.54,36,Straight Line
AS0000868847,0,Damoda Drone Battery,PT AIM,Komponen Drone,Registered Asset,2025-06-18,1655220.72,413805.18,1241415.54,36,Straight Line
AS0000868848,0,Damoda Drone Battery,PT AIM,Komponen Drone,Registered Asset,2025-06-18,1655220.72,413805.18,1241415.54,36,Straight Line
AS0000868849,0,Damoda Drone Battery,PT AIM,Komponen Drone,Registered Asset,2025-06-18,1655220.72,413805.18,1241415.54,36,Straight Line
AS0000868850,0,Damoda Drone Battery,PT AIM,Komponen Drone,Registered Asset,2025-06-18,1655220.72,413805.18,1241415.54,36,Straight Line
AS0000868851,0,Damoda Drone Battery,PT AIM,Komponen Drone,Registered Asset,2025-06-18,1655220.72,413805.18,1241415.54,36,Straight Line
AS0000868852,0,Damoda Drone Battery,PT AIM,Komponen Drone,Registered Asset,2025-06-18,1655220.72,413805.18,1241415.54,36,Straight Line
AS0000868853,0,Damoda Drone Battery,PT AIM,Komponen Drone,Registered Asset,2025-06-18,1655220.72,413805.18,1241415.54,36,Straight Line
AS0000868854,0,Damoda Drone Battery,PT AIM,Komponen Drone,Registered Asset,2025-06-18,1655220.72,413805.18,1241415.54,36,Straight Line
AS0000868855,0,Damoda Drone Battery,PT AIM,Komponen Drone,Registered Asset,2025-06-18,1655220.72,413805.18,1241415.54,36,Straight Line
AS0000868856,0,Damoda Drone Battery,PT AIM,Komponen Drone,Registered Asset,2025-06-18,1655220.72,413805.18,1241415.54,36,Straight Line
AS0000868857,0,Damoda Drone Battery,PT AIM,Komponen Drone,Registered Asset,2025-06-18,1655220.72,413805.18,1241415.54,36,Straight Line
AS0000868858,0,Damoda Drone Battery,PT AIM,Komponen Drone,Registered Asset,2025-06-18,1655220.72,413805.18,1241415.54,36,Straight Line
AS0000868859,0,Damoda Drone Battery,PT AIM,Komponen Drone,Registered Asset,2025-06-18,1655220.72,413805.18,1241415.54,36,Straight Line
AS0000868860,0,Damoda Drone Battery,PT AIM,Komponen Drone,Registered Asset,2025-06-18,1655220.72,413805.18,1241415.54,36,Straight Line
AS0000868861,0,Damoda Drone Battery,PT AIM,Komponen Drone,Registered Asset,2025-06-18,1655220.72,413805.18,1241415.54,36,Straight Line
AS0000868862,0,Damoda Drone Battery,PT AIM,Komponen Drone,Registered Asset,2025-06-18,1655220.72,413805.18,1241415.54,36,Straight Line
AS0000868863,0,Damoda Drone Battery,PT AIM,Komponen Drone,Registered Asset,2025-06-18,1655220.72,413805.18,1241415.54,36,Straight Line
AS0000868864,0,Damoda Drone Battery,PT AIM,Komponen Drone,Registered Asset,2025-06-18,1655220.72,413805.18,1241415.54,36,Straight Line
AS0000868865,0,Damoda Drone Battery,PT AIM,Komponen Drone,Registered Asset,2025-06-18,1655220.72,413805.18,1241415.54,36,Straight Line
AS0000868866,0,Damoda Drone Battery,PT AIM,Komponen Drone,Registered Asset,2025-06-18,1655220.72,413805.18,1241415.54,36,Straight Line
AS0000868867,0,Damoda Drone Battery,PT AIM,Komponen Drone,Registered Asset,2025-06-18,1655220.72,413805.18,1241415.54,36,Straight Line
AS0000868868,0,Damoda Drone Battery,PT AIM,Komponen Drone,Registered Asset,2025-06-18,1655220.72,413805.18,1241415.54,36,Straight Line
AS0000868869,0,Damoda Drone Battery,PT AIM,Komponen Drone,Registered Asset,2025-06-18,1655220.72,413805.18,1241415.54,36,Straight Line
AS0000868870,0,Damoda Drone Battery,PT AIM,Komponen Drone,Registered Asset,2025-06-18,1655220.72,413805.18,1241415.54,36,Straight Line
AS0000868871,0,Damoda Drone Battery,PT AIM,Komponen Drone,Registered Asset,2025-06-18,1655220.72,413805.18,1241415.54,36,Straight Line
AS0000868872,0,Damoda Drone Battery,PT AIM,Komponen Drone,Registered Asset,2025-06-18,1655220.72,413805.18,1241415.54,36,Straight Line
AS0000868873,0,Damoda Drone Battery,PT AIM,Komponen Drone,Registered Asset,2025-06-18,1655220.72,413805.18,1241415.54,36,Straight Line
AS0000868874,0,Damoda Drone Battery,PT AIM,Komponen Drone,Registered Asset,2025-06-18,1655220.72,413805.18,1241415.54,36,Straight Line
AS0000868875,0,Damoda Drone Battery,PT AIM,Komponen Drone,Registered Asset,2025-06-18,1655220.72,413805.18,1241415.54,36,Straight Line
AS0000868876,0,Damoda Drone Battery,PT AIM,Komponen Drone,Registered Asset,2025-06-18,1655220.72,413805.18,1241415.54,36,Straight Line
AS0000868877,0,Damoda Drone Battery,PT AIM,Komponen Drone,Registered Asset,2025-06-18,1655220.72,413805.18,1241415.54,36,Straight Line
AS0000868878,0,Damoda Drone Battery,PT AIM,Komponen Drone,Registered Asset,2025-06-18,1655220.72,413805.18,1241415.54,36,Straight Line
AS0000868879,0,Damoda Drone Battery,PT AIM,Komponen Drone,Registered Asset,2025-06-18,1655220.72,413805.18,1241415.54,36,Straight Line
AS0000868880,0,Damoda Drone Battery,PT AIM,Komponen Drone,Registered Asset,2025-06-18,1655220.72,413805.18,1241415.54,36,Straight Line
AS0000868881,0,Damoda Drone Battery,PT AIM,Komponen Drone,Registered Asset,2025-06-18,1655220.72,413805.18,1241415.54,36,Straight Line
AS0000868882,0,Damoda Drone Battery,PT AIM,Komponen Drone,Registered Asset,2025-06-18,1655220.72,413805.18,1241415.54,36,Straight Line
AS0000868883,0,Damoda Drone Battery,PT AIM,Komponen Drone,Registered Asset,2025-06-18,1655220.72,413805.18,1241415.54,36,Straight Line
AS0000868884,0,Damoda Drone Battery,PT AIM,Komponen Drone,Registered Asset,2025-06-18,1655220.72,413805.18,1241415.54,36,Straight Line
AS0000868885,0,Damoda Drone Battery,PT AIM,Komponen Drone,Registered Asset,2025-06-18,1655220.72,413805.18,1241415.54,36,Straight Line
AS0000868886,0,Damoda Drone Battery,PT AIM,Komponen Drone,Registered Asset,2025-06-18,1655220.72,413805.18,1241415.54,36,Straight Line
AS0000868887,0,Damoda Drone Battery,PT AIM,Komponen Drone,Registered Asset,2025-06-18,1655220.72,413805.18,1241415.54,36,Straight Line
AS0000868888,0,Damoda Drone Battery,PT AIM,Komponen Drone,Registered Asset,2025-06-18,1655220.72,413805.18,1241415.54,36,Straight Line
AS0000868889,0,Damoda Drone Battery,PT AIM,Komponen Drone,Registered Asset,2025-06-18,1655220.72,413805.18,1241415.54,36,Straight Line
AS0000868890,0,Damoda Drone Battery,PT AIM,Komponen Drone,Registered Asset,2025-06-18,1655220.72,413805.18,1241415.54,36,Straight Line
AS0000868891,0,Damoda Drone Battery,PT AIM,Komponen Drone,Registered Asset,2025-06-18,1655220.72,413805.18,1241415.54,36,Straight Line
AS0000868892,0,Damoda Drone Battery,PT AIM,Komponen Drone,Registered Asset,2025-06-18,1655220.72,413805.18,1241415.54,36,Straight Line
AS0000868893,0,Damoda Drone Battery,PT AIM,Komponen Drone,Registered Asset,2025-06-18,1655220.72,413805.18,1241415.54,36,Straight Line
AS0000868894,0,Damoda Drone Battery,PT AIM,Komponen Drone,Registered Asset,2025-06-18,1655220.72,413805.18,1241415.54,36,Straight Line
AS0000868895,0,Damoda Drone Battery,PT AIM,Komponen Drone,Registered Asset,2025-06-18,1655220.72,413805.18,1241415.54,36,Straight Line
AS0000868896,0,Damoda Drone Battery,PT AIM,Komponen Drone,Registered Asset,2025-06-18,1655220.72,413805.18,1241415.54,36,Straight Line
AS0000868897,0,Damoda Drone Battery,PT AIM,Komponen Drone,Registered Asset,2025-06-18,1655220.72,413805.18,1241415.54,36,Straight Line
AS0000868898,0,Damoda Drone Battery,PT AIM,Komponen Drone,Registered Asset,2025-06-18,1655220.72,413805.18,1241415.54,36,Straight Line
AS0000868899,0,Damoda Drone Battery,PT AIM,Komponen Drone,Registered Asset,2025-06-18,1655220.72,413805.18,1241415.54,36,Straight Line
AS0000868900,0,Damoda Drone Battery,PT AIM,Komponen Drone,Registered Asset,2025-06-18,1655220.72,413805.18,1241415.54,36,Straight Line
AS0000868901,0,Damoda Drone Battery,PT AIM,Komponen Drone,Registered Asset,2025-06-18,1655220.72,413805.18,1241415.54,36,Straight Line
AS0000868902,0,Damoda Drone Battery,PT AIM,Komponen Drone,Registered Asset,2025-06-18,1655220.72,413805.18,1241415.54,36,Straight Line
AS0000868903,0,Damoda Drone Battery,PT AIM,Komponen Drone,Registered Asset,2025-06-18,1655220.72,413805.18,1241415.54,36,Straight Line
AS0000868904,0,Damoda Drone Battery,PT AIM,Komponen Drone,Registered Asset,2025-06-18,1655220.72,413805.18,1241415.54,36,Straight Line
AS0000868905,0,Damoda Drone Battery,PT AIM,Komponen Drone,Registered Asset,2025-06-18,1655220.72,413805.18,1241415.54,36,Straight Line
AS0000868906,0,Damoda Drone Battery,PT AIM,Komponen Drone,Registered Asset,2025-06-18,1655220.72,413805.18,1241415.54,36,Straight Line
AS0000868907,0,Damoda Drone Battery,PT AIM,Komponen Drone,Registered Asset,2025-06-18,1655220.72,413805.18,1241415.54,36,Straight Line
AS0000868908,0,Damoda Drone Battery,PT AIM,Komponen Drone,Registered Asset,2025-06-18,1655220.72,413805.18,1241415.54,36,Straight Line
AS0000868909,0,Damoda Drone Battery,PT AIM,Komponen Drone,Registered Asset,2025-06-18,1655220.72,413805.18,1241415.54,36,Straight Line
AS0000868910,0,Damoda Drone Battery,PT AIM,Komponen Drone,Registered Asset,2025-06-18,1655220.72,413805.18,1241415.54,36,Straight Line
AS0000868911,0,Damoda Drone Battery,PT AIM,Komponen Drone,Registered Asset,2025-06-18,1655220.72,413805.18,1241415.54,36,Straight Line
AS0000868912,0,Damoda Drone Battery,PT AIM,Komponen Drone,Registered Asset,2025-06-18,1655220.72,413805.18,1241415.54,36,Straight Line
AS0000868913,0,Damoda Drone Battery,PT AIM,Komponen Drone,Registered Asset,2025-06-18,1655220.72,413805.18,1241415.54,36,Straight Line
AS0000868914,0,Damoda Drone Battery,PT AIM,Komponen Drone,Registered Asset,2025-06-18,1655220.72,413805.18,1241415.54,36,Straight Line
AS0000868915,0,Damoda Drone Battery,PT AIM,Komponen Drone,Registered Asset,2025-06-18,1655220.72,413805.18,1241415.54,36,Straight Line
AS0000868916,0,Damoda Drone Battery,PT AIM,Komponen Drone,Registered Asset,2025-06-18,1655220.72,413805.18,1241415.54,36,Straight Line
AS0000868917,0,Damoda Drone Battery,PT AIM,Komponen Drone,Registered Asset,2025-06-18,1655220.72,413805.18,1241415.54,36,Straight Line
AS0000868918,0,Damoda Drone Battery,PT AIM,Komponen Drone,Registered Asset,2025-06-18,1655220.72,413805.18,1241415.54,36,Straight Line
AS0000868919,0,Damoda Drone Battery,PT AIM,Komponen Drone,Registered Asset,2025-06-18,1655220.72,413805.18,1241415.54,36,Straight Line
AS0000868920,0,Damoda Drone Battery,PT AIM,Komponen Drone,Registered Asset,2025-06-18,1655220.72,413805.18,1241415.54,36,Straight Line
AS0000868921,0,Damoda Drone Battery,PT AIM,Komponen Drone,Registered Asset,2025-06-18,1655220.72,413805.18,1241415.54,36,Straight Line
AS0000868922,0,Damoda Drone Battery,PT AIM,Komponen Drone,Registered Asset,2025-06-18,1655220.72,413805.18,1241415.54,36,Straight Line
AS0000868923,0,Damoda Drone Battery,PT AIM,Komponen Drone,Registered Asset,2025-06-18,1655220.72,413805.18,1241415.54,36,Straight Line
AS0000868924,0,Damoda Drone Battery,PT AIM,Komponen Drone,Registered Asset,2025-06-18,1655220.72,413805.18,1241415.54,36,Straight Line
AS0000868925,0,Damoda Drone Battery,PT AIM,Komponen Drone,Registered Asset,2025-06-18,1655220.72,413805.18,1241415.54,36,Straight Line
AS0000868926,0,Damoda Drone Battery,PT AIM,Komponen Drone,Registered Asset,2025-06-18,1655220.72,413805.18,1241415.54,36,Straight Line
AS0000868927,0,Damoda Drone Battery,PT AIM,Komponen Drone,Registered Asset,2025-06-18,1655220.72,413805.18,1241415.54,36,Straight Line
AS0000868928,0,Damoda Drone Battery,PT AIM,Komponen Drone,Registered Asset,2025-06-18,1655220.72,413805.18,1241415.54,36,Straight Line
AS0000868929,0,Damoda Drone Battery,PT AIM,Komponen Drone,Registered Asset,2025-06-18,1655220.72,413805.18,1241415.54,36,Straight Line
AS0000868930,0,Damoda Drone Battery,PT AIM,Komponen Drone,Registered Asset,2025-06-18,1655220.72,413805.18,1241415.54,36,Straight Line
AS0000868931,0,Damoda Drone Battery,PT AIM,Komponen Drone,Registered Asset,2025-06-18,1655220.72,413805.18,1241415.54,36,Straight Line
AS0000868932,0,Damoda Drone Battery,PT AIM,Komponen Drone,Registered Asset,2025-06-18,1655220.72,413805.18,1241415.54,36,Straight Line
AS0000868933,0,Damoda Drone Battery,PT AIM,Komponen Drone,Registered Asset,2025-06-18,1655220.72,413805.18,1241415.54,36,Straight Line
AS0000868934,0,Damoda Drone Battery,PT AIM,Komponen Drone,Registered Asset,2025-06-18,1655220.72,413805.18,1241415.54,36,Straight Line
AS0000868935,0,Damoda Drone Battery,PT AIM,Komponen Drone,Registered Asset,2025-06-18,1655220.72,413805.18,1241415.54,36,Straight Line
AS0000868936,0,Damoda Drone Battery,PT AIM,Komponen Drone,Registered Asset,2025-06-18,1655220.72,413805.18,1241415.54,36,Straight Line
AS0000868937,0,Damoda Drone Battery,PT AIM,Komponen Drone,Registered Asset,2025-06-18,1655220.72,413805.18,1241415.54,36,Straight Line
AS0000868938,0,Damoda Drone Battery,PT AIM,Komponen Drone,Registered Asset,2025-06-18,1655220.72,413805.18,1241415.54,36,Straight Line
AS0000868939,0,Damoda Drone Battery,PT AIM,Komponen Drone,Registered Asset,2025-06-18,1655220.72,413805.18,1241415.54,36,Straight Line
AS0000868940,0,Damoda Drone Battery,PT AIM,Komponen Drone,Registered Asset,2025-06-18,1655220.72,413805.18,1241415.54,36,Straight Line
AS0000868941,0,Damoda Drone Battery,PT AIM,Komponen Drone,Registered Asset,2025-06-18,1655220.72,413805.18,1241415.54,36,Straight Line
AS0000868942,0,Damoda Drone Battery,PT AIM,Komponen Drone,Registered Asset,2025-06-18,1655220.72,413805.18,1241415.54,36,Straight Line
AS0000868943,0,Damoda Drone Battery,PT AIM,Komponen Drone,Registered Asset,2025-06-18,1655220.72,413805.18,1241415.54,36,Straight Line
AS0000868944,0,Damoda Drone Battery,PT AIM,Komponen Drone,Registered Asset,2025-06-18,1655220.72,413805.18,1241415.54,36,Straight Line
AS0000868945,0,Damoda Drone Battery,PT AIM,Komponen Drone,Registered Asset,2025-06-18,1655220.72,413805.18,1241415.54,36,Straight Line
AS0000868946,0,Damoda Drone Battery,PT AIM,Komponen Drone,Registered Asset,2025-06-18,1655220.72,413805.18,1241415.54,36,Straight Line
AS0000868947,0,Damoda Drone Battery,PT AIM,Komponen Drone,Registered Asset,2025-06-18,1655220.72,413805.18,1241415.54,36,Straight Line
AS0000868948,0,Damoda Drone Battery,PT AIM,Komponen Drone,Registered Asset,2025-06-18,1655220.72,413805.18,1241415.54,36,Straight Line
AS0000868949,0,Damoda Drone Battery,PT AIM,Komponen Drone,Registered Asset,2025-06-18,1655220.72,413805.18,1241415.54,36,Straight Line
AS0000868950,0,Damoda Drone Battery,PT AIM,Komponen Drone,Registered Asset,2025-06-18,1655220.72,413805.18,1241415.54,36,Straight Line
AS0000868951,0,Damoda Drone Battery,PT AIM,Komponen Drone,Registered Asset,2025-06-18,1655220.72,413805.18,1241415.54,36,Straight Line
AS0000868952,0,Damoda Drone Battery,PT AIM,Komponen Drone,Registered Asset,2025-06-18,1655220.72,413805.18,1241415.54,36,Straight Line
AS0000868953,0,Damoda Drone Battery,PT AIM,Komponen Drone,Registered Asset,2025-06-18,1655220.72,413805.18,1241415.54,36,Straight Line
AS0000868954,0,Damoda Drone Battery,PT AIM,Komponen Drone,Registered Asset,2025-06-18,1655220.72,413805.18,1241415.54,36,Straight Line
AS0000868955,0,Damoda Drone Battery,PT AIM,Komponen Drone,Registered Asset,2025-06-18,1655220.72,413805.18,1241415.54,36,Straight Line
AS0000868956,0,Damoda Drone Battery,PT AIM,Komponen Drone,Registered Asset,2025-06-18,1655220.72,413805.18,1241415.54,36,Straight Line
AS0000868957,0,Damoda Drone Battery,PT AIM,Komponen Drone,Registered Asset,2025-06-18,1655220.72,413805.18,1241415.54,36,Straight Line
AS0000868958,0,Damoda Drone Battery,PT AIM,Komponen Drone,Registered Asset,2025-06-18,1655220.72,413805.18,1241415.54,36,Straight Line
AS0000868959,0,Damoda Drone Battery,PT AIM,Komponen Drone,Registered Asset,2025-06-18,1655220.72,413805.18,1241415.54,36,Straight Line
AS0000868960,0,Damoda Drone Battery,PT AIM,Komponen Drone,Registered Asset,2025-06-18,1655220.72,413805.18,1241415.54,36,Straight Line
AS0000868961,0,Damoda Drone Battery,PT AIM,Komponen Drone,Registered Asset,2025-06-18,1655220.72,413805.18,1241415.54,36,Straight Line
AS0000868962,0,Damoda Drone Battery,PT AIM,Komponen Drone,Registered Asset,2025-06-18,1655220.72,413805.18,1241415.54,36,Straight Line
AS0000868963,0,Damoda Drone Battery,PT AIM,Komponen Drone,Registered Asset,2025-06-18,1655220.72,413805.18,1241415.54,36,Straight Line
AS0000868964,0,Damoda Drone Battery,PT AIM,Komponen Drone,Registered Asset,2025-06-18,1655220.72,413805.18,1241415.54,36,Straight Line
AS0000868965,0,Damoda Drone Battery,PT AIM,Komponen Drone,Registered Asset,2025-06-18,1655220.72,413805.18,1241415.54,36,Straight Line
AS0000868966,0,Damoda Drone Battery,PT AIM,Komponen Drone,Registered Asset,2025-06-18,1655220.72,413805.18,1241415.54,36,Straight Line
AS0000868967,0,Damoda Drone Battery,PT AIM,Komponen Drone,Registered Asset,2025-06-18,1655220.72,413805.18,1241415.54,36,Straight Line
AS0000868968,0,Damoda Drone Battery,PT AIM,Komponen Drone,Registered Asset,2025-06-18,1655220.72,413805.18,1241415.54,36,Straight Line
AS0000868969,0,Damoda Drone Battery,PT AIM,Komponen Drone,Registered Asset,2025-06-18,1655220.72,413805.18,1241415.54,36,Straight Line
AS0000868970,0,Damoda Drone Battery,PT AIM,Komponen Drone,Registered Asset,2025-06-18,1655220.72,413805.18,1241415.54,36,Straight Line
AS0000868971,0,Damoda Drone Battery,PT AIM,Komponen Drone,Registered Asset,2025-06-18,1655220.72,413805.18,1241415.54,36,Straight Line
AS0000868972,0,Damoda Drone Battery,PT AIM,Komponen Drone,Registered Asset,2025-06-18,1655220.72,413805.18,1241415.54,36,Straight Line
AS0000868973,0,Damoda Drone Battery,PT AIM,Komponen Drone,Registered Asset,2025-06-18,1655220.72,413805.18,1241415.54,36,Straight Line
AS0000868974,0,Damoda Drone Battery,PT AIM,Komponen Drone,Registered Asset,2025-06-18,1655220.72,413805.18,1241415.54,36,Straight Line
AS0000868975,0,Damoda Drone Battery,PT AIM,Komponen Drone,Registered Asset,2025-06-18,1655220.72,413805.18,1241415.54,36,Straight Line
AS0000868976,0,Damoda Drone Battery,PT AIM,Komponen Drone,Registered Asset,2025-06-18,1655220.72,413805.18,1241415.54,36,Straight Line
AS0000868977,0,Damoda Drone Battery,PT AIM,Komponen Drone,Registered Asset,2025-06-18,1655220.72,413805.18,1241415.54,36,Straight Line
AS0000868978,0,Damoda Drone Battery,PT AIM,Komponen Drone,Registered Asset,2025-06-18,1655220.72,413805.18,1241415.54,36,Straight Line
AS0000868979,0,Damoda Drone Battery,PT AIM,Komponen Drone,Registered Asset,2025-06-18,1655220.72,413805.18,1241415.54,36,Straight Line
AS0000868980,0,Damoda Drone Battery,PT AIM,Komponen Drone,Registered Asset,2025-06-18,1655220.72,413805.18,1241415.54,36,Straight Line
AS0000868981,0,Damoda Drone Battery,PT AIM,Komponen Drone,Registered Asset,2025-06-18,1655220.72,413805.18,1241415.54,36,Straight Line
AS0000868982,0,Damoda Drone Battery,PT AIM,Komponen Drone,Registered Asset,2025-06-18,1655220.72,413805.18,1241415.54,36,Straight Line
AS0000868983,0,Damoda Drone Battery,PT AIM,Komponen Drone,Registered Asset,2025-06-18,1655220.72,413805.18,1241415.54,36,Straight Line
AS0000868984,0,Damoda Drone Battery,PT AIM,Komponen Drone,Registered Asset,2025-06-18,1655220.72,413805.18,1241415.54,36,Straight Line
AS0000868985,0,Damoda Drone Battery,PT AIM,Komponen Drone,Registered Asset,2025-06-18,1655220.72,413805.18,1241415.54,36,Straight Line
AS0000868986,0,Damoda Drone Battery,PT AIM,Komponen Drone,Registered Asset,2025-06-18,1655220.72,413805.18,1241415.54,36,Straight Line
AS0000868987,0,Damoda Drone Battery,PT AIM,Komponen Drone,Registered Asset,2025-06-18,1655220.72,413805.18,1241415.54,36,Straight Line
AS0000868988,0,Damoda Drone Battery,PT AIM,Komponen Drone,Registered Asset,2025-06-18,1655220.72,413805.18,1241415.54,36,Straight Line
AS0000868989,0,Damoda Drone Battery,PT AIM,Komponen Drone,Registered Asset,2025-06-18,1655220.72,413805.18,1241415.54,36,Straight Line
AS0000868990,0,Damoda Drone Battery,PT AIM,Komponen Drone,Registered Asset,2025-06-18,1655220.72,413805.18,1241415.54,36,Straight Line
AS0000868991,0,Damoda Drone Battery,PT AIM,Komponen Drone,Registered Asset,2025-06-18,1655220.72,413805.18,1241415.54,36,Straight Line
AS0000868992,0,Damoda Drone Battery,PT AIM,Komponen Drone,Registered Asset,2025-06-18,1655220.72,413805.18,1241415.54,36,Straight Line
AS0000868993,0,Damoda Drone Battery,PT AIM,Komponen Drone,Registered Asset,2025-06-18,1655220.72,413805.18,1241415.54,36,Straight Line
AS0000868994,0,Damoda Drone Battery,PT AIM,Komponen Drone,Registered Asset,2025-06-18,1655220.72,413805.18,1241415.54,36,Straight Line
AS0000868995,0,Damoda Drone Battery,PT AIM,Komponen Drone,Registered Asset,2025-06-18,1655220.72,413805.18,1241415.54,36,Straight Line
AS0000868996,0,Damoda Drone Battery,PT AIM,Komponen Drone,Registered Asset,2025-06-18,1655220.72,413805.18,1241415.54,36,Straight Line
AS0000868997,0,Damoda Drone Battery,PT AIM,Komponen Drone,Registered Asset,2025-06-18,1655220.72,413805.18,1241415.54,36,Straight Line
AS0000868998,0,Damoda Drone Battery,PT AIM,Komponen Drone,Registered Asset,2025-06-18,1655220.72,413805.18,1241415.54,36,Straight Line
AS0000868999,0,Damoda Drone Battery,PT AIM,Komponen Drone,Registered Asset,2025-06-18,1655220.72,413805.18,1241415.54,36,Straight Line
AS0000869000,0,Damoda Drone Battery,PT AIM,Komponen Drone,Registered Asset,2025-06-18,1655220.72,413805.18,1241415.54,36,Straight Line
AS0000869001,0,Damoda Drone Battery,PT AIM,Komponen Drone,Registered Asset,2025-06-18,1655220.72,413805.18,1241415.54,36,Straight Line
AS0000869002,0,Damoda Drone Battery,PT AIM,Komponen Drone,Registered Asset,2025-06-18,1655220.72,413805.18,1241415.54,36,Straight Line
AS0000869003,0,Damoda Drone Battery,PT AIM,Komponen Drone,Registered Asset,2025-06-18,1655220.72,413805.18,1241415.54,36,Straight Line
AS0000869004,0,Damoda Drone Battery,PT AIM,Komponen Drone,Registered Asset,2025-06-18,1655220.72,413805.18,1241415.54,36,Straight Line
AS0000869005,0,Damoda Drone Battery,PT AIM,Komponen Drone,Registered Asset,2025-06-18,1655220.72,413805.18,1241415.54,36,Straight Line
AS0000869006,0,Damoda Drone Battery,PT AIM,Komponen Drone,Registered Asset,2025-06-18,1655220.72,413805.18,1241415.54,36,Straight Line
AS0000869007,0,Damoda Drone Battery,PT AIM,Komponen Drone,Registered Asset,2025-06-18,1655220.72,413805.18,1241415.54,36,Straight Line
AS0000869008,0,Damoda Drone Battery,PT AIM,Komponen Drone,Registered Asset,2025-06-18,1655220.72,413805.18,1241415.54,36,Straight Line
AS0000869009,0,Damoda Drone Battery,PT AIM,Komponen Drone,Registered Asset,2025-06-18,1655220.72,413805.18,1241415.54,36,Straight Line
AS0000869010,0,Damoda Drone Battery,PT AIM,Komponen Drone,Registered Asset,2025-06-18,1655220.72,413805.18,1241415.54,36,Straight Line
AS0000869011,0,Damoda Drone Battery,PT AIM,Komponen Drone,Registered Asset,2025-06-18,1655220.72,413805.18,1241415.54,36,Straight Line
AS0000869012,0,Damoda Drone Battery,PT AIM,Komponen Drone,Registered Asset,2025-06-18,1655220.72,413805.18,1241415.54,36,Straight Line
AS0000869013,0,Damoda Drone Battery,PT AIM,Komponen Drone,Registered Asset,2025-06-18,1655220.72,413805.18,1241415.54,36,Straight Line
AS0000869014,0,Damoda Drone Battery,PT AIM,Komponen Drone,Registered Asset,2025-06-18,1655220.72,413805.18,1241415.54,36,Straight Line
AS0000869015,0,Damoda Drone Battery,PT AIM,Komponen Drone,Registered Asset,2025-06-18,1655220.72,413805.18,1241415.54,36,Straight Line
AS0000869016,0,Damoda Drone Battery,PT AIM,Komponen Drone,Registered Asset,2025-06-18,1655220.72,413805.18,1241415.54,36,Straight Line
AS0000869017,0,Damoda Drone Battery,PT AIM,Komponen Drone,Registered Asset,2025-06-18,1655220.72,413805.18,1241415.54,36,Straight Line
AS0000869018,0,Damoda Drone Battery,PT AIM,Komponen Drone,Registered Asset,2025-06-18,1655220.72,413805.18,1241415.54,36,Straight Line
AS0000869019,0,Damoda Drone Battery,PT AIM,Komponen Drone,Registered Asset,2025-06-18,1655220.72,413805.18,1241415.54,36,Straight Line
AS0000869020,0,Damoda Drone Battery,PT AIM,Komponen Drone,Registered Asset,2025-06-18,1655220.72,413805.18,1241415.54,36,Straight Line
AS0000869021,0,Damoda Drone Battery,PT AIM,Komponen Drone,Registered Asset,2025-06-18,1655220.72,413805.18,1241415.54,36,Straight Line
AS0000869022,0,Damoda Drone Battery,PT AIM,Komponen Drone,Registered Asset,2025-06-18,1655220.72,413805.18,1241415.54,36,Straight Line
AS0000869023,0,Damoda Drone Battery,PT AIM,Komponen Drone,Registered Asset,2025-06-18,1655220.72,413805.18,1241415.54,36,Straight Line
AS0000869024,0,Damoda Drone Battery,PT AIM,Komponen Drone,Registered Asset,2025-06-18,1655220.72,413805.18,1241415.54,36,Straight Line
AS0000869025,0,Damoda Drone Battery,PT AIM,Komponen Drone,Registered Asset,2025-06-18,1655220.72,413805.18,1241415.54,36,Straight Line
AS0000869026,0,Damoda Drone Battery,PT AIM,Komponen Drone,Registered Asset,2025-06-18,1655220.72,413805.18,1241415.54,36,Straight Line
AS0000869027,0,Damoda Drone Battery,PT AIM,Komponen Drone,Registered Asset,2025-06-18,1655220.72,413805.18,1241415.54,36,Straight Line
AS0000869028,0,Damoda Drone Battery,PT AIM,Komponen Drone,Registered Asset,2025-06-18,1655220.72,413805.18,1241415.54,36,Straight Line
AS0000869029,0,Damoda Drone Battery,PT AIM,Komponen Drone,Registered Asset,2025-06-18,1655220.72,413805.18,1241415.54,36,Straight Line
AS0000869030,0,Damoda Drone Battery,PT AIM,Komponen Drone,Registered Asset,2025-06-18,1655220.72,413805.18,1241415.54,36,Straight Line
AS0000869031,0,Damoda Drone Battery,PT AIM,Komponen Drone,Registered Asset,2025-06-18,1655220.72,413805.18,1241415.54,36,Straight Line
AS0000869032,0,Damoda Drone Battery,PT AIM,Komponen Drone,Registered Asset,2025-06-18,1655220.72,413805.18,1241415.54,36,Straight Line
AS0000869033,0,Damoda Drone Battery,PT AIM,Komponen Drone,Registered Asset,2025-06-18,1655220.72,413805.18,1241415.54,36,Straight Line
AS0000869034,0,Damoda Drone Battery,PT AIM,Komponen Drone,Registered Asset,2025-06-18,1655220.72,413805.18,1241415.54,36,Straight Line
AS0000869035,0,Damoda Drone Battery,PT AIM,Komponen Drone,Registered Asset,2025-06-18,1655220.72,413805.18,1241415.54,36,Straight Line
AS0000869036,0,Damoda Drone Battery,PT AIM,Komponen Drone,Registered Asset,2025-06-18,1655220.72,413805.18,1241415.54,36,Straight Line
AS0000869037,0,Damoda Drone Battery,PT AIM,Komponen Drone,Registered Asset,2025-06-18,1655220.72,413805.18,1241415.54,36,Straight Line
AS0000869038,0,Damoda Drone Battery,PT AIM,Komponen Drone,Registered Asset,2025-06-18,1655220.72,413805.18,1241415.54,36,Straight Line
AS0000869039,0,Damoda Drone Battery,PT AIM,Komponen Drone,Registered Asset,2025-06-18,1655220.72,413805.18,1241415.54,36,Straight Line
AS0000869040,0,Damoda Drone Battery,PT AIM,Komponen Drone,Registered Asset,2025-06-18,1655220.72,413805.18,1241415.54,36,Straight Line
AS0000869041,0,Damoda Drone Battery,PT AIM,Komponen Drone,Registered Asset,2025-06-18,1655220.72,413805.18,1241415.54,36,Straight Line
AS0000869042,0,Damoda Drone Battery,PT AIM,Komponen Drone,Registered Asset,2025-06-18,1655220.72,413805.18,1241415.54,36,Straight Line
AS0000869043,0,Damoda Drone Battery,PT AIM,Komponen Drone,Registered Asset,2025-06-18,1655220.72,413805.18,1241415.54,36,Straight Line
AS0000869044,0,Damoda Drone Battery,PT AIM,Komponen Drone,Registered Asset,2025-06-18,1655220.72,413805.18,1241415.54,36,Straight Line
AS0000869045,0,Damoda Drone Battery,PT AIM,Komponen Drone,Registered Asset,2025-06-18,1655220.72,413805.18,1241415.54,36,Straight Line
AS0000869046,0,Damoda Drone Battery,PT AIM,Komponen Drone,Registered Asset,2025-06-18,1655220.72,413805.18,1241415.54,36,Straight Line
AS0000869047,0,Damoda Drone Battery,PT AIM,Komponen Drone,Registered Asset,2025-06-18,1655220.72,413805.18,1241415.54,36,Straight Line
AS0000869048,0,Damoda Drone Battery,PT AIM,Komponen Drone,Registered Asset,2025-06-18,1655220.72,413805.18,1241415.54,36,Straight Line
AS0000869049,0,Damoda Drone Battery,PT AIM,Komponen Drone,Registered Asset,2025-06-18,1655220.72,413805.18,1241415.54,36,Straight Line
AS0000869050,0,Damoda Drone Battery,PT AIM,Komponen Drone,Registered Asset,2025-06-18,1655220.72,413805.18,1241415.54,36,Straight Line
AS0000869051,0,Damoda Drone Battery,PT AIM,Komponen Drone,Registered Asset,2025-06-18,1655220.72,413805.18,1241415.54,36,Straight Line
AS0000869052,0,Damoda Drone Battery,PT AIM,Komponen Drone,Registered Asset,2025-06-18,1655220.72,413805.18,1241415.54,36,Straight Line
AS0000869053,0,Damoda Drone Battery,PT AIM,Komponen Drone,Registered Asset,2025-06-18,1655220.72,413805.18,1241415.54,36,Straight Line
AS0000869054,0,Damoda Drone Battery,PT AIM,Komponen Drone,Registered Asset,2025-06-18,1655220.72,413805.18,1241415.54,36,Straight Line
AS0000869055,0,Damoda Drone Battery,PT AIM,Komponen Drone,Registered Asset,2025-06-18,1655220.72,413805.18,1241415.54,36,Straight Line
AS0000869056,0,Damoda Drone Battery,PT AIM,Komponen Drone,Registered Asset,2025-06-18,1655220.72,413805.18,1241415.54,36,Straight Line
AS0000869057,0,Damoda Drone Battery,PT AIM,Komponen Drone,Registered Asset,2025-06-18,1655220.72,413805.18,1241415.54,36,Straight Line
AS0000869058,0,Damoda Drone Battery,PT AIM,Komponen Drone,Registered Asset,2025-06-18,1655220.72,413805.18,1241415.54,36,Straight Line
AS0000869059,0,Damoda Drone Battery,PT AIM,Komponen Drone,Registered Asset,2025-06-18,1655220.72,413805.18,1241415.54,36,Straight Line
AS0000869060,0,Damoda Drone Battery,PT AIM,Komponen Drone,Registered Asset,2025-06-18,1655220.72,413805.18,1241415.54,36,Straight Line
AS0000869061,0,Damoda Drone Battery,PT AIM,Komponen Drone,Registered Asset,2025-06-18,1655220.72,413805.18,1241415.54,36,Straight Line
AS0000869062,0,Damoda Drone Battery,PT AIM,Komponen Drone,Registered Asset,2025-06-18,1655220.72,413805.18,1241415.54,36,Straight Line
AS0000869063,0,Damoda Drone Battery,PT AIM,Komponen Drone,Registered Asset,2025-06-18,1655220.72,413805.18,1241415.54,36,Straight Line
AS0000869064,0,Damoda Drone Battery,PT AIM,Komponen Drone,Registered Asset,2025-06-18,1655220.72,413805.18,1241415.54,36,Straight Line
AS0000869065,0,Damoda Drone Battery,PT AIM,Komponen Drone,Registered Asset,2025-06-18,1655220.72,413805.18,1241415.54,36,Straight Line
AS0000869066,0,Damoda Drone Battery,PT AIM,Komponen Drone,Registered Asset,2025-06-18,1655220.72,413805.18,1241415.54,36,Straight Line
AS0000869067,0,Damoda Drone Battery,PT AIM,Komponen Drone,Registered Asset,2025-06-18,1655220.72,413805.18,1241415.54,36,Straight Line
AS0000869068,0,Damoda Drone Battery,PT AIM,Komponen Drone,Registered Asset,2025-06-18,1655220.72,413805.18,1241415.54,36,Straight Line
AS0000869069,0,Damoda Drone Battery,PT AIM,Komponen Drone,Registered Asset,2025-06-18,1655220.72,413805.18,1241415.54,36,Straight Line
AS0000869070,0,Damoda Drone Battery,PT AIM,Komponen Drone,Registered Asset,2025-06-18,1655220.72,413805.18,1241415.54,36,Straight Line
AS0000869071,0,Damoda Drone Battery,PT AIM,Komponen Drone,Registered Asset,2025-06-18,1655220.72,413805.18,1241415.54,36,Straight Line
AS0000869072,0,Damoda Drone Battery,PT AIM,Komponen Drone,Registered Asset,2025-06-18,1655220.72,413805.18,1241415.54,36,Straight Line
AS0000869073,0,Damoda Drone Battery,PT AIM,Komponen Drone,Registered Asset,2025-06-18,1655220.72,413805.18,1241415.54,36,Straight Line
AS0000869074,0,Damoda Drone Battery,PT AIM,Komponen Drone,Registered Asset,2025-06-18,1655220.72,413805.18,1241415.54,36,Straight Line
AS0000869075,0,Damoda Drone Battery,PT AIM,Komponen Drone,Registered Asset,2025-06-18,1655220.72,413805.18,1241415.54,36,Straight Line
AS0000869076,0,Damoda Drone Battery,PT AIM,Komponen Drone,Registered Asset,2025-06-18,1655220.72,413805.18,1241415.54,36,Straight Line
AS0000869077,0,Damoda Drone Battery,PT AIM,Komponen Drone,Registered Asset,2025-06-18,1655220.72,413805.18,1241415.54,36,Straight Line
AS0000869078,0,Damoda Drone Battery,PT AIM,Komponen Drone,Registered Asset,2025-06-18,1655220.72,413805.18,1241415.54,36,Straight Line
AS0000869079,0,Damoda Drone Battery,PT AIM,Komponen Drone,Registered Asset,2025-06-18,1655220.72,413805.18,1241415.54,36,Straight Line
AS0000869080,0,Damoda Drone Battery,PT AIM,Komponen Drone,Registered Asset,2025-06-18,1655220.72,413805.18,1241415.54,36,Straight Line
AS0000869081,0,Damoda Drone Battery,PT AIM,Komponen Drone,Registered Asset,2025-06-18,1655220.72,413805.18,1241415.54,36,Straight Line
AS0000869082,0,Damoda Drone Battery,PT AIM,Komponen Drone,Registered Asset,2025-06-18,1655220.72,413805.18,1241415.54,36,Straight Line
AS0000869083,0,Damoda Drone Battery,PT AIM,Komponen Drone,Registered Asset,2025-06-18,1655220.72,413805.18,1241415.54,36,Straight Line
AS0000869084,0,Damoda Drone Battery,PT AIM,Komponen Drone,Registered Asset,2025-06-18,1655220.72,413805.18,1241415.54,36,Straight Line
AS0000869085,0,Damoda Drone Battery,PT AIM,Komponen Drone,Registered Asset,2025-06-18,1655220.72,413805.18,1241415.54,36,Straight Line
AS0000869086,0,Damoda Drone Battery,PT AIM,Komponen Drone,Registered Asset,2025-06-18,1655220.72,413805.18,1241415.54,36,Straight Line
AS0000869087,0,Damoda Drone Battery,PT AIM,Komponen Drone,Registered Asset,2025-06-18,1655220.72,413805.18,1241415.54,36,Straight Line
AS0000869088,0,Damoda Drone Battery,PT AIM,Komponen Drone,Registered Asset,2025-06-18,1655220.72,413805.18,1241415.54,36,Straight Line
AS0000869089,0,Damoda Drone Battery,PT AIM,Komponen Drone,Registered Asset,2025-06-18,1655220.72,413805.18,1241415.54,36,Straight Line
AS0000869090,0,Damoda Drone Battery,PT AIM,Komponen Drone,Registered Asset,2025-06-18,1655220.72,413805.18,1241415.54,36,Straight Line
AS0000869091,0,Damoda Drone Battery,PT AIM,Komponen Drone,Registered Asset,2025-06-18,1655220.72,413805.18,1241415.54,36,Straight Line
AS0000869092,0,Damoda Drone Battery,PT AIM,Komponen Drone,Registered Asset,2025-06-18,1655220.72,413805.18,1241415.54,36,Straight Line
AS0000869093,0,Damoda Drone Battery,PT AIM,Komponen Drone,Registered Asset,2025-06-18,1655220.72,413805.18,1241415.54,36,Straight Line
AS0000869094,0,Damoda Drone Battery,PT AIM,Komponen Drone,Registered Asset,2025-06-18,1655220.72,413805.18,1241415.54,36,Straight Line
AS0000869095,0,Damoda Drone Battery,PT AIM,Komponen Drone,Registered Asset,2025-06-18,1655220.72,413805.18,1241415.54,36,Straight Line
AS0000869096,0,Damoda Drone Battery,PT AIM,Komponen Drone,Registered Asset,2025-06-18,1655220.72,413805.18,1241415.54,36,Straight Line
AS0000869097,0,Damoda Drone Battery,PT AIM,Komponen Drone,Registered Asset,2025-06-18,1655220.72,413805.18,1241415.54,36,Straight Line
AS0000869098,0,Damoda Drone Battery,PT AIM,Komponen Drone,Registered Asset,2025-06-18,1655220.72,413805.18,1241415.54,36,Straight Line
AS0000869099,0,Damoda Drone Battery,PT AIM,Komponen Drone,Registered Asset,2025-06-18,1655220.72,413805.18,1241415.54,36,Straight Line
AS0000869100,0,Damoda Drone Battery,PT AIM,Komponen Drone,Registered Asset,2025-06-18,1655220.72,413805.18,1241415.54,36,Straight Line
AS0000869101,0,Damoda Drone Battery,PT AIM,Komponen Drone,Registered Asset,2025-06-18,1655220.72,413805.18,1241415.54,36,Straight Line
AS0000869102,0,Damoda Drone Battery,PT AIM,Komponen Drone,Registered Asset,2025-06-18,1655220.72,413805.18,1241415.54,36,Straight Line
AS0000869103,0,Damoda Drone Battery,PT AIM,Komponen Drone,Registered Asset,2025-06-18,1655220.72,413805.18,1241415.54,36,Straight Line
AS0000869104,0,Damoda Drone Battery,PT AIM,Komponen Drone,Registered Asset,2025-06-18,1655220.72,413805.18,1241415.54,36,Straight Line
AS0000869105,0,Damoda Drone Battery,PT AIM,Komponen Drone,Registered Asset,2025-06-18,1655220.72,413805.18,1241415.54,36,Straight Line
AS0000869106,0,Damoda Drone Battery,PT AIM,Komponen Drone,Registered Asset,2025-06-18,1655220.72,413805.18,1241415.54,36,Straight Line
AS0000869107,0,Damoda Drone Battery,PT AIM,Komponen Drone,Registered Asset,2025-06-18,1655220.72,413805.18,1241415.54,36,Straight Line
AS0000869108,0,Damoda Drone Battery,PT AIM,Komponen Drone,Registered Asset,2025-06-18,1655220.72,413805.18,1241415.54,36,Straight Line
AS0000869109,0,Damoda Drone Battery,PT AIM,Komponen Drone,Registered Asset,2025-06-18,1655220.72,413805.18,1241415.54,36,Straight Line
AS0000869110,0,Damoda Drone Battery,PT AIM,Komponen Drone,Registered Asset,2025-06-18,1655220.72,413805.18,1241415.54,36,Straight Line
AS0000869111,0,Damoda Drone Battery,PT AIM,Komponen Drone,Registered Asset,2025-06-18,1655220.72,413805.18,1241415.54,36,Straight Line
AS0000869112,0,Damoda Drone Battery,PT AIM,Komponen Drone,Registered Asset,2025-06-18,1655220.72,413805.18,1241415.54,36,Straight Line
AS0000869113,0,Damoda Drone Battery,PT AIM,Komponen Drone,Registered Asset,2025-06-18,1655220.72,413805.18,1241415.54,36,Straight Line
AS0000869114,0,Damoda Drone Battery,PT AIM,Komponen Drone,Registered Asset,2025-06-18,1655220.72,413805.18,1241415.54,36,Straight Line
AS0000869115,0,Damoda Drone Battery,PT AIM,Komponen Drone,Registered Asset,2025-06-18,1655220.72,413805.18,1241415.54,36,Straight Line
AS0000869116,0,Damoda Drone Battery,PT AIM,Komponen Drone,Registered Asset,2025-06-18,1655220.72,413805.18,1241415.54,36,Straight Line
AS0000869117,0,Damoda Drone Battery,PT AIM,Komponen Drone,Registered Asset,2025-06-18,1655220.72,413805.18,1241415.54,36,Straight Line
AS0000869118,0,Damoda Drone Battery,PT AIM,Komponen Drone,Registered Asset,2025-06-18,1655220.72,413805.18,1241415.54,36,Straight Line
AS0000869119,0,Damoda Drone Battery,PT AIM,Komponen Drone,Registered Asset,2025-06-18,1655220.72,413805.18,1241415.54,36,Straight Line
AS0000869120,0,Damoda Drone Battery,PT AIM,Komponen Drone,Registered Asset,2025-06-18,1655220.72,413805.18,1241415.54,36,Straight Line
AS0000869121,0,Damoda Drone Battery,PT AIM,Komponen Drone,Registered Asset,2025-06-18,1655220.72,413805.18,1241415.54,36,Straight Line
AS0000869122,0,Damoda Drone Battery,PT AIM,Komponen Drone,Registered Asset,2025-06-18,1655220.72,413805.18,1241415.54,36,Straight Line
AS0000869123,0,Damoda Drone Battery,PT AIM,Komponen Drone,Registered Asset,2025-06-18,1655220.72,413805.18,1241415.54,36,Straight Line
AS0000869124,0,Damoda Drone Battery,PT AIM,Komponen Drone,Registered Asset,2025-06-18,1655220.72,413805.18,1241415.54,36,Straight Line
AS0000869125,0,Damoda Drone Battery,PT AIM,Komponen Drone,Registered Asset,2025-06-18,1655220.72,413805.18,1241415.54,36,Straight Line
AS0000869126,0,Damoda Drone Battery,PT AIM,Komponen Drone,Registered Asset,2025-06-18,1655220.72,413805.18,1241415.54,36,Straight Line
AS0000869127,0,Damoda Drone Battery,PT AIM,Komponen Drone,Registered Asset,2025-06-18,1655220.72,413805.18,1241415.54,36,Straight Line
AS0000869128,0,Damoda Drone Battery,PT AIM,Komponen Drone,Registered Asset,2025-06-18,1655220.72,413805.18,1241415.54,36,Straight Line
AS0000869129,0,Damoda Drone Battery,PT AIM,Komponen Drone,Registered Asset,2025-06-18,1655220.72,413805.18,1241415.54,36,Straight Line
AS0000869130,0,Damoda Drone Battery,PT AIM,Komponen Drone,Registered Asset,2025-06-18,1655220.72,413805.18,1241415.54,36,Straight Line
AS0000869131,0,Damoda Drone Battery,PT AIM,Komponen Drone,Registered Asset,2025-06-18,1655220.72,413805.18,1241415.54,36,Straight Line
AS0000869132,0,Damoda Drone Battery,PT AIM,Komponen Drone,Registered Asset,2025-06-18,1655220.72,413805.18,1241415.54,36,Straight Line
AS0000869133,0,Damoda Drone Battery,PT AIM,Komponen Drone,Registered Asset,2025-06-18,1655220.72,413805.18,1241415.54,36,Straight Line
AS0000869134,0,Damoda Drone Battery,PT AIM,Komponen Drone,Registered Asset,2025-06-18,1655220.72,413805.18,1241415.54,36,Straight Line
AS0000869135,0,Damoda Drone Battery,PT AIM,Komponen Drone,Registered Asset,2025-06-18,1655220.72,413805.18,1241415.54,36,Straight Line
AS0000869136,0,Damoda Drone Battery,PT AIM,Komponen Drone,Registered Asset,2025-06-18,1655220.72,413805.18,1241415.54,36,Straight Line
AS0000869137,0,Damoda Drone Battery,PT AIM,Komponen Drone,Registered Asset,2025-06-18,1655220.72,413805.18,1241415.54,36,Straight Line
AS0000869138,0,Damoda Drone Battery,PT AIM,Komponen Drone,Registered Asset,2025-06-18,1655220.72,413805.18,1241415.54,36,Straight Line
AS0000869139,0,Damoda Drone Battery,PT AIM,Komponen Drone,Registered Asset,2025-06-18,1655220.72,413805.18,1241415.54,36,Straight Line
AS0000869140,0,Damoda Drone Battery,PT AIM,Komponen Drone,Registered Asset,2025-06-18,1655220.72,413805.18,1241415.54,36,Straight Line
AS0000869141,0,Damoda Drone Battery,PT AIM,Komponen Drone,Registered Asset,2025-06-18,1655220.72,413805.18,1241415.54,36,Straight Line
AS0000869142,0,Damoda Drone Battery,PT AIM,Komponen Drone,Registered Asset,2025-06-18,1655220.72,413805.18,1241415.54,36,Straight Line
AS0000869143,0,Damoda Drone Battery,PT AIM,Komponen Drone,Registered Asset,2025-06-18,1655220.72,413805.18,1241415.54,36,Straight Line
AS0000869144,0,Damoda Drone Battery,PT AIM,Komponen Drone,Registered Asset,2025-06-18,1655220.72,413805.18,1241415.54,36,Straight Line
AS0000869145,0,Damoda Drone Battery,PT AIM,Komponen Drone,Registered Asset,2025-06-18,1655220.72,413805.18,1241415.54,36,Straight Line
AS0000869146,0,Damoda Drone Battery,PT AIM,Komponen Drone,Registered Asset,2025-06-18,1655220.72,413805.18,1241415.54,36,Straight Line
AS0000869147,0,Damoda Drone Battery,PT AIM,Komponen Drone,Registered Asset,2025-06-18,1655220.72,413805.18,1241415.54,36,Straight Line
AS0000869148,0,Damoda Drone Battery,PT AIM,Komponen Drone,Registered Asset,2025-06-18,1655220.72,413805.18,1241415.54,36,Straight Line
AS0000869149,0,Damoda Drone Battery,PT AIM,Komponen Drone,Registered Asset,2025-06-18,1655220.72,413805.18,1241415.54,36,Straight Line
AS0000869150,0,Damoda Drone Battery,PT AIM,Komponen Drone,Registered Asset,2025-06-18,1655220.72,413805.18,1241415.54,36,Straight Line
AS0000869151,0,Damoda Drone Battery,PT AIM,Komponen Drone,Registered Asset,2025-06-18,1655220.72,413805.18,1241415.54,36,Straight Line
AS0000869152,0,Damoda Drone Battery,PT AIM,Komponen Drone,Registered Asset,2025-06-18,1655220.72,413805.18,1241415.54,36,Straight Line
AS0000869153,0,Damoda Drone Battery,PT AIM,Komponen Drone,Registered Asset,2025-06-18,1655220.72,413805.18,1241415.54,36,Straight Line
AS0000869154,0,Damoda Drone Battery,PT AIM,Komponen Drone,Registered Asset,2025-06-18,1655220.72,413805.18,1241415.54,36,Straight Line
AS0000869155,0,Damoda Drone Battery,PT AIM,Komponen Drone,Registered Asset,2025-06-18,1655220.72,413805.18,1241415.54,36,Straight Line
AS0000869156,0,Damoda Drone Battery,PT AIM,Komponen Drone,Registered Asset,2025-06-18,1655220.72,413805.18,1241415.54,36,Straight Line
AS0000869157,0,Damoda Drone Battery,PT AIM,Komponen Drone,Registered Asset,2025-06-18,1655220.72,413805.18,1241415.54,36,Straight Line
AS0000869158,0,Damoda Drone Battery,PT AIM,Komponen Drone,Registered Asset,2025-06-18,1655220.72,413805.18,1241415.54,36,Straight Line
AS0000869159,0,Damoda Drone Battery,PT AIM,Komponen Drone,Registered Asset,2025-06-18,1655220.72,413805.18,1241415.54,36,Straight Line
AS0000869160,0,Damoda Drone Battery,PT AIM,Komponen Drone,Registered Asset,2025-06-18,1655220.72,413805.18,1241415.54,36,Straight Line
AS0000869161,0,Damoda Drone Battery,PT AIM,Komponen Drone,Registered Asset,2025-06-18,1655220.72,413805.18,1241415.54,36,Straight Line
AS0000869162,0,Damoda Drone Battery,PT AIM,Komponen Drone,Registered Asset,2025-06-18,1655220.72,413805.18,1241415.54,36,Straight Line
AS0000869163,0,Damoda Drone Battery,PT AIM,Komponen Drone,Registered Asset,2025-06-18,1655220.72,413805.18,1241415.54,36,Straight Line
AS0000869164,0,Damoda Drone Battery,PT AIM,Komponen Drone,Registered Asset,2025-06-18,1655220.72,413805.18,1241415.54,36,Straight Line
AS0000869165,0,Damoda Drone Battery,PT AIM,Komponen Drone,Registered Asset,2025-06-18,1655220.72,413805.18,1241415.54,36,Straight Line
AS0000869166,0,Damoda Drone Battery,PT AIM,Komponen Drone,Registered Asset,2025-06-18,1655220.72,413805.18,1241415.54,36,Straight Line
AS0000869167,0,Damoda Drone Battery,PT AIM,Komponen Drone,Registered Asset,2025-06-18,1655220.72,413805.18,1241415.54,36,Straight Line
AS0000869168,0,Damoda Drone Battery,PT AIM,Komponen Drone,Registered Asset,2025-06-18,1655220.72,413805.18,1241415.54,36,Straight Line
AS0000869169,0,Damoda Drone Battery,PT AIM,Komponen Drone,Registered Asset,2025-06-18,1655220.72,413805.18,1241415.54,36,Straight Line
AS0000869170,0,Damoda Drone Battery,PT AIM,Komponen Drone,Registered Asset,2025-06-18,1655220.72,413805.18,1241415.54,36,Straight Line
AS0000869171,0,Damoda Drone Battery,PT AIM,Komponen Drone,Registered Asset,2025-06-18,1655220.72,413805.18,1241415.54,36,Straight Line
AS0000869172,0,Damoda Drone Battery,PT AIM,Komponen Drone,Registered Asset,2025-06-18,1655220.72,413805.18,1241415.54,36,Straight Line
AS0000869173,0,Damoda Drone Battery,PT AIM,Komponen Drone,Registered Asset,2025-06-18,1655220.72,413805.18,1241415.54,36,Straight Line
AS0000869174,0,Damoda Drone Battery,PT AIM,Komponen Drone,Registered Asset,2025-06-18,1655220.72,413805.18,1241415.54,36,Straight Line
AS0000869175,0,Damoda Drone Battery,PT AIM,Komponen Drone,Registered Asset,2025-06-18,1655220.72,413805.18,1241415.54,36,Straight Line
AS0000869176,0,Damoda Drone Battery,PT AIM,Komponen Drone,Registered Asset,2025-06-18,1655220.72,413805.18,1241415.54,36,Straight Line
AS0000869177,0,Damoda Drone Battery,PT AIM,Komponen Drone,Registered Asset,2025-06-18,1655220.72,413805.18,1241415.54,36,Straight Line
AS0000869178,0,Damoda Drone Battery,PT AIM,Komponen Drone,Registered Asset,2025-06-18,1655220.72,413805.18,1241415.54,36,Straight Line
AS0000869179,0,Damoda Drone Battery,PT AIM,Komponen Drone,Registered Asset,2025-06-18,1655220.72,413805.18,1241415.54,36,Straight Line
AS0000869180,0,Damoda Drone Battery,PT AIM,Komponen Drone,Registered Asset,2025-06-18,1655220.72,413805.18,1241415.54,36,Straight Line
AS0000869181,0,Damoda Drone Battery,PT AIM,Komponen Drone,Registered Asset,2025-06-18,1655220.72,413805.18,1241415.54,36,Straight Line
AS0000869182,0,Damoda Drone Battery,PT AIM,Komponen Drone,Registered Asset,2025-06-18,1655220.72,413805.18,1241415.54,36,Straight Line
AS0000869183,0,Damoda Drone Battery,PT AIM,Komponen Drone,Registered Asset,2025-06-18,1655220.72,413805.18,1241415.54,36,Straight Line
AS0000869184,0,Damoda Drone Battery,PT AIM,Komponen Drone,Registered Asset,2025-06-18,1655220.72,413805.18,1241415.54,36,Straight Line
AS0000869185,0,Damoda Drone Battery,PT AIM,Komponen Drone,Registered Asset,2025-06-18,1655220.72,413805.18,1241415.54,36,Straight Line
AS0000869186,0,Damoda Drone Battery,PT AIM,Komponen Drone,Registered Asset,2025-06-18,1655220.72,413805.18,1241415.54,36,Straight Line
AS0000869187,0,Damoda Drone Battery,PT AIM,Komponen Drone,Registered Asset,2025-06-18,1655220.72,413805.18,1241415.54,36,Straight Line
AS0000869188,0,Damoda Drone Battery,PT AIM,Komponen Drone,Registered Asset,2025-06-18,1655220.72,413805.18,1241415.54,36,Straight Line
AS0000869189,0,Damoda Drone Battery,PT AIM,Komponen Drone,Registered Asset,2025-06-18,1655220.72,413805.18,1241415.54,36,Straight Line
AS0000869190,0,Damoda Drone Battery,PT AIM,Komponen Drone,Registered Asset,2025-06-18,1655220.72,413805.18,1241415.54,36,Straight Line
AS0000869191,0,Damoda Drone Battery,PT AIM,Komponen Drone,Registered Asset,2025-06-18,1655220.72,413805.18,1241415.54,36,Straight Line
AS0000869192,0,Damoda Drone Battery,PT AIM,Komponen Drone,Registered Asset,2025-06-18,1655220.72,413805.18,1241415.54,36,Straight Line
AS0000869193,0,Damoda Drone Battery,PT AIM,Komponen Drone,Registered Asset,2025-06-18,1655220.72,413805.18,1241415.54,36,Straight Line
AS0000869194,0,Damoda Drone Battery,PT AIM,Komponen Drone,Registered Asset,2025-06-18,1655220.72,413805.18,1241415.54,36,Straight Line
AS0000869195,0,Damoda Drone Battery,PT AIM,Komponen Drone,Registered Asset,2025-06-18,1655220.72,413805.18,1241415.54,36,Straight Line
AS0000869196,0,Damoda Drone Battery,PT AIM,Komponen Drone,Registered Asset,2025-06-18,1655220.72,413805.18,1241415.54,36,Straight Line
AS0000869197,0,Damoda Drone Battery,PT AIM,Komponen Drone,Registered Asset,2025-06-18,1655220.72,413805.18,1241415.54,36,Straight Line
AS0000869198,0,Damoda Drone Battery,PT AIM,Komponen Drone,Registered Asset,2025-06-18,1655220.72,413805.18,1241415.54,36,Straight Line
AS0000869199,0,Damoda Drone Battery,PT AIM,Komponen Drone,Registered Asset,2025-06-18,1655220.72,413805.18,1241415.54,36,Straight Line
AS0000869200,0,Damoda Drone Battery,PT AIM,Komponen Drone,Registered Asset,2025-06-18,1655220.72,413805.18,1241415.54,36,Straight Line
AS0000869201,0,Damoda Drone Battery,PT AIM,Komponen Drone,Registered Asset,2025-06-18,1655220.72,413805.18,1241415.54,36,Straight Line
AS0000869202,0,Damoda Drone Battery,PT AIM,Komponen Drone,Registered Asset,2025-06-18,1655220.72,413805.18,1241415.54,36,Straight Line
AS0000869203,0,Damoda Drone Battery,PT AIM,Komponen Drone,Registered Asset,2025-06-18,1655220.72,413805.18,1241415.54,36,Straight Line
AS0000869204,0,Damoda Drone Battery,PT AIM,Komponen Drone,Registered Asset,2025-06-18,1655220.72,413805.18,1241415.54,36,Straight Line
AS0000869205,0,Damoda Drone Battery,PT AIM,Komponen Drone,Registered Asset,2025-06-18,1655220.72,413805.18,1241415.54,36,Straight Line
AS0000869206,0,Damoda Drone Battery,PT AIM,Komponen Drone,Registered Asset,2025-06-18,1655220.72,413805.18,1241415.54,36,Straight Line
AS0000869207,0,Damoda Drone Battery,PT AIM,Komponen Drone,Registered Asset,2025-06-18,1655220.72,413805.18,1241415.54,36,Straight Line
AS0000869208,0,Damoda Drone Battery,PT AIM,Komponen Drone,Registered Asset,2025-06-18,1655220.72,413805.18,1241415.54,36,Straight Line
AS0000869209,0,Damoda Drone Battery,PT AIM,Komponen Drone,Registered Asset,2025-06-18,1655220.72,413805.18,1241415.54,36,Straight Line
AS0000869210,0,Damoda Drone Battery,PT AIM,Komponen Drone,Registered Asset,2025-06-18,1655220.72,413805.18,1241415.54,36,Straight Line
AS0000869211,0,Damoda Drone Battery,PT AIM,Komponen Drone,Registered Asset,2025-06-18,1655220.72,413805.18,1241415.54,36,Straight Line
AS0000869212,0,Damoda Drone Battery,PT AIM,Komponen Drone,Registered Asset,2025-06-18,1655220.72,413805.18,1241415.54,36,Straight Line
AS0000869213,0,Damoda Drone Battery,PT AIM,Komponen Drone,Registered Asset,2025-06-18,1655220.72,413805.18,1241415.54,36,Straight Line
AS0000869214,0,Damoda Drone Battery,PT AIM,Komponen Drone,Registered Asset,2025-06-18,1655220.72,413805.18,1241415.54,36,Straight Line
AS0000869215,0,Damoda Drone Battery,PT AIM,Komponen Drone,Registered Asset,2025-06-18,1655220.72,413805.18,1241415.54,36,Straight Line
AS0000869216,0,Damoda Drone Battery,PT AIM,Komponen Drone,Registered Asset,2025-06-18,1655220.72,413805.18,1241415.54,36,Straight Line
AS0000869217,0,Damoda Drone Battery,PT AIM,Komponen Drone,Registered Asset,2025-06-18,1655220.72,413805.18,1241415.54,36,Straight Line
AS0000869218,0,Damoda Drone Battery,PT AIM,Komponen Drone,Registered Asset,2025-06-18,1655220.72,413805.18,1241415.54,36,Straight Line
AS0000869219,0,Damoda Drone Battery,PT AIM,Komponen Drone,Registered Asset,2025-06-18,1655220.72,413805.18,1241415.54,36,Straight Line
AS0000869220,0,Damoda Drone Battery,PT AIM,Komponen Drone,Registered Asset,2025-06-18,1655220.72,413805.18,1241415.54,36,Straight Line
AS0000869221,0,Damoda Drone Battery,PT AIM,Komponen Drone,Registered Asset,2025-06-18,1655220.72,413805.18,1241415.54,36,Straight Line
AS0000869222,0,Damoda Drone Battery,PT AIM,Komponen Drone,Registered Asset,2025-06-18,1655220.72,413805.18,1241415.54,36,Straight Line
AS0000869223,0,Damoda Drone Battery,PT AIM,Komponen Drone,Registered Asset,2025-06-18,1655220.72,413805.18,1241415.54,36,Straight Line
AS0000869224,0,Damoda Drone Battery,PT AIM,Komponen Drone,Registered Asset,2025-06-18,1655220.72,413805.18,1241415.54,36,Straight Line
AS0000869225,0,Damoda Drone Battery,PT AIM,Komponen Drone,Registered Asset,2025-06-18,1655220.72,413805.18,1241415.54,36,Straight Line
AS0000869226,0,Damoda Drone Battery,PT AIM,Komponen Drone,Registered Asset,2025-06-18,1655220.72,413805.18,1241415.54,36,Straight Line
AS0000869227,0,Damoda Drone Battery,PT AIM,Komponen Drone,Registered Asset,2025-06-18,1655220.72,413805.18,1241415.54,36,Straight Line
AS0000869228,0,Damoda Drone Battery,PT AIM,Komponen Drone,Registered Asset,2025-06-18,1655220.72,413805.18,1241415.54,36,Straight Line
AS0000869229,0,Damoda Drone Battery,PT AIM,Komponen Drone,Registered Asset,2025-06-18,1655220.72,413805.18,1241415.54,36,Straight Line
AS0000869230,0,Damoda Drone Battery,PT AIM,Komponen Drone,Registered Asset,2025-06-18,1655220.72,413805.18,1241415.54,36,Straight Line
AS0000869231,0,Damoda Drone Battery,PT AIM,Komponen Drone,Registered Asset,2025-06-18,1655220.72,413805.18,1241415.54,36,Straight Line
AS0000869232,0,Damoda Drone Battery,PT AIM,Komponen Drone,Registered Asset,2025-06-18,1655220.72,413805.18,1241415.54,36,Straight Line
AS0000869233,0,Damoda Drone Battery,PT AIM,Komponen Drone,Registered Asset,2025-06-18,1655220.72,413805.18,1241415.54,36,Straight Line
AS0000869234,0,Damoda Drone Battery,PT AIM,Komponen Drone,Registered Asset,2025-06-18,1655220.72,413805.18,1241415.54,36,Straight Line
AS0000869235,0,Damoda Drone Battery,PT AIM,Komponen Drone,Registered Asset,2025-06-18,1655220.72,413805.18,1241415.54,36,Straight Line
AS0000869236,0,Damoda Drone Battery,PT AIM,Komponen Drone,Registered Asset,2025-06-18,1655220.72,413805.18,1241415.54,36,Straight Line
AS0000869237,0,Damoda Drone Battery,PT AIM,Komponen Drone,Registered Asset,2025-06-18,1655220.72,413805.18,1241415.54,36,Straight Line
AS0000869238,0,Damoda Drone Battery,PT AIM,Komponen Drone,Registered Asset,2025-06-18,1655220.72,413805.18,1241415.54,36,Straight Line
AS0000869239,0,Damoda Drone Battery,PT AIM,Komponen Drone,Registered Asset,2025-06-18,1655220.72,413805.18,1241415.54,36,Straight Line
AS0000869240,0,Damoda Drone Battery,PT AIM,Komponen Drone,Registered Asset,2025-06-18,1655220.72,413805.18,1241415.54,36,Straight Line
AS0000869241,0,Damoda Drone Battery,PT AIM,Komponen Drone,Registered Asset,2025-06-18,1655220.72,413805.18,1241415.54,36,Straight Line
AS0000869242,0,Damoda Drone Battery,PT AIM,Komponen Drone,Registered Asset,2025-06-18,1655220.72,413805.18,1241415.54,36,Straight Line
AS0000869243,0,Damoda Drone Battery,PT AIM,Komponen Drone,Registered Asset,2025-06-18,1655220.72,413805.18,1241415.54,36,Straight Line
AS0000869244,0,Damoda Drone Battery,PT AIM,Komponen Drone,Registered Asset,2025-06-18,1655220.72,413805.18,1241415.54,36,Straight Line
AS0000869245,0,Damoda Drone Battery,PT AIM,Komponen Drone,Registered Asset,2025-06-18,1655220.72,413805.18,1241415.54,36,Straight Line
AS0000869246,0,Damoda Drone Battery,PT AIM,Komponen Drone,Registered Asset,2025-06-18,1655220.72,413805.18,1241415.54,36,Straight Line
AS0000869247,0,Damoda Drone Battery,PT AIM,Komponen Drone,Registered Asset,2025-06-18,1655220.72,413805.18,1241415.54,36,Straight Line
AS0000869248,0,Damoda Drone Battery,PT AIM,Komponen Drone,Registered Asset,2025-06-18,1655220.72,413805.18,1241415.54,36,Straight Line
AS0000869249,0,Damoda Drone Battery,PT AIM,Komponen Drone,Registered Asset,2025-06-18,1655220.72,413805.18,1241415.54,36,Straight Line
AS0000869250,0,Damoda Drone Battery,PT AIM,Komponen Drone,Registered Asset,2025-06-18,1655220.72,413805.18,1241415.54,36,Straight Line
AS0000869251,0,Damoda Drone Battery,PT AIM,Komponen Drone,Registered Asset,2025-06-18,1655220.72,413805.18,1241415.54,36,Straight Line
AS0000869252,0,Damoda Drone Battery,PT AIM,Komponen Drone,Registered Asset,2025-06-18,1655220.72,413805.18,1241415.54,36,Straight Line
AS0000869253,0,Damoda Drone Battery,PT AIM,Komponen Drone,Registered Asset,2025-06-18,1655220.72,413805.18,1241415.54,36,Straight Line
AS0000869254,0,Damoda Drone Battery,PT AIM,Komponen Drone,Registered Asset,2025-06-18,1655220.72,413805.18,1241415.54,36,Straight Line
AS0000869255,0,Damoda Drone Battery,PT AIM,Komponen Drone,Registered Asset,2025-06-18,1655220.72,413805.18,1241415.54,36,Straight Line
AS0000869256,0,Damoda Drone Battery,PT AIM,Komponen Drone,Registered Asset,2025-06-18,1655220.72,413805.18,1241415.54,36,Straight Line
AS0000869257,0,Damoda Drone Battery,PT AIM,Komponen Drone,Registered Asset,2025-06-18,1655220.72,413805.18,1241415.54,36,Straight Line
AS0000869258,0,Damoda Drone Battery,PT AIM,Komponen Drone,Registered Asset,2025-06-18,1655220.72,413805.18,1241415.54,36,Straight Line
AS0000869259,0,Damoda Drone Battery,PT AIM,Komponen Drone,Registered Asset,2025-06-18,1655220.72,413805.18,1241415.54,36,Straight Line
AS0000869260,0,Damoda Drone Battery,PT AIM,Komponen Drone,Registered Asset,2025-06-18,1655220.72,413805.18,1241415.54,36,Straight Line
AS0000869261,0,Damoda Drone Battery,PT AIM,Komponen Drone,Registered Asset,2025-06-18,1655220.72,413805.18,1241415.54,36,Straight Line
AS0000869262,0,Damoda Drone Battery,PT AIM,Komponen Drone,Registered Asset,2025-06-18,1655220.72,413805.18,1241415.54,36,Straight Line
AS0000869263,0,Damoda Drone Battery,PT AIM,Komponen Drone,Registered Asset,2025-06-18,1655220.72,413805.18,1241415.54,36,Straight Line
AS0000869264,0,Damoda Drone Battery,PT AIM,Komponen Drone,Registered Asset,2025-06-18,1655220.72,413805.18,1241415.54,36,Straight Line
AS0000869265,0,Damoda Drone Battery,PT AIM,Komponen Drone,Registered Asset,2025-06-18,1655220.72,413805.18,1241415.54,36,Straight Line
AS0000869266,0,Damoda Drone Battery,PT AIM,Komponen Drone,Registered Asset,2025-06-18,1655220.72,413805.18,1241415.54,36,Straight Line
AS0000869267,0,Damoda Drone Battery,PT AIM,Komponen Drone,Registered Asset,2025-06-18,1655220.72,413805.18,1241415.54,36,Straight Line
AS0000869268,0,Damoda Drone Battery,PT AIM,Komponen Drone,Registered Asset,2025-06-18,1655220.72,413805.18,1241415.54,36,Straight Line
AS0000869269,0,Damoda Drone Battery,PT AIM,Komponen Drone,Registered Asset,2025-06-18,1655220.72,413805.18,1241415.54,36,Straight Line
AS0000869270,0,Damoda Drone Battery,PT AIM,Komponen Drone,Registered Asset,2025-06-18,1655220.72,413805.18,1241415.54,36,Straight Line
AS0000869271,0,Damoda Drone Battery,PT AIM,Komponen Drone,Registered Asset,2025-06-18,1655220.72,413805.18,1241415.54,36,Straight Line
AS0000869272,0,Damoda Drone Battery,PT AIM,Komponen Drone,Registered Asset,2025-06-18,1655220.72,413805.18,1241415.54,36,Straight Line
AS0000869273,0,Damoda Drone Battery,PT AIM,Komponen Drone,Registered Asset,2025-06-18,1655220.72,413805.18,1241415.54,36,Straight Line
AS0000869274,0,Damoda Drone Battery,PT AIM,Komponen Drone,Registered Asset,2025-06-18,1655220.72,413805.18,1241415.54,36,Straight Line
AS0000869275,0,Damoda Drone Battery,PT AIM,Komponen Drone,Registered Asset,2025-06-18,1655220.72,413805.18,1241415.54,36,Straight Line
AS0000869276,0,Damoda Drone Battery,PT AIM,Komponen Drone,Registered Asset,2025-06-18,1655220.72,413805.18,1241415.54,36,Straight Line
AS0000869277,0,Damoda Drone Battery,PT AIM,Komponen Drone,Registered Asset,2025-06-18,1655220.72,413805.18,1241415.54,36,Straight Line
AS0000869278,0,Damoda Drone Battery,PT AIM,Komponen Drone,Registered Asset,2025-06-18,1655220.72,413805.18,1241415.54,36,Straight Line
AS0000869279,0,Damoda Drone Battery,PT AIM,Komponen Drone,Registered Asset,2025-06-18,1655220.72,413805.18,1241415.54,36,Straight Line
AS0000869280,0,Damoda Drone Battery,PT AIM,Komponen Drone,Registered Asset,2025-06-18,1655220.72,413805.18,1241415.54,36,Straight Line
AS0000869281,0,Damoda Drone Battery,PT AIM,Komponen Drone,Registered Asset,2025-06-18,1655220.72,413805.18,1241415.54,36,Straight Line
AS0000869282,0,Damoda Drone Battery,PT AIM,Komponen Drone,Registered Asset,2025-06-18,1655220.72,413805.18,1241415.54,36,Straight Line
AS0000869283,0,Damoda Drone Battery,PT AIM,Komponen Drone,Registered Asset,2025-06-18,1655220.72,413805.18,1241415.54,36,Straight Line
AS0000869284,0,Damoda Drone Battery,PT AIM,Komponen Drone,Registered Asset,2025-06-18,1655220.72,413805.18,1241415.54,36,Straight Line
AS0000869285,0,Damoda Drone Battery,PT AIM,Komponen Drone,Registered Asset,2025-06-18,1655220.72,413805.18,1241415.54,36,Straight Line
AS0000869286,0,Damoda Drone Battery,PT AIM,Komponen Drone,Registered Asset,2025-06-18,1655220.72,413805.18,1241415.54,36,Straight Line
AS0000869287,0,Damoda Drone Battery,PT AIM,Komponen Drone,Registered Asset,2025-06-18,1655220.72,413805.18,1241415.54,36,Straight Line
AS0000869288,0,Damoda Drone Battery,PT AIM,Komponen Drone,Registered Asset,2025-06-18,1655220.72,413805.18,1241415.54,36,Straight Line
AS0000869289,0,Damoda Drone Battery,PT AIM,Komponen Drone,Registered Asset,2025-06-18,1655220.72,413805.18,1241415.54,36,Straight Line
AS0000869290,0,Damoda Drone Battery,PT AIM,Komponen Drone,Registered Asset,2025-06-18,1655220.72,413805.18,1241415.54,36,Straight Line
AS0000869291,0,Damoda Drone Battery,PT AIM,Komponen Drone,Registered Asset,2025-06-18,1655220.72,413805.18,1241415.54,36,Straight Line
AS0000869292,0,Damoda Drone Battery,PT AIM,Komponen Drone,Registered Asset,2025-06-18,1655220.72,413805.18,1241415.54,36,Straight Line
AS0000869293,0,Damoda Drone Battery,PT AIM,Komponen Drone,Registered Asset,2025-06-18,1655220.72,413805.18,1241415.54,36,Straight Line
AS0000869294,0,Damoda Drone Battery,PT AIM,Komponen Drone,Registered Asset,2025-06-18,1655220.72,413805.18,1241415.54,36,Straight Line
AS0000869295,0,Damoda Drone Battery,PT AIM,Komponen Drone,Registered Asset,2025-06-18,1655220.72,413805.18,1241415.54,36,Straight Line
AS0000869296,0,Damoda Drone Battery,PT AIM,Komponen Drone,Registered Asset,2025-06-18,1655220.72,413805.18,1241415.54,36,Straight Line
AS0000869297,0,Damoda Drone Battery,PT AIM,Komponen Drone,Registered Asset,2025-06-18,1655220.72,413805.18,1241415.54,36,Straight Line
AS0000869298,0,Damoda Drone Battery,PT AIM,Komponen Drone,Registered Asset,2025-06-18,1655220.72,413805.18,1241415.54,36,Straight Line
AS0000869299,0,Damoda Drone Battery,PT AIM,Komponen Drone,Registered Asset,2025-06-18,1655220.72,413805.18,1241415.54,36,Straight Line
AS0000869300,0,Damoda Drone Battery,PT AIM,Komponen Drone,Registered Asset,2025-06-18,1655220.72,413805.18,1241415.54,36,Straight Line
AS0000869301,0,Damoda Drone Battery,PT AIM,Komponen Drone,Registered Asset,2025-06-18,1655220.72,413805.18,1241415.54,36,Straight Line
AS0000869302,0,Damoda Drone Battery,PT AIM,Komponen Drone,Registered Asset,2025-06-18,1655220.72,413805.18,1241415.54,36,Straight Line
AS0000869303,0,Damoda Drone Battery,PT AIM,Komponen Drone,Registered Asset,2025-06-18,1655220.72,413805.18,1241415.54,36,Straight Line
AS0000869304,0,Damoda Drone Battery,PT AIM,Komponen Drone,Registered Asset,2025-06-18,1655220.72,413805.18,1241415.54,36,Straight Line
AS0000869305,0,Damoda Drone Battery,PT AIM,Komponen Drone,Registered Asset,2025-06-18,1655220.72,413805.18,1241415.54,36,Straight Line
AS0000869306,0,Damoda Drone Battery,PT AIM,Komponen Drone,Registered Asset,2025-06-18,1655220.72,413805.18,1241415.54,36,Straight Line
AS0000869307,0,Damoda Drone Battery,PT AIM,Komponen Drone,Registered Asset,2025-06-18,1655220.72,413805.18,1241415.54,36,Straight Line
AS0000869308,0,Damoda Drone Battery,PT AIM,Komponen Drone,Registered Asset,2025-06-18,1655220.72,413805.18,1241415.54,36,Straight Line
AS0000869309,0,Damoda Drone Battery,PT AIM,Komponen Drone,Registered Asset,2025-06-18,1655220.72,413805.18,1241415.54,36,Straight Line
AS0000869310,0,Damoda Drone Battery,PT AIM,Komponen Drone,Registered Asset,2025-06-18,1655220.72,413805.18,1241415.54,36,Straight Line
AS0000869311,0,Damoda Drone Battery,PT AIM,Komponen Drone,Registered Asset,2025-06-18,1655220.72,413805.18,1241415.54,36,Straight Line
AS0000869312,0,Damoda Drone Battery,PT AIM,Komponen Drone,Registered Asset,2025-06-18,1655220.72,413805.18,1241415.54,36,Straight Line
AS0000869313,0,Damoda Drone Battery,PT AIM,Komponen Drone,Registered Asset,2025-06-18,1655220.72,413805.18,1241415.54,36,Straight Line
AS0000869314,0,Damoda Drone Battery,PT AIM,Komponen Drone,Registered Asset,2025-06-18,1655220.72,413805.18,1241415.54,36,Straight Line
AS0000869315,0,Damoda Drone Battery,PT AIM,Komponen Drone,Registered Asset,2025-06-18,1655220.72,413805.18,1241415.54,36,Straight Line
AS0000869316,0,Damoda Drone Battery,PT AIM,Komponen Drone,Registered Asset,2025-06-18,1655220.72,413805.18,1241415.54,36,Straight Line
AS0000869317,0,Damoda Drone Battery,PT AIM,Komponen Drone,Registered Asset,2025-06-18,1655220.72,413805.18,1241415.54,36,Straight Line
AS0000869318,0,Damoda Drone Battery,PT AIM,Komponen Drone,Registered Asset,2025-06-18,1655220.72,413805.18,1241415.54,36,Straight Line
AS0000869319,0,Damoda Drone Battery,PT AIM,Komponen Drone,Registered Asset,2025-06-18,1655220.72,413805.18,1241415.54,36,Straight Line
AS0000869320,0,Damoda Drone Battery,PT AIM,Komponen Drone,Registered Asset,2025-06-18,1655220.72,413805.18,1241415.54,36,Straight Line
AS0000869321,0,Damoda Drone Battery,PT AIM,Komponen Drone,Registered Asset,2025-06-18,1655220.72,413805.18,1241415.54,36,Straight Line
AS0000869322,0,Damoda Drone Battery,PT AIM,Komponen Drone,Registered Asset,2025-06-18,1655220.72,413805.18,1241415.54,36,Straight Line
AS0000869323,0,Damoda Drone Battery,PT AIM,Komponen Drone,Registered Asset,2025-06-18,1655220.72,413805.18,1241415.54,36,Straight Line
AS0000869324,0,Damoda Drone Battery,PT AIM,Komponen Drone,Registered Asset,2025-06-18,1655220.72,413805.18,1241415.54,36,Straight Line
AS0000869325,0,Damoda Drone Battery,PT AIM,Komponen Drone,Registered Asset,2025-06-18,1655220.72,413805.18,1241415.54,36,Straight Line
AS0000869326,0,Damoda Drone Battery,PT AIM,Komponen Drone,Registered Asset,2025-06-18,1655220.72,413805.18,1241415.54,36,Straight Line
AS0000869327,0,Damoda Drone Battery,PT AIM,Komponen Drone,Registered Asset,2025-06-18,1655220.72,413805.18,1241415.54,36,Straight Line
AS0000869328,0,Damoda Drone Battery,PT AIM,Komponen Drone,Registered Asset,2025-06-18,1655220.72,413805.18,1241415.54,36,Straight Line
AS0000869329,0,Damoda Drone Battery,PT AIM,Komponen Drone,Registered Asset,2025-06-18,1655220.72,413805.18,1241415.54,36,Straight Line
AS0000869330,0,Damoda Drone Battery,PT AIM,Komponen Drone,Registered Asset,2025-06-18,1655220.72,413805.18,1241415.54,36,Straight Line
AS0000869331,0,Damoda Drone Battery,PT AIM,Komponen Drone,Registered Asset,2025-06-18,1655220.72,413805.18,1241415.54,36,Straight Line
AS0000869332,0,Damoda Drone Battery,PT AIM,Komponen Drone,Registered Asset,2025-06-18,1655220.72,413805.18,1241415.54,36,Straight Line
AS0000869333,0,Damoda Drone Battery,PT AIM,Komponen Drone,Registered Asset,2025-06-18,1655220.72,413805.18,1241415.54,36,Straight Line
AS0000869334,0,Damoda Drone Battery,PT AIM,Komponen Drone,Registered Asset,2025-06-18,1655220.72,413805.18,1241415.54,36,Straight Line
AS0000869335,0,Damoda Drone Battery,PT AIM,Komponen Drone,Registered Asset,2025-06-18,1655220.72,413805.18,1241415.54,36,Straight Line
AS0000869336,0,Damoda Drone Battery,PT AIM,Komponen Drone,Registered Asset,2025-06-18,1655220.72,413805.18,1241415.54,36,Straight Line
AS0000869337,0,Damoda Drone Battery,PT AIM,Komponen Drone,Registered Asset,2025-06-18,1655220.72,413805.18,1241415.54,36,Straight Line
AS0000869338,0,Damoda Drone Battery,PT AIM,Komponen Drone,Registered Asset,2025-06-18,1655220.72,413805.18,1241415.54,36,Straight Line
AS0000869339,0,Damoda Drone Battery,PT AIM,Komponen Drone,Registered Asset,2025-06-18,1655220.72,413805.18,1241415.54,36,Straight Line
AS0000869340,0,Damoda Drone Battery,PT AIM,Komponen Drone,Registered Asset,2025-06-18,1655220.72,413805.18,1241415.54,36,Straight Line
AS0000869341,0,Damoda Drone Battery,PT AIM,Komponen Drone,Registered Asset,2025-06-18,1655220.72,413805.18,1241415.54,36,Straight Line
AS0000869342,0,Damoda Drone Battery,PT AIM,Komponen Drone,Registered Asset,2025-06-18,1655220.72,413805.18,1241415.54,36,Straight Line
AS0000869343,0,Damoda Drone Battery,PT AIM,Komponen Drone,Registered Asset,2025-06-18,1655220.72,413805.18,1241415.54,36,Straight Line
AS0000869344,0,Damoda Drone Battery,PT AIM,Komponen Drone,Registered Asset,2025-06-18,1655220.72,413805.18,1241415.54,36,Straight Line
AS0000869345,0,Damoda Drone Battery,PT AIM,Komponen Drone,Registered Asset,2025-06-18,1655220.72,413805.18,1241415.54,36,Straight Line
AS0000869346,0,Damoda Drone Battery,PT AIM,Komponen Drone,Registered Asset,2025-06-18,1655220.72,413805.18,1241415.54,36,Straight Line
AS0000869347,0,Damoda Drone Battery,PT AIM,Komponen Drone,Registered Asset,2025-06-18,1655220.72,413805.18,1241415.54,36,Straight Line
AS0000869348,0,Damoda Drone Battery,PT AIM,Komponen Drone,Registered Asset,2025-06-18,1655220.72,413805.18,1241415.54,36,Straight Line
AS0000869349,0,Damoda Drone Battery,PT AIM,Komponen Drone,Registered Asset,2025-06-18,1655220.72,413805.18,1241415.54,36,Straight Line
AS0000869350,0,Damoda Drone Battery,PT AIM,Komponen Drone,Registered Asset,2025-06-18,1655220.72,413805.18,1241415.54,36,Straight Line
AS0000869351,0,Damoda Drone Battery,PT AIM,Komponen Drone,Registered Asset,2025-06-18,1655220.72,413805.18,1241415.54,36,Straight Line
AS0000869352,0,Damoda Drone Battery,PT AIM,Komponen Drone,Registered Asset,2025-06-18,1655220.72,413805.18,1241415.54,36,Straight Line
AS0000869353,0,Damoda Drone Battery,PT AIM,Komponen Drone,Registered Asset,2025-06-18,1655220.72,413805.18,1241415.54,36,Straight Line
AS0000869354,0,Damoda Drone Battery,PT AIM,Komponen Drone,Registered Asset,2025-06-18,1655220.72,413805.18,1241415.54,36,Straight Line
AS0000869355,0,Damoda Drone Battery,PT AIM,Komponen Drone,Registered Asset,2025-06-18,1655220.72,413805.18,1241415.54,36,Straight Line
AS0000869356,0,Damoda Drone Battery,PT AIM,Komponen Drone,Registered Asset,2025-06-18,1655220.72,413805.18,1241415.54,36,Straight Line
AS0000869357,0,Damoda Drone Battery,PT AIM,Komponen Drone,Registered Asset,2025-06-18,1655220.72,413805.18,1241415.54,36,Straight Line
AS0000869358,0,Damoda Drone Battery,PT AIM,Komponen Drone,Registered Asset,2025-06-18,1655220.72,413805.18,1241415.54,36,Straight Line
AS0000869359,0,Damoda Drone Battery,PT AIM,Komponen Drone,Registered Asset,2025-06-18,1655220.72,413805.18,1241415.54,36,Straight Line
AS0000869360,0,Damoda Drone Battery,PT AIM,Komponen Drone,Registered Asset,2025-06-18,1655220.72,413805.18,1241415.54,36,Straight Line
AS0000869361,0,Damoda Drone Battery,PT AIM,Komponen Drone,Registered Asset,2025-06-18,1655220.72,413805.18,1241415.54,36,Straight Line
AS0000869362,0,Damoda Drone Battery,PT AIM,Komponen Drone,Registered Asset,2025-06-18,1655220.72,413805.18,1241415.54,36,Straight Line
AS0000869363,0,Damoda Drone Battery,PT AIM,Komponen Drone,Registered Asset,2025-06-18,1655220.72,413805.18,1241415.54,36,Straight Line
AS0000869364,0,Damoda Drone Battery,PT AIM,Komponen Drone,Registered Asset,2025-06-18,1655220.72,413805.18,1241415.54,36,Straight Line
AS0000869365,0,Damoda Drone Battery,PT AIM,Komponen Drone,Registered Asset,2025-06-18,1655220.72,413805.18,1241415.54,36,Straight Line
AS0000869366,0,Damoda Drone Battery,PT AIM,Komponen Drone,Registered Asset,2025-06-18,1655220.72,413805.18,1241415.54,36,Straight Line
AS0000869367,0,Damoda Drone Battery,PT AIM,Komponen Drone,Registered Asset,2025-06-18,1655220.72,413805.18,1241415.54,36,Straight Line
AS0000869368,0,Damoda Drone Battery,PT AIM,Komponen Drone,Registered Asset,2025-06-18,1655220.72,413805.18,1241415.54,36,Straight Line
AS0000869369,0,Damoda Drone Battery,PT AIM,Komponen Drone,Registered Asset,2025-06-18,1655220.72,413805.18,1241415.54,36,Straight Line
AS0000869370,0,Damoda Drone Battery,PT AIM,Komponen Drone,Registered Asset,2025-06-18,1655220.72,413805.18,1241415.54,36,Straight Line
AS0000869371,0,Damoda Drone Battery,PT AIM,Komponen Drone,Registered Asset,2025-06-18,1655220.72,413805.18,1241415.54,36,Straight Line
AS0000869372,0,Damoda Drone Battery,PT AIM,Komponen Drone,Registered Asset,2025-06-18,1655220.72,413805.18,1241415.54,36,Straight Line
AS0000869373,0,Damoda Drone Battery,PT AIM,Komponen Drone,Registered Asset,2025-06-18,1655220.72,413805.18,1241415.54,36,Straight Line
AS0000869374,0,Damoda Drone Battery,PT AIM,Komponen Drone,Registered Asset,2025-06-18,1655220.72,413805.18,1241415.54,36,Straight Line
AS0000869375,0,Damoda Drone Battery,PT AIM,Komponen Drone,Registered Asset,2025-06-18,1655220.72,413805.18,1241415.54,36,Straight Line
AS0000869376,0,Damoda Drone Battery,PT AIM,Komponen Drone,Registered Asset,2025-06-18,1655220.72,413805.18,1241415.54,36,Straight Line
AS0000869377,0,Damoda Drone Battery,PT AIM,Komponen Drone,Registered Asset,2025-06-18,1655220.72,413805.18,1241415.54,36,Straight Line
AS0000869378,0,Damoda Drone Battery,PT AIM,Komponen Drone,Registered Asset,2025-06-18,1655220.72,413805.18,1241415.54,36,Straight Line
AS0000869379,0,Damoda Drone Battery,PT AIM,Komponen Drone,Registered Asset,2025-06-18,1655220.72,413805.18,1241415.54,36,Straight Line
AS0000869380,0,Damoda Drone Battery,PT AIM,Komponen Drone,Registered Asset,2025-06-18,1655220.72,413805.18,1241415.54,36,Straight Line
AS0000869381,0,Damoda Drone Battery,PT AIM,Komponen Drone,Registered Asset,2025-06-18,1655220.72,413805.18,1241415.54,36,Straight Line
AS0000869382,0,Damoda Drone Battery,PT AIM,Komponen Drone,Registered Asset,2025-06-18,1655220.72,413805.18,1241415.54,36,Straight Line
AS0000869383,0,Damoda Drone Battery,PT AIM,Komponen Drone,Registered Asset,2025-06-18,1655220.72,413805.18,1241415.54,36,Straight Line
AS0000869384,0,Damoda Drone Battery,PT AIM,Komponen Drone,Registered Asset,2025-06-18,1655220.72,413805.18,1241415.54,36,Straight Line
AS0000869385,0,Damoda Drone Battery,PT AIM,Komponen Drone,Registered Asset,2025-06-18,1655220.72,413805.18,1241415.54,36,Straight Line
AS0000869386,0,Damoda Drone Battery,PT AIM,Komponen Drone,Registered Asset,2025-06-18,1655220.72,413805.18,1241415.54,36,Straight Line
AS0000869387,0,Damoda Drone Battery,PT AIM,Komponen Drone,Registered Asset,2025-06-18,1655220.72,413805.18,1241415.54,36,Straight Line
AS0000869388,0,Damoda Drone Battery,PT AIM,Komponen Drone,Registered Asset,2025-06-18,1655220.72,413805.18,1241415.54,36,Straight Line
AS0000869389,0,Damoda Drone Battery,PT AIM,Komponen Drone,Registered Asset,2025-06-18,1655220.72,413805.18,1241415.54,36,Straight Line
AS0000869390,0,Damoda Drone Battery,PT AIM,Komponen Drone,Registered Asset,2025-06-18,1655220.72,413805.18,1241415.54,36,Straight Line
AS0000869391,0,Damoda Drone Battery,PT AIM,Komponen Drone,Registered Asset,2025-06-18,1655220.72,413805.18,1241415.54,36,Straight Line
AS0000869392,0,Damoda Drone Battery,PT AIM,Komponen Drone,Registered Asset,2025-06-18,1655220.72,413805.18,1241415.54,36,Straight Line
AS0000869393,0,Damoda Drone Battery,PT AIM,Komponen Drone,Registered Asset,2025-06-18,1655220.72,413805.18,1241415.54,36,Straight Line
AS0000869394,0,Damoda Drone Battery,PT AIM,Komponen Drone,Registered Asset,2025-06-18,1655220.72,413805.18,1241415.54,36,Straight Line
AS0000869395,0,Damoda Drone Battery,PT AIM,Komponen Drone,Registered Asset,2025-06-18,1655220.72,413805.18,1241415.54,36,Straight Line
AS0000869396,0,Damoda Drone Battery,PT AIM,Komponen Drone,Registered Asset,2025-06-18,1655220.72,413805.18,1241415.54,36,Straight Line
AS0000869397,0,Damoda Drone Battery,PT AIM,Komponen Drone,Registered Asset,2025-06-18,1655220.72,413805.18,1241415.54,36,Straight Line
AS0000869398,0,Damoda Drone Battery,PT AIM,Komponen Drone,Registered Asset,2025-06-18,1655220.72,413805.18,1241415.54,36,Straight Line
AS0000869399,0,Damoda Drone Battery,PT AIM,Komponen Drone,Registered Asset,2025-06-18,1655220.72,413805.18,1241415.54,36,Straight Line
AS0000869400,0,Damoda Drone Battery,PT AIM,Komponen Drone,Registered Asset,2025-06-18,1655220.72,413805.18,1241415.54,36,Straight Line
AS0000869401,0,Damoda Drone Battery,PT AIM,Komponen Drone,Registered Asset,2025-06-18,1655220.72,413805.18,1241415.54,36,Straight Line
AS0000869402,0,Damoda Drone Battery,PT AIM,Komponen Drone,Registered Asset,2025-06-18,1655220.72,413805.18,1241415.54,36,Straight Line
AS0000869403,0,Damoda Drone Battery,PT AIM,Komponen Drone,Registered Asset,2025-06-18,1655220.72,413805.18,1241415.54,36,Straight Line
AS0000869404,0,Damoda Drone Battery,PT AIM,Komponen Drone,Registered Asset,2025-06-18,1655220.72,413805.18,1241415.54,36,Straight Line
AS0000869405,0,Damoda Drone Battery,PT AIM,Komponen Drone,Registered Asset,2025-06-18,1655220.72,413805.18,1241415.54,36,Straight Line
AS0000869406,0,Damoda Drone Battery,PT AIM,Komponen Drone,Registered Asset,2025-06-18,1655220.72,413805.18,1241415.54,36,Straight Line
AS0000869407,0,Damoda Drone Battery,PT AIM,Komponen Drone,Registered Asset,2025-06-18,1655220.72,413805.18,1241415.54,36,Straight Line
AS0000869408,0,Damoda Drone Battery,PT AIM,Komponen Drone,Registered Asset,2025-06-18,1655220.72,413805.18,1241415.54,36,Straight Line
AS0000869409,0,Damoda Drone Battery,PT AIM,Komponen Drone,Registered Asset,2025-06-18,1655220.72,413805.18,1241415.54,36,Straight Line
AS0000869410,0,Damoda Drone Battery,PT AIM,Komponen Drone,Registered Asset,2025-06-18,1655220.72,413805.18,1241415.54,36,Straight Line
AS0000869411,0,Damoda Drone Battery,PT AIM,Komponen Drone,Registered Asset,2025-06-18,1655220.72,413805.18,1241415.54,36,Straight Line
AS0000869412,0,Damoda Drone Battery,PT AIM,Komponen Drone,Registered Asset,2025-06-18,1655220.72,413805.18,1241415.54,36,Straight Line
AS0000869413,0,Damoda Drone Battery,PT AIM,Komponen Drone,Registered Asset,2025-06-18,1655220.72,413805.18,1241415.54,36,Straight Line
AS0000869414,0,Damoda Drone Battery,PT AIM,Komponen Drone,Registered Asset,2025-06-18,1655220.72,413805.18,1241415.54,36,Straight Line
AS0000869415,0,Damoda Drone Battery,PT AIM,Komponen Drone,Registered Asset,2025-06-18,1655220.72,413805.18,1241415.54,36,Straight Line
AS0000869416,0,Damoda Drone Battery,PT AIM,Komponen Drone,Registered Asset,2025-06-18,1655220.72,413805.18,1241415.54,36,Straight Line
AS0000869417,0,Damoda Drone Battery,PT AIM,Komponen Drone,Registered Asset,2025-06-18,1655220.72,413805.18,1241415.54,36,Straight Line
AS0000869418,0,Damoda Drone Battery,PT AIM,Komponen Drone,Registered Asset,2025-06-18,1655220.72,413805.18,1241415.54,36,Straight Line
AS0000869419,0,Damoda Drone Battery,PT AIM,Komponen Drone,Registered Asset,2025-06-18,1655220.72,413805.18,1241415.54,36,Straight Line
AS0000869420,0,Damoda Drone Battery,PT AIM,Komponen Drone,Registered Asset,2025-06-18,1655220.72,413805.18,1241415.54,36,Straight Line
AS0000869421,0,Damoda Drone Battery,PT AIM,Komponen Drone,Registered Asset,2025-06-18,1655220.72,413805.18,1241415.54,36,Straight Line
AS0000869422,0,Damoda Drone Battery,PT AIM,Komponen Drone,Registered Asset,2025-06-18,1655220.72,413805.18,1241415.54,36,Straight Line
AS0000869423,0,Damoda Drone Battery,PT AIM,Komponen Drone,Registered Asset,2025-06-18,1655220.72,413805.18,1241415.54,36,Straight Line
AS0000869424,0,Damoda Drone Battery,PT AIM,Komponen Drone,Registered Asset,2025-06-18,1655220.72,413805.18,1241415.54,36,Straight Line
AS0000869425,0,Damoda Drone Battery,PT AIM,Komponen Drone,Registered Asset,2025-06-18,1655220.72,413805.18,1241415.54,36,Straight Line
AS0000869426,0,Damoda Drone Battery,PT AIM,Komponen Drone,Registered Asset,2025-06-18,1655220.72,413805.18,1241415.54,36,Straight Line
AS0000869427,0,Damoda Drone Battery,PT AIM,Komponen Drone,Registered Asset,2025-06-18,1655220.72,413805.18,1241415.54,36,Straight Line
AS0000869428,0,Damoda Drone Battery,PT AIM,Komponen Drone,Registered Asset,2025-06-18,1655220.72,413805.18,1241415.54,36,Straight Line
AS0000869429,0,Damoda Drone Battery,PT AIM,Komponen Drone,Registered Asset,2025-06-18,1655220.72,413805.18,1241415.54,36,Straight Line
AS0000869430,0,Damoda Drone Battery,PT AIM,Komponen Drone,Registered Asset,2025-06-18,1655220.72,413805.18,1241415.54,36,Straight Line
AS0000869431,0,Damoda Drone Battery,PT AIM,Komponen Drone,Registered Asset,2025-06-18,1655220.72,413805.18,1241415.54,36,Straight Line
AS0000869432,0,Damoda Drone Battery,PT AIM,Komponen Drone,Registered Asset,2025-06-18,1655220.72,413805.18,1241415.54,36,Straight Line
AS0000869433,0,Damoda Drone Battery,PT AIM,Komponen Drone,Registered Asset,2025-06-18,1655220.72,413805.18,1241415.54,36,Straight Line
AS0000869434,0,Damoda Drone Battery,PT AIM,Komponen Drone,Registered Asset,2025-06-18,1655220.72,413805.18,1241415.54,36,Straight Line
AS0000869435,0,Damoda Drone Battery,PT AIM,Komponen Drone,Registered Asset,2025-06-18,1655220.72,413805.18,1241415.54,36,Straight Line
AS0000869436,0,Damoda Drone Battery,PT AIM,Komponen Drone,Registered Asset,2025-06-18,1655220.72,413805.18,1241415.54,36,Straight Line
AS0000869437,0,Damoda Drone Battery,PT AIM,Komponen Drone,Registered Asset,2025-06-18,1655220.72,413805.18,1241415.54,36,Straight Line
AS0000869438,0,Damoda Drone Battery,PT AIM,Komponen Drone,Registered Asset,2025-06-18,1655220.72,413805.18,1241415.54,36,Straight Line
AS0000869439,0,Damoda Drone Battery,PT AIM,Komponen Drone,Registered Asset,2025-06-18,1655220.72,413805.18,1241415.54,36,Straight Line
AS0000869440,0,Damoda Drone Battery,PT AIM,Komponen Drone,Registered Asset,2025-06-18,1655220.72,413805.18,1241415.54,36,Straight Line
AS0000869441,0,Damoda Drone Battery,PT AIM,Komponen Drone,Registered Asset,2025-06-18,1655220.72,413805.18,1241415.54,36,Straight Line
AS0000869442,0,Damoda Drone Battery,PT AIM,Komponen Drone,Registered Asset,2025-06-18,1655220.72,413805.18,1241415.54,36,Straight Line
AS0000869443,0,Damoda Drone Battery,PT AIM,Komponen Drone,Registered Asset,2025-06-18,1655220.72,413805.18,1241415.54,36,Straight Line
AS0000869444,0,Damoda Drone Battery,PT AIM,Komponen Drone,Registered Asset,2025-06-18,1655220.72,413805.18,1241415.54,36,Straight Line
AS0000869445,0,Damoda Drone Battery,PT AIM,Komponen Drone,Registered Asset,2025-06-18,1655220.72,413805.18,1241415.54,36,Straight Line
AS0000869446,0,Damoda Drone Battery,PT AIM,Komponen Drone,Registered Asset,2025-06-18,1655220.72,413805.18,1241415.54,36,Straight Line
AS0000869447,0,Damoda Drone Battery,PT AIM,Komponen Drone,Registered Asset,2025-06-18,1655220.72,413805.18,1241415.54,36,Straight Line
AS0000869448,0,Damoda Drone Battery,PT AIM,Komponen Drone,Registered Asset,2025-06-18,1655220.72,413805.18,1241415.54,36,Straight Line
AS0000869449,0,Damoda Drone Battery,PT AIM,Komponen Drone,Registered Asset,2025-06-18,1655220.72,413805.18,1241415.54,36,Straight Line
AS0000869450,0,Damoda Drone Battery,PT AIM,Komponen Drone,Registered Asset,2025-06-18,1655220.72,413805.18,1241415.54,36,Straight Line
AS0000869451,0,Damoda Drone Battery,PT AIM,Komponen Drone,Registered Asset,2025-06-18,1655220.72,413805.18,1241415.54,36,Straight Line
AS0000869452,0,Damoda Drone Battery,PT AIM,Komponen Drone,Registered Asset,2025-06-18,1655220.72,413805.18,1241415.54,36,Straight Line
AS0000869453,0,Damoda Drone Battery,PT AIM,Komponen Drone,Registered Asset,2025-06-18,1655220.72,413805.18,1241415.54,36,Straight Line
AS0000869454,0,Damoda Drone Battery,PT AIM,Komponen Drone,Registered Asset,2025-06-18,1655220.72,413805.18,1241415.54,36,Straight Line
AS0000869455,0,Damoda Drone Battery,PT AIM,Komponen Drone,Registered Asset,2025-06-18,1655220.72,413805.18,1241415.54,36,Straight Line
AS0000869456,0,Damoda Drone Battery,PT AIM,Komponen Drone,Registered Asset,2025-06-18,1655220.72,413805.18,1241415.54,36,Straight Line
AS0000869457,0,Damoda Drone Battery,PT AIM,Komponen Drone,Registered Asset,2025-06-18,1655220.72,413805.18,1241415.54,36,Straight Line
AS0000869458,0,Damoda Drone Battery,PT AIM,Komponen Drone,Registered Asset,2025-06-18,1655220.72,413805.18,1241415.54,36,Straight Line
AS0000869459,0,Damoda Drone Battery,PT AIM,Komponen Drone,Registered Asset,2025-06-18,1655220.72,413805.18,1241415.54,36,Straight Line
AS0000869460,0,Damoda Drone Battery,PT AIM,Komponen Drone,Registered Asset,2025-06-18,1655220.72,413805.18,1241415.54,36,Straight Line
AS0000869461,0,Damoda Drone Battery,PT AIM,Komponen Drone,Registered Asset,2025-06-18,1655220.72,413805.18,1241415.54,36,Straight Line
AS0000869462,0,Damoda Drone Battery,PT AIM,Komponen Drone,Registered Asset,2025-06-18,1655220.72,413805.18,1241415.54,36,Straight Line
AS0000869463,0,Damoda Drone Battery,PT AIM,Komponen Drone,Registered Asset,2025-06-18,1655220.72,413805.18,1241415.54,36,Straight Line
AS0000869464,0,Damoda Drone Battery,PT AIM,Komponen Drone,Registered Asset,2025-06-18,1655220.72,413805.18,1241415.54,36,Straight Line
AS0000869465,0,Damoda Drone Battery,PT AIM,Komponen Drone,Registered Asset,2025-06-18,1655220.72,413805.18,1241415.54,36,Straight Line
AS0000869466,0,Damoda Drone Battery,PT AIM,Komponen Drone,Registered Asset,2025-06-18,1655220.72,413805.18,1241415.54,36,Straight Line
AS0000869467,0,Damoda Drone Battery,PT AIM,Komponen Drone,Registered Asset,2025-06-18,1655220.72,413805.18,1241415.54,36,Straight Line
AS0000869468,0,Damoda Drone Battery,PT AIM,Komponen Drone,Registered Asset,2025-06-18,1655220.72,413805.18,1241415.54,36,Straight Line
AS0000869469,0,Damoda Drone Battery,PT AIM,Komponen Drone,Registered Asset,2025-06-18,1655220.72,413805.18,1241415.54,36,Straight Line
AS0000869470,0,Damoda Drone Battery,PT AIM,Komponen Drone,Registered Asset,2025-06-18,1655220.72,413805.18,1241415.54,36,Straight Line
AS0000869471,0,Damoda Drone Battery,PT AIM,Komponen Drone,Registered Asset,2025-06-18,1655220.72,413805.18,1241415.54,36,Straight Line
AS0000869472,0,Damoda Drone Battery,PT AIM,Komponen Drone,Registered Asset,2025-06-18,1655220.72,413805.18,1241415.54,36,Straight Line
AS0000869473,0,Damoda Drone Battery,PT AIM,Komponen Drone,Registered Asset,2025-06-18,1655220.72,413805.18,1241415.54,36,Straight Line
AS0000869474,0,Damoda Drone Battery,PT AIM,Komponen Drone,Registered Asset,2025-06-18,1655220.72,413805.18,1241415.54,36,Straight Line
AS0000869475,0,Damoda Drone Battery,PT AIM,Komponen Drone,Registered Asset,2025-06-18,1655220.72,413805.18,1241415.54,36,Straight Line
AS0000869476,0,Damoda Drone Battery,PT AIM,Komponen Drone,Registered Asset,2025-06-18,1655220.72,413805.18,1241415.54,36,Straight Line
AS0000869477,0,Damoda Drone Battery,PT AIM,Komponen Drone,Registered Asset,2025-06-18,1655220.72,413805.18,1241415.54,36,Straight Line
AS0000869478,0,Damoda Drone Battery,PT AIM,Komponen Drone,Registered Asset,2025-06-18,1655220.72,413805.18,1241415.54,36,Straight Line
AS0000869479,0,Damoda Drone Battery,PT AIM,Komponen Drone,Registered Asset,2025-06-18,1655220.72,413805.18,1241415.54,36,Straight Line
AS0000869480,0,Damoda Drone Battery,PT AIM,Komponen Drone,Registered Asset,2025-06-18,1655220.72,413805.18,1241415.54,36,Straight Line
AS0000869481,0,Damoda Drone Battery,PT AIM,Komponen Drone,Registered Asset,2025-06-18,1655220.72,413805.18,1241415.54,36,Straight Line
AS0000869482,0,Damoda Drone Battery,PT AIM,Komponen Drone,Registered Asset,2025-06-18,1655220.72,413805.18,1241415.54,36,Straight Line
AS0000869483,0,Damoda Drone Battery,PT AIM,Komponen Drone,Registered Asset,2025-06-18,1655220.72,413805.18,1241415.54,36,Straight Line
AS0000869484,0,Damoda Drone Battery,PT AIM,Komponen Drone,Registered Asset,2025-06-18,1655220.72,413805.18,1241415.54,36,Straight Line
AS0000869485,0,Damoda Drone Battery,PT AIM,Komponen Drone,Registered Asset,2025-06-18,1655220.72,413805.18,1241415.54,36,Straight Line
AS0000869486,0,Damoda Drone Battery,PT AIM,Komponen Drone,Registered Asset,2025-06-18,1655220.72,413805.18,1241415.54,36,Straight Line
AS0000869487,0,Damoda Drone Battery,PT AIM,Komponen Drone,Registered Asset,2025-06-18,1655220.72,413805.18,1241415.54,36,Straight Line
AS0000869488,0,Damoda Drone Battery,PT AIM,Komponen Drone,Registered Asset,2025-06-18,1655220.72,413805.18,1241415.54,36,Straight Line
AS0000869489,0,Damoda Drone Battery,PT AIM,Komponen Drone,Registered Asset,2025-06-18,1655220.72,413805.18,1241415.54,36,Straight Line
AS0000869490,0,Damoda Drone Battery,PT AIM,Komponen Drone,Registered Asset,2025-06-18,1655220.72,413805.18,1241415.54,36,Straight Line
AS0000869491,0,Damoda Drone Battery,PT AIM,Komponen Drone,Registered Asset,2025-06-18,1655220.72,413805.18,1241415.54,36,Straight Line
AS0000869492,0,Damoda Drone Battery,PT AIM,Komponen Drone,Registered Asset,2025-06-18,1655220.72,413805.18,1241415.54,36,Straight Line
AS0000869493,0,Damoda Drone Battery,PT AIM,Komponen Drone,Registered Asset,2025-06-18,1655220.72,413805.18,1241415.54,36,Straight Line
AS0000869494,0,Damoda Drone Battery,PT AIM,Komponen Drone,Registered Asset,2025-06-18,1655220.72,413805.18,1241415.54,36,Straight Line
AS0000869495,0,Damoda Drone Battery,PT AIM,Komponen Drone,Registered Asset,2025-06-18,1655220.72,413805.18,1241415.54,36,Straight Line
AS0000869496,0,Damoda Drone Battery,PT AIM,Komponen Drone,Registered Asset,2025-06-18,1655220.72,413805.18,1241415.54,36,Straight Line
AS0000869497,0,Damoda Drone Battery,PT AIM,Komponen Drone,Registered Asset,2025-06-18,1655220.72,413805.18,1241415.54,36,Straight Line
AS0000869498,0,Damoda Drone Battery,PT AIM,Komponen Drone,Registered Asset,2025-06-18,1655220.72,413805.18,1241415.54,36,Straight Line
AS0000869499,0,Damoda Drone Battery,PT AIM,Komponen Drone,Registered Asset,2025-06-18,1655220.72,413805.18,1241415.54,36,Straight Line
AS0000869500,0,Damoda Drone Battery,PT AIM,Komponen Drone,Registered Asset,2025-06-18,1655220.72,413805.18,1241415.54,36,Straight Line
AS0000869501,0,Damoda Drone Battery,PT AIM,Komponen Drone,Registered Asset,2025-06-18,1655220.72,413805.18,1241415.54,36,Straight Line
AS0000869502,0,Damoda Drone Battery,PT AIM,Komponen Drone,Registered Asset,2025-06-18,1655220.72,413805.18,1241415.54,36,Straight Line
AS0000869503,0,Damoda Drone Battery,PT AIM,Komponen Drone,Registered Asset,2025-06-18,1655220.72,413805.18,1241415.54,36,Straight Line
AS0000869504,0,Damoda Drone Battery,PT AIM,Komponen Drone,Registered Asset,2025-06-18,1655220.72,413805.18,1241415.54,36,Straight Line
AS0000869505,0,Damoda Drone Battery,PT AIM,Komponen Drone,Registered Asset,2025-06-18,1655220.72,413805.18,1241415.54,36,Straight Line
AS0000869506,0,Damoda Drone Battery,PT AIM,Komponen Drone,Registered Asset,2025-06-18,1655220.72,413805.18,1241415.54,36,Straight Line
AS0000869507,0,Damoda Drone Battery,PT AIM,Komponen Drone,Registered Asset,2025-06-18,1655220.72,413805.18,1241415.54,36,Straight Line
AS0000869508,0,Damoda Drone Battery,PT AIM,Komponen Drone,Registered Asset,2025-06-18,1655220.72,413805.18,1241415.54,36,Straight Line
AS0000869509,0,Damoda Drone Battery,PT AIM,Komponen Drone,Registered Asset,2025-06-18,1655220.72,413805.18,1241415.54,36,Straight Line
AS0000869510,0,Damoda Drone Battery,PT AIM,Komponen Drone,Registered Asset,2025-06-18,1655220.72,413805.18,1241415.54,36,Straight Line
AS0000869511,0,Damoda Drone Battery,PT AIM,Komponen Drone,Registered Asset,2025-06-18,1655220.72,413805.18,1241415.54,36,Straight Line
AS0000869512,0,Damoda Drone Battery,PT AIM,Komponen Drone,Registered Asset,2025-06-18,1655220.72,413805.18,1241415.54,36,Straight Line
AS0000869513,0,Damoda Drone Battery,PT AIM,Komponen Drone,Registered Asset,2025-06-18,1655220.72,413805.18,1241415.54,36,Straight Line
AS0000869514,0,Damoda Drone Battery,PT AIM,Komponen Drone,Registered Asset,2025-06-18,1655220.72,413805.18,1241415.54,36,Straight Line
AS0000869515,0,Damoda Drone Battery,PT AIM,Komponen Drone,Registered Asset,2025-06-18,1655220.72,413805.18,1241415.54,36,Straight Line
AS0000869516,0,Damoda Drone Battery,PT AIM,Komponen Drone,Registered Asset,2025-06-18,1655220.72,413805.18,1241415.54,36,Straight Line
AS0000869517,0,Damoda Drone Battery,PT AIM,Komponen Drone,Registered Asset,2025-06-18,1655220.72,413805.18,1241415.54,36,Straight Line
AS0000869518,0,Damoda Drone Battery,PT AIM,Komponen Drone,Registered Asset,2025-06-18,1655220.72,413805.18,1241415.54,36,Straight Line
AS0000869519,0,Damoda Drone Battery,PT AIM,Komponen Drone,Registered Asset,2025-06-18,1655220.72,413805.18,1241415.54,36,Straight Line
AS0000869520,0,Damoda Drone Battery,PT AIM,Komponen Drone,Registered Asset,2025-06-18,1655220.72,413805.18,1241415.54,36,Straight Line
AS0000869521,0,Damoda Drone Battery,PT AIM,Komponen Drone,Registered Asset,2025-06-18,1655220.72,413805.18,1241415.54,36,Straight Line
AS0000869522,0,Damoda Drone Battery,PT AIM,Komponen Drone,Registered Asset,2025-06-18,1655220.72,413805.18,1241415.54,36,Straight Line
AS0000869523,0,Damoda Drone Battery,PT AIM,Komponen Drone,Registered Asset,2025-06-18,1655220.72,413805.18,1241415.54,36,Straight Line
AS0000869524,0,Damoda Drone Battery,PT AIM,Komponen Drone,Registered Asset,2025-06-18,1655220.72,413805.18,1241415.54,36,Straight Line
AS0000869525,0,Damoda Drone Battery,PT AIM,Komponen Drone,Registered Asset,2025-06-18,1655220.72,413805.18,1241415.54,36,Straight Line
AS0000869526,0,Damoda Drone Battery,PT AIM,Komponen Drone,Registered Asset,2025-06-18,1655220.72,413805.18,1241415.54,36,Straight Line
AS0000869527,0,Damoda Drone Battery,PT AIM,Komponen Drone,Registered Asset,2025-06-18,1655220.72,413805.18,1241415.54,36,Straight Line
AS0000869528,0,Damoda Drone Battery,PT AIM,Komponen Drone,Registered Asset,2025-06-18,1655220.72,413805.18,1241415.54,36,Straight Line
AS0000869529,0,Damoda Drone Battery,PT AIM,Komponen Drone,Registered Asset,2025-06-18,1655220.72,413805.18,1241415.54,36,Straight Line
AS0000869530,0,Damoda Drone Battery,PT AIM,Komponen Drone,Registered Asset,2025-06-18,1655220.72,413805.18,1241415.54,36,Straight Line
AS0000869531,0,Damoda Drone Battery,PT AIM,Komponen Drone,Registered Asset,2025-06-18,1655220.72,413805.18,1241415.54,36,Straight Line
AS0000869532,0,Damoda Drone Battery,PT AIM,Komponen Drone,Registered Asset,2025-06-18,1655220.72,413805.18,1241415.54,36,Straight Line
AS0000869533,0,Damoda Drone Battery,PT AIM,Komponen Drone,Registered Asset,2025-06-18,1655220.72,413805.18,1241415.54,36,Straight Line
AS0000869534,0,Damoda Drone Battery,PT AIM,Komponen Drone,Registered Asset,2025-06-18,1655220.72,413805.18,1241415.54,36,Straight Line
AS0000869535,0,Damoda Drone Battery,PT AIM,Komponen Drone,Registered Asset,2025-06-18,1655220.72,413805.18,1241415.54,36,Straight Line
AS0000869536,0,Damoda Drone Battery,PT AIM,Komponen Drone,Registered Asset,2025-06-18,1655220.72,413805.18,1241415.54,36,Straight Line
AS0000869537,0,Damoda Drone Battery,PT AIM,Komponen Drone,Registered Asset,2025-06-18,1655220.72,413805.18,1241415.54,36,Straight Line
AS0000869538,0,Damoda Drone Battery,PT AIM,Komponen Drone,Registered Asset,2025-06-18,1655220.72,413805.18,1241415.54,36,Straight Line
AS0000869539,0,Damoda Drone Battery,PT AIM,Komponen Drone,Registered Asset,2025-06-18,1655220.72,413805.18,1241415.54,36,Straight Line
AS0000869540,0,Damoda Drone Battery,PT AIM,Komponen Drone,Registered Asset,2025-06-18,1655220.72,413805.18,1241415.54,36,Straight Line
AS0000869541,0,Damoda Drone Battery,PT AIM,Komponen Drone,Registered Asset,2025-06-18,1655220.72,413805.18,1241415.54,36,Straight Line
AS0000869542,0,Damoda Drone Battery,PT AIM,Komponen Drone,Registered Asset,2025-06-18,1655220.72,413805.18,1241415.54,36,Straight Line
AS0000869543,0,Damoda Drone Battery,PT AIM,Komponen Drone,Registered Asset,2025-06-18,1655220.72,413805.18,1241415.54,36,Straight Line
AS0000869544,0,Damoda Drone Battery,PT AIM,Komponen Drone,Registered Asset,2025-06-18,1655220.72,413805.18,1241415.54,36,Straight Line
AS0000869545,0,Damoda Drone Battery,PT AIM,Komponen Drone,Registered Asset,2025-06-18,1655220.72,413805.18,1241415.54,36,Straight Line
AS0000869546,0,Damoda Drone Battery,PT AIM,Komponen Drone,Registered Asset,2025-06-18,1655220.72,413805.18,1241415.54,36,Straight Line
AS0000869547,0,Damoda Drone Battery,PT AIM,Komponen Drone,Registered Asset,2025-06-18,1655220.72,413805.18,1241415.54,36,Straight Line
AS0000869548,0,Damoda Drone Battery,PT AIM,Komponen Drone,Registered Asset,2025-06-18,1655220.72,413805.18,1241415.54,36,Straight Line
AS0000869549,0,Damoda Drone Battery,PT AIM,Komponen Drone,Registered Asset,2025-06-18,1655220.72,413805.18,1241415.54,36,Straight Line
AS0000869550,0,Damoda Drone Battery,PT AIM,Komponen Drone,Registered Asset,2025-06-18,1655220.72,413805.18,1241415.54,36,Straight Line
AS0000869551,0,Damoda Drone Battery,PT AIM,Komponen Drone,Registered Asset,2025-06-18,1655220.72,413805.18,1241415.54,36,Straight Line
AS0000869552,0,Damoda Drone Battery,PT AIM,Komponen Drone,Registered Asset,2025-06-18,1655220.72,413805.18,1241415.54,36,Straight Line
AS0000869553,0,Damoda Drone Battery,PT AIM,Komponen Drone,Registered Asset,2025-06-18,1655220.72,413805.18,1241415.54,36,Straight Line
AS0000869554,0,Damoda Drone Battery,PT AIM,Komponen Drone,Registered Asset,2025-06-18,1655220.72,413805.18,1241415.54,36,Straight Line
AS0000869555,0,Damoda Drone Battery,PT AIM,Komponen Drone,Registered Asset,2025-06-18,1655220.72,413805.18,1241415.54,36,Straight Line
AS0000869556,0,Damoda Drone Battery,PT AIM,Komponen Drone,Registered Asset,2025-06-18,1655220.72,413805.18,1241415.54,36,Straight Line
AS0000869557,0,Damoda Drone Battery,PT AIM,Komponen Drone,Registered Asset,2025-06-18,1655220.72,413805.18,1241415.54,36,Straight Line
AS0000869558,0,Damoda Drone Battery,PT AIM,Komponen Drone,Registered Asset,2025-06-18,1655220.72,413805.18,1241415.54,36,Straight Line
AS0000869559,0,Damoda Drone Battery,PT AIM,Komponen Drone,Registered Asset,2025-06-18,1655220.72,413805.18,1241415.54,36,Straight Line
AS0000869560,0,Damoda Drone Battery,PT AIM,Komponen Drone,Registered Asset,2025-06-18,1655220.72,413805.18,1241415.54,36,Straight Line
AS0000869561,0,Damoda Drone Battery,PT AIM,Komponen Drone,Registered Asset,2025-06-18,1655220.72,413805.18,1241415.54,36,Straight Line
AS0000869562,0,Damoda Drone Battery,PT AIM,Komponen Drone,Registered Asset,2025-06-18,1655220.72,413805.18,1241415.54,36,Straight Line
AS0000869563,0,Damoda Drone Battery,PT AIM,Komponen Drone,Registered Asset,2025-06-18,1655220.72,413805.18,1241415.54,36,Straight Line
AS0000869564,0,Damoda Drone Battery,PT AIM,Komponen Drone,Registered Asset,2025-06-18,1655220.72,413805.18,1241415.54,36,Straight Line
AS0000869565,0,Damoda Drone Battery,PT AIM,Komponen Drone,Registered Asset,2025-06-18,1655220.72,413805.18,1241415.54,36,Straight Line
AS0000869566,0,Damoda Drone Battery,PT AIM,Komponen Drone,Registered Asset,2025-06-18,1655220.72,413805.18,1241415.54,36,Straight Line
AS0000869567,0,Damoda Drone Battery,PT AIM,Komponen Drone,Registered Asset,2025-06-18,1655220.72,413805.18,1241415.54,36,Straight Line
AS0000869568,0,Damoda Drone Battery,PT AIM,Komponen Drone,Registered Asset,2025-06-18,1655220.72,413805.18,1241415.54,36,Straight Line
AS0000869569,0,Damoda Drone Battery,PT AIM,Komponen Drone,Registered Asset,2025-06-18,1655220.72,413805.18,1241415.54,36,Straight Line
AS0000869570,0,Damoda Drone Battery,PT AIM,Komponen Drone,Registered Asset,2025-06-18,1655220.72,413805.18,1241415.54,36,Straight Line
AS0000869571,0,Damoda Drone Battery,PT AIM,Komponen Drone,Registered Asset,2025-06-18,1655220.72,413805.18,1241415.54,36,Straight Line
AS0000869572,0,Damoda Drone Battery,PT AIM,Komponen Drone,Registered Asset,2025-06-18,1655220.72,413805.18,1241415.54,36,Straight Line
AS0000869573,0,Damoda Drone Battery,PT AIM,Komponen Drone,Registered Asset,2025-06-18,1655220.72,413805.18,1241415.54,36,Straight Line
AS0000869574,0,Damoda Drone Battery,PT AIM,Komponen Drone,Registered Asset,2025-06-18,1655220.72,413805.18,1241415.54,36,Straight Line
AS0000869575,0,Damoda Drone Battery,PT AIM,Komponen Drone,Registered Asset,2025-06-18,1655220.72,413805.18,1241415.54,36,Straight Line
AS0000869576,0,Damoda Drone Battery,PT AIM,Komponen Drone,Registered Asset,2025-06-18,1655220.72,413805.18,1241415.54,36,Straight Line
AS0000869577,0,Damoda Drone Battery,PT AIM,Komponen Drone,Registered Asset,2025-06-18,1655220.72,413805.18,1241415.54,36,Straight Line
AS0000869578,0,Damoda Drone Battery,PT AIM,Komponen Drone,Registered Asset,2025-06-18,1655220.72,413805.18,1241415.54,36,Straight Line
AS0000869579,0,Damoda Drone Battery,PT AIM,Komponen Drone,Registered Asset,2025-06-18,1655220.72,413805.18,1241415.54,36,Straight Line
AS0000869580,0,Damoda Drone Battery,PT AIM,Komponen Drone,Registered Asset,2025-06-18,1655220.72,413805.18,1241415.54,36,Straight Line
AS0000869581,0,Damoda Drone Battery,PT AIM,Komponen Drone,Registered Asset,2025-06-18,1655220.72,413805.18,1241415.54,36,Straight Line
AS0000869582,0,Damoda Drone Battery,PT AIM,Komponen Drone,Registered Asset,2025-06-18,1655220.72,413805.18,1241415.54,36,Straight Line
AS0000869583,0,Damoda Drone Battery,PT AIM,Komponen Drone,Registered Asset,2025-06-18,1655220.72,413805.18,1241415.54,36,Straight Line
AS0000869584,0,Damoda Drone Battery,PT AIM,Komponen Drone,Registered Asset,2025-06-18,1655220.72,413805.18,1241415.54,36,Straight Line
AS0000869585,0,Damoda Drone Battery,PT AIM,Komponen Drone,Registered Asset,2025-06-18,1655220.72,413805.18,1241415.54,36,Straight Line
AS0000869586,0,Damoda Drone Battery,PT AIM,Komponen Drone,Registered Asset,2025-06-18,1655220.72,413805.18,1241415.54,36,Straight Line
AS0000869587,0,Damoda Drone Battery,PT AIM,Komponen Drone,Registered Asset,2025-06-18,1655220.72,413805.18,1241415.54,36,Straight Line
AS0000869588,0,Damoda Drone Battery,PT AIM,Komponen Drone,Registered Asset,2025-06-18,1655220.72,413805.18,1241415.54,36,Straight Line
AS0000869589,0,Damoda Drone Battery,PT AIM,Komponen Drone,Registered Asset,2025-06-18,1655220.72,413805.18,1241415.54,36,Straight Line
AS0000869590,0,Damoda Drone Battery,PT AIM,Komponen Drone,Registered Asset,2025-06-18,1655220.72,413805.18,1241415.54,36,Straight Line
AS0000869591,0,Damoda Drone Battery,PT AIM,Komponen Drone,Registered Asset,2025-06-18,1655220.72,413805.18,1241415.54,36,Straight Line
AS0000869592,0,Damoda Drone Battery,PT AIM,Komponen Drone,Registered Asset,2025-06-18,1655220.72,413805.18,1241415.54,36,Straight Line
AS0000869593,0,Damoda Drone Battery,PT AIM,Komponen Drone,Registered Asset,2025-06-18,1655220.72,413805.18,1241415.54,36,Straight Line
AS0000869594,0,Damoda Drone Battery,PT AIM,Komponen Drone,Registered Asset,2025-06-18,1655220.72,413805.18,1241415.54,36,Straight Line
AS0000869595,0,Damoda Drone Battery,PT AIM,Komponen Drone,Registered Asset,2025-06-18,1655220.72,413805.18,1241415.54,36,Straight Line
AS0000869596,0,Damoda Drone Battery,PT AIM,Komponen Drone,Registered Asset,2025-06-18,1655220.72,413805.18,1241415.54,36,Straight Line
AS0000869597,0,Damoda Drone Battery,PT AIM,Komponen Drone,Registered Asset,2025-06-18,1655220.72,413805.18,1241415.54,36,Straight Line
AS0000869598,0,Damoda Drone Battery,PT AIM,Komponen Drone,Registered Asset,2025-06-18,1655220.72,413805.18,1241415.54,36,Straight Line
AS0000869599,0,Damoda Drone Battery,PT AIM,Komponen Drone,Registered Asset,2025-06-18,1655220.72,413805.18,1241415.54,36,Straight Line
AS0000869600,0,Damoda Drone Battery,PT AIM,Komponen Drone,Registered Asset,2025-06-18,1655220.72,413805.18,1241415.54,36,Straight Line
AS0000869601,0,Damoda Drone Battery,PT AIM,Komponen Drone,Registered Asset,2025-06-18,1655220.72,413805.18,1241415.54,36,Straight Line
AS0000869602,0,Damoda Drone Battery,PT AIM,Komponen Drone,Registered Asset,2025-06-18,1655220.72,413805.18,1241415.54,36,Straight Line
AS0000869603,0,Damoda Drone Battery,PT AIM,Komponen Drone,Registered Asset,2025-06-18,1655220.72,413805.18,1241415.54,36,Straight Line
AS0000869604,0,Damoda Drone Battery,PT AIM,Komponen Drone,Registered Asset,2025-06-18,1655220.72,413805.18,1241415.54,36,Straight Line
AS0000869605,0,Damoda Drone Battery,PT AIM,Komponen Drone,Registered Asset,2025-06-18,1655220.72,413805.18,1241415.54,36,Straight Line
AS0000869606,0,Damoda Drone Battery,PT AIM,Komponen Drone,Registered Asset,2025-06-18,1655220.72,413805.18,1241415.54,36,Straight Line
AS0000869607,0,Damoda Drone Battery,PT AIM,Komponen Drone,Registered Asset,2025-06-18,1655220.72,413805.18,1241415.54,36,Straight Line
AS0000869608,0,Damoda Drone Battery,PT AIM,Komponen Drone,Registered Asset,2025-06-18,1655220.72,413805.18,1241415.54,36,Straight Line
AS0000869609,0,Damoda Drone Battery,PT AIM,Komponen Drone,Registered Asset,2025-06-18,1655220.72,413805.18,1241415.54,36,Straight Line
AS0000869610,0,Damoda Drone Battery,PT AIM,Komponen Drone,Registered Asset,2025-06-18,1655220.72,413805.18,1241415.54,36,Straight Line
AS0000869611,0,Damoda Drone Battery,PT AIM,Komponen Drone,Registered Asset,2025-06-18,1655220.72,413805.18,1241415.54,36,Straight Line
AS0000869612,0,Damoda Drone Battery,PT AIM,Komponen Drone,Registered Asset,2025-06-18,1655220.72,413805.18,1241415.54,36,Straight Line
AS0000869613,0,Damoda Drone Battery,PT AIM,Komponen Drone,Registered Asset,2025-06-18,1655220.72,413805.18,1241415.54,36,Straight Line
AS0000869614,0,Damoda Drone Battery,PT AIM,Komponen Drone,Registered Asset,2025-06-18,1655220.72,413805.18,1241415.54,36,Straight Line
AS0000869615,0,Damoda Drone Battery,PT AIM,Komponen Drone,Registered Asset,2025-06-18,1655220.72,413805.18,1241415.54,36,Straight Line
AS0000869616,0,Damoda Drone Battery,PT AIM,Komponen Drone,Registered Asset,2025-06-18,1655220.72,413805.18,1241415.54,36,Straight Line
AS0000869617,0,Damoda Drone Battery,PT AIM,Komponen Drone,Registered Asset,2025-06-18,1655220.72,413805.18,1241415.54,36,Straight Line
AS0000869618,0,Damoda Drone Battery,PT AIM,Komponen Drone,Registered Asset,2025-06-18,1655220.72,413805.18,1241415.54,36,Straight Line
AS0000869619,0,Damoda Drone Battery,PT AIM,Komponen Drone,Registered Asset,2025-06-18,1655220.72,413805.18,1241415.54,36,Straight Line
AS0000869620,0,Damoda Drone Battery,PT AIM,Komponen Drone,Registered Asset,2025-06-18,1655220.72,413805.18,1241415.54,36,Straight Line
AS0000869621,0,Damoda Drone Battery,PT AIM,Komponen Drone,Registered Asset,2025-06-18,1655220.72,413805.18,1241415.54,36,Straight Line
AS0000869622,0,Damoda Drone Battery,PT AIM,Komponen Drone,Registered Asset,2025-06-18,1655220.72,413805.18,1241415.54,36,Straight Line
AS0000869623,0,Damoda Drone Battery,PT AIM,Komponen Drone,Registered Asset,2025-06-18,1655220.72,413805.18,1241415.54,36,Straight Line
AS0000869624,0,Damoda Drone Battery,PT AIM,Komponen Drone,Registered Asset,2025-06-18,1655220.72,413805.18,1241415.54,36,Straight Line
AS0000869625,0,Damoda Drone Battery,PT AIM,Komponen Drone,Registered Asset,2025-06-18,1655220.72,413805.18,1241415.54,36,Straight Line
AS0000869626,0,Damoda Drone Battery,PT AIM,Komponen Drone,Registered Asset,2025-06-18,1655220.72,413805.18,1241415.54,36,Straight Line
AS0000869627,0,Damoda Drone Battery,PT AIM,Komponen Drone,Registered Asset,2025-06-18,1655220.72,413805.18,1241415.54,36,Straight Line
AS0000869628,0,Damoda Drone Battery,PT AIM,Komponen Drone,Registered Asset,2025-06-18,1655220.72,413805.18,1241415.54,36,Straight Line
AS0000869629,0,Damoda Drone Battery,PT AIM,Komponen Drone,Registered Asset,2025-06-18,1655220.72,413805.18,1241415.54,36,Straight Line
AS0000869630,0,Damoda Drone Battery,PT AIM,Komponen Drone,Registered Asset,2025-06-18,1655220.72,413805.18,1241415.54,36,Straight Line
AS0000869631,0,Damoda Drone Battery,PT AIM,Komponen Drone,Registered Asset,2025-06-18,1655220.72,413805.18,1241415.54,36,Straight Line
AS0000869632,0,Damoda Drone Battery,PT AIM,Komponen Drone,Registered Asset,2025-06-18,1655220.72,413805.18,1241415.54,36,Straight Line
AS0000869633,0,Damoda Drone Battery,PT AIM,Komponen Drone,Registered Asset,2025-06-18,1655220.72,413805.18,1241415.54,36,Straight Line
AS0000869634,0,Damoda Drone Battery,PT AIM,Komponen Drone,Registered Asset,2025-06-18,1655220.72,413805.18,1241415.54,36,Straight Line
AS0000869635,0,Damoda Drone Battery,PT AIM,Komponen Drone,Registered Asset,2025-06-18,1655220.72,413805.18,1241415.54,36,Straight Line
AS0000869636,0,Damoda Drone Battery,PT AIM,Komponen Drone,Registered Asset,2025-06-18,1655220.72,413805.18,1241415.54,36,Straight Line
AS0000869637,0,Damoda Drone Battery,PT AIM,Komponen Drone,Registered Asset,2025-06-18,1655220.72,413805.18,1241415.54,36,Straight Line
AS0000869638,0,Damoda Drone Battery,PT AIM,Komponen Drone,Registered Asset,2025-06-18,1655220.72,413805.18,1241415.54,36,Straight Line
AS0000869639,0,Damoda Drone Battery,PT AIM,Komponen Drone,Registered Asset,2025-06-18,1655220.72,413805.18,1241415.54,36,Straight Line
AS0000869640,0,Damoda Drone Battery,PT AIM,Komponen Drone,Registered Asset,2025-06-18,1655220.72,413805.18,1241415.54,36,Straight Line
AS0000869641,0,Damoda Drone Battery,PT AIM,Komponen Drone,Registered Asset,2025-06-18,1655220.72,413805.18,1241415.54,36,Straight Line
AS0000869642,0,Damoda Drone Battery,PT AIM,Komponen Drone,Registered Asset,2025-06-18,1655220.72,413805.18,1241415.54,36,Straight Line
AS0000869643,0,Damoda Drone Battery,PT AIM,Komponen Drone,Registered Asset,2025-06-18,1655220.72,413805.18,1241415.54,36,Straight Line
AS0000869644,0,Damoda Drone Battery,PT AIM,Komponen Drone,Registered Asset,2025-06-18,1655220.72,413805.18,1241415.54,36,Straight Line
AS0000869645,0,Damoda Drone Battery,PT AIM,Komponen Drone,Registered Asset,2025-06-18,1655220.72,413805.18,1241415.54,36,Straight Line
AS0000869646,0,Damoda Drone Battery,PT AIM,Komponen Drone,Registered Asset,2025-06-18,1655220.72,413805.18,1241415.54,36,Straight Line
AS0000869647,0,Damoda Drone Battery,PT AIM,Komponen Drone,Registered Asset,2025-06-18,1655220.72,413805.18,1241415.54,36,Straight Line
AS0000869648,0,Damoda Drone Battery,PT AIM,Komponen Drone,Registered Asset,2025-06-18,1655220.72,413805.18,1241415.54,36,Straight Line
AS0000869649,0,Damoda Drone Battery,PT AIM,Komponen Drone,Registered Asset,2025-06-18,1655220.72,413805.18,1241415.54,36,Straight Line
AS0000869650,0,Damoda Drone Battery,PT AIM,Komponen Drone,Registered Asset,2025-06-18,1655220.72,413805.18,1241415.54,36,Straight Line
AS0000869651,0,Damoda Drone Battery,PT AIM,Komponen Drone,Registered Asset,2025-06-18,1655220.72,413805.18,1241415.54,36,Straight Line
AS0000869652,0,Damoda Drone Battery,PT AIM,Komponen Drone,Registered Asset,2025-06-18,1655220.72,413805.18,1241415.54,36,Straight Line
AS0000869653,0,Damoda Drone Battery,PT AIM,Komponen Drone,Registered Asset,2025-06-18,1655220.72,413805.18,1241415.54,36,Straight Line
AS0000869654,0,Damoda Drone Battery,PT AIM,Komponen Drone,Registered Asset,2025-06-18,1655220.72,413805.18,1241415.54,36,Straight Line
AS0000869655,0,Damoda Drone Battery,PT AIM,Komponen Drone,Registered Asset,2025-06-18,1655220.72,413805.18,1241415.54,36,Straight Line
AS0000869656,0,Damoda Drone Battery,PT AIM,Komponen Drone,Registered Asset,2025-06-18,1655220.72,413805.18,1241415.54,36,Straight Line
AS0000869657,0,Damoda Drone Battery,PT AIM,Komponen Drone,Registered Asset,2025-06-18,1655220.72,413805.18,1241415.54,36,Straight Line
AS0000869658,0,Damoda Drone Battery,PT AIM,Komponen Drone,Registered Asset,2025-06-18,1655220.72,413805.18,1241415.54,36,Straight Line
AS0000869659,0,Damoda Drone Battery,PT AIM,Komponen Drone,Registered Asset,2025-06-18,1655220.72,413805.18,1241415.54,36,Straight Line
AS0000869660,0,Damoda Drone Battery,PT AIM,Komponen Drone,Registered Asset,2025-06-18,1655220.72,413805.18,1241415.54,36,Straight Line
AS0000869661,0,Damoda Drone Battery,PT AIM,Komponen Drone,Registered Asset,2025-06-18,1655220.72,413805.18,1241415.54,36,Straight Line
AS0000869662,0,Damoda Drone Battery,PT AIM,Komponen Drone,Registered Asset,2025-06-18,1655220.72,413805.18,1241415.54,36,Straight Line
AS0000869663,0,Damoda Drone Battery,PT AIM,Komponen Drone,Registered Asset,2025-06-18,1655220.72,413805.18,1241415.54,36,Straight Line
AS0000869664,0,Damoda Drone Battery,PT AIM,Komponen Drone,Registered Asset,2025-06-18,1655220.72,413805.18,1241415.54,36,Straight Line
AS0000869665,0,Damoda Drone Battery,PT AIM,Komponen Drone,Registered Asset,2025-06-18,1655220.72,413805.18,1241415.54,36,Straight Line
AS0000869666,0,Damoda Drone Battery,PT AIM,Komponen Drone,Registered Asset,2025-06-18,1655220.72,413805.18,1241415.54,36,Straight Line
AS0000869667,0,Damoda Drone Battery,PT AIM,Komponen Drone,Registered Asset,2025-06-18,1655220.72,413805.18,1241415.54,36,Straight Line
AS0000869668,0,Damoda Drone Battery,PT AIM,Komponen Drone,Registered Asset,2025-06-18,1655220.72,413805.18,1241415.54,36,Straight Line
AS0000869669,0,Damoda Drone Battery,PT AIM,Komponen Drone,Registered Asset,2025-06-18,1655220.72,413805.18,1241415.54,36,Straight Line
AS0000869670,0,Damoda Drone Battery,PT AIM,Komponen Drone,Registered Asset,2025-06-18,1655220.72,413805.18,1241415.54,36,Straight Line
AS0000869671,0,Damoda Drone Battery,PT AIM,Komponen Drone,Registered Asset,2025-06-18,1655220.72,413805.18,1241415.54,36,Straight Line
AS0000869672,0,Damoda Drone Battery,PT AIM,Komponen Drone,Registered Asset,2025-06-18,1655220.72,413805.18,1241415.54,36,Straight Line
AS0000869673,0,Damoda Drone Battery,PT AIM,Komponen Drone,Registered Asset,2025-06-18,1655220.72,413805.18,1241415.54,36,Straight Line
AS0000869674,0,Damoda Drone Battery,PT AIM,Komponen Drone,Registered Asset,2025-06-18,1655220.72,413805.18,1241415.54,36,Straight Line
AS0000869675,0,Damoda Drone Battery,PT AIM,Komponen Drone,Registered Asset,2025-06-18,1655220.72,413805.18,1241415.54,36,Straight Line
AS0000869676,0,Damoda Drone Battery,PT AIM,Komponen Drone,Registered Asset,2025-06-18,1655220.72,413805.18,1241415.54,36,Straight Line
AS0000869677,0,Damoda Drone Battery,PT AIM,Komponen Drone,Registered Asset,2025-06-18,1655220.72,413805.18,1241415.54,36,Straight Line
AS0000869678,0,Damoda Drone Battery,PT AIM,Komponen Drone,Registered Asset,2025-06-18,1655220.72,413805.18,1241415.54,36,Straight Line
AS0000869679,0,Damoda Drone Battery,PT AIM,Komponen Drone,Registered Asset,2025-06-18,1655220.72,413805.18,1241415.54,36,Straight Line
AS0000869680,0,Damoda Drone Battery,PT AIM,Komponen Drone,Registered Asset,2025-06-18,1655220.72,413805.18,1241415.54,36,Straight Line
AS0000869681,0,Damoda Drone Battery,PT AIM,Komponen Drone,Registered Asset,2025-06-18,1655220.72,413805.18,1241415.54,36,Straight Line
AS0000869682,0,Damoda Drone Battery,PT AIM,Komponen Drone,Registered Asset,2025-06-18,1655220.72,413805.18,1241415.54,36,Straight Line
AS0000869683,0,Damoda Drone Battery,PT AIM,Komponen Drone,Registered Asset,2025-06-18,1655220.72,413805.18,1241415.54,36,Straight Line
AS0000869684,0,Damoda Drone Battery,PT AIM,Komponen Drone,Registered Asset,2025-06-18,1655220.72,413805.18,1241415.54,36,Straight Line
AS0000869685,0,Damoda Drone Battery,PT AIM,Komponen Drone,Registered Asset,2025-06-18,1655220.72,413805.18,1241415.54,36,Straight Line
AS0000869686,0,Damoda Drone Battery,PT AIM,Komponen Drone,Registered Asset,2025-06-18,1655220.72,413805.18,1241415.54,36,Straight Line
AS0000869687,0,Damoda Drone Battery,PT AIM,Komponen Drone,Registered Asset,2025-06-18,1655220.72,413805.18,1241415.54,36,Straight Line
AS0000869688,0,Damoda Drone Battery,PT AIM,Komponen Drone,Registered Asset,2025-06-18,1655220.72,413805.18,1241415.54,36,Straight Line
AS0000869689,0,Damoda Drone Battery,PT AIM,Komponen Drone,Registered Asset,2025-06-18,1655220.72,413805.18,1241415.54,36,Straight Line
AS0000869690,0,Damoda Drone Battery,PT AIM,Komponen Drone,Registered Asset,2025-06-18,1655220.72,413805.18,1241415.54,36,Straight Line
AS0000869691,0,Damoda Drone Battery,PT AIM,Komponen Drone,Registered Asset,2025-06-18,1655220.72,413805.18,1241415.54,36,Straight Line
AS0000869692,0,Damoda Drone Battery,PT AIM,Komponen Drone,Registered Asset,2025-06-18,1655220.72,413805.18,1241415.54,36,Straight Line
AS0000869693,0,Damoda Drone Battery,PT AIM,Komponen Drone,Registered Asset,2025-06-18,1655220.72,413805.18,1241415.54,36,Straight Line
AS0000869694,0,Damoda Drone Battery,PT AIM,Komponen Drone,Registered Asset,2025-06-18,1655220.72,413805.18,1241415.54,36,Straight Line
AS0000869695,0,Damoda Drone Battery,PT AIM,Komponen Drone,Registered Asset,2025-06-18,1655220.72,413805.18,1241415.54,36,Straight Line
AS0000869696,0,Damoda Drone Battery,PT AIM,Komponen Drone,Registered Asset,2025-06-18,1655220.72,413805.18,1241415.54,36,Straight Line
AS0000869697,0,Damoda Drone Battery,PT AIM,Komponen Drone,Registered Asset,2025-06-18,1655220.72,413805.18,1241415.54,36,Straight Line
AS0000869698,0,Damoda Drone Battery,PT AIM,Komponen Drone,Registered Asset,2025-06-18,1655220.72,413805.18,1241415.54,36,Straight Line
AS0000869699,0,Damoda Drone Battery,PT AIM,Komponen Drone,Registered Asset,2025-06-18,1655220.72,413805.18,1241415.54,36,Straight Line
AS0000869700,0,Damoda Drone Battery,PT AIM,Komponen Drone,Registered Asset,2025-06-18,1655220.72,413805.18,1241415.54,36,Straight Line
AS0000869701,0,Damoda Drone Battery,PT AIM,Komponen Drone,Registered Asset,2025-06-18,1655220.72,413805.18,1241415.54,36,Straight Line
AS0000869702,0,Damoda Drone Battery,PT AIM,Komponen Drone,Registered Asset,2025-06-18,1655220.72,413805.18,1241415.54,36,Straight Line
AS0000869703,0,Damoda Drone Battery,PT AIM,Komponen Drone,Registered Asset,2025-06-18,1655220.72,413805.18,1241415.54,36,Straight Line
AS0000869704,0,Damoda Drone Battery,PT AIM,Komponen Drone,Registered Asset,2025-06-18,1655220.72,413805.18,1241415.54,36,Straight Line
AS0000869705,0,Damoda Drone Battery,PT AIM,Komponen Drone,Registered Asset,2025-06-18,1655220.72,413805.18,1241415.54,36,Straight Line
AS0000869706,0,Damoda Drone Battery,PT AIM,Komponen Drone,Registered Asset,2025-06-18,1655220.72,413805.18,1241415.54,36,Straight Line
AS0000869707,0,Damoda Drone Battery,PT AIM,Komponen Drone,Registered Asset,2025-06-18,1655220.72,413805.18,1241415.54,36,Straight Line
AS0000869708,0,Damoda Drone Battery,PT AIM,Komponen Drone,Registered Asset,2025-06-18,1655220.72,413805.18,1241415.54,36,Straight Line
AS0000869709,0,Damoda Drone Battery,PT AIM,Komponen Drone,Registered Asset,2025-06-18,1655220.72,413805.18,1241415.54,36,Straight Line
AS0000869710,0,Damoda Drone Battery,PT AIM,Komponen Drone,Registered Asset,2025-06-18,1655220.72,413805.18,1241415.54,36,Straight Line
AS0000869711,0,Damoda Drone Battery,PT AIM,Komponen Drone,Registered Asset,2025-06-18,1655220.72,413805.18,1241415.54,36,Straight Line
AS0000869712,0,Damoda Drone Battery,PT AIM,Komponen Drone,Registered Asset,2025-06-18,1655220.72,413805.18,1241415.54,36,Straight Line
AS0000869713,0,Damoda Drone Battery,PT AIM,Komponen Drone,Registered Asset,2025-06-18,1655220.72,413805.18,1241415.54,36,Straight Line
AS0000869714,0,Damoda Drone Battery,PT AIM,Komponen Drone,Registered Asset,2025-06-18,1655220.72,413805.18,1241415.54,36,Straight Line
AS0000869715,0,Damoda Drone Battery,PT AIM,Komponen Drone,Registered Asset,2025-06-18,1655220.72,413805.18,1241415.54,36,Straight Line
AS0000869716,0,Damoda Drone Battery,PT AIM,Komponen Drone,Registered Asset,2025-06-18,1655220.72,413805.18,1241415.54,36,Straight Line
AS0000869717,0,Damoda Drone Battery,PT AIM,Komponen Drone,Registered Asset,2025-06-18,1655220.72,413805.18,1241415.54,36,Straight Line
AS0000869718,0,Damoda Drone Battery,PT AIM,Komponen Drone,Registered Asset,2025-06-18,1655220.72,413805.18,1241415.54,36,Straight Line
AS0000869719,0,Damoda Drone Battery,PT AIM,Komponen Drone,Registered Asset,2025-06-18,1655220.72,413805.18,1241415.54,36,Straight Line
AS0000869720,0,Damoda Drone Battery,PT AIM,Komponen Drone,Registered Asset,2025-06-18,1655220.72,413805.18,1241415.54,36,Straight Line
AS0000869721,0,Damoda Drone Battery,PT AIM,Komponen Drone,Registered Asset,2025-06-18,1655220.72,413805.18,1241415.54,36,Straight Line
AS0000869722,0,Damoda Drone Battery,PT AIM,Komponen Drone,Registered Asset,2025-06-18,1655220.72,413805.18,1241415.54,36,Straight Line
AS0000869723,0,Damoda Drone Battery,PT AIM,Komponen Drone,Registered Asset,2025-06-18,1655220.72,413805.18,1241415.54,36,Straight Line
AS0000869724,0,Damoda Drone Battery,PT AIM,Komponen Drone,Registered Asset,2025-06-18,1655220.72,413805.18,1241415.54,36,Straight Line
AS0000869725,0,Damoda Drone Battery,PT AIM,Komponen Drone,Registered Asset,2025-06-18,1655220.72,413805.18,1241415.54,36,Straight Line
AS0000869726,0,Damoda Drone Battery,PT AIM,Komponen Drone,Registered Asset,2025-06-18,1655220.72,413805.18,1241415.54,36,Straight Line
AS0000869727,0,Damoda Drone Battery,PT AIM,Komponen Drone,Registered Asset,2025-06-18,1655220.72,413805.18,1241415.54,36,Straight Line
AS0000869728,0,Damoda Drone Battery,PT AIM,Komponen Drone,Registered Asset,2025-06-18,1655220.72,413805.18,1241415.54,36,Straight Line
AS0000869729,0,Damoda Drone Battery,PT AIM,Komponen Drone,Registered Asset,2025-06-18,1655220.72,413805.18,1241415.54,36,Straight Line
AS0000869730,0,Damoda Drone Battery,PT AIM,Komponen Drone,Registered Asset,2025-06-18,1655220.72,413805.18,1241415.54,36,Straight Line
AS0000869731,0,Damoda Drone Battery,PT AIM,Komponen Drone,Registered Asset,2025-06-18,1655220.72,413805.18,1241415.54,36,Straight Line
AS0000869732,0,Damoda Drone Battery,PT AIM,Komponen Drone,Registered Asset,2025-06-18,1655220.72,413805.18,1241415.54,36,Straight Line
AS0000869733,0,Damoda Drone Battery,PT AIM,Komponen Drone,Registered Asset,2025-06-18,1655220.72,413805.18,1241415.54,36,Straight Line
AS0000869734,0,Damoda Drone Battery,PT AIM,Komponen Drone,Registered Asset,2025-06-18,1655220.72,413805.18,1241415.54,36,Straight Line
AS0000869735,0,Damoda Drone Battery,PT AIM,Komponen Drone,Registered Asset,2025-06-18,1655220.72,413805.18,1241415.54,36,Straight Line
AS0000869736,0,Damoda Drone Battery,PT AIM,Komponen Drone,Registered Asset,2025-06-18,1655220.72,413805.18,1241415.54,36,Straight Line
AS0000869737,0,Damoda Drone Battery,PT AIM,Komponen Drone,Registered Asset,2025-06-18,1655220.72,413805.18,1241415.54,36,Straight Line
AS0000869738,0,Damoda Drone Battery,PT AIM,Komponen Drone,Registered Asset,2025-06-18,1655220.72,413805.18,1241415.54,36,Straight Line
AS0000869739,0,Damoda Drone Battery,PT AIM,Komponen Drone,Registered Asset,2025-06-18,1655220.72,413805.18,1241415.54,36,Straight Line
AS0000869740,0,Damoda Drone Battery,PT AIM,Komponen Drone,Registered Asset,2025-06-18,1655220.72,413805.18,1241415.54,36,Straight Line
AS0000869741,0,Damoda Drone Battery,PT AIM,Komponen Drone,Registered Asset,2025-06-18,1655220.72,413805.18,1241415.54,36,Straight Line
AS0000869742,0,Damoda Drone Battery,PT AIM,Komponen Drone,Registered Asset,2025-06-18,1655220.72,413805.18,1241415.54,36,Straight Line
AS0000869743,0,Damoda Drone Battery,PT AIM,Komponen Drone,Registered Asset,2025-06-18,1655220.72,413805.18,1241415.54,36,Straight Line
AS0000869744,0,Damoda Drone Battery,PT AIM,Komponen Drone,Registered Asset,2025-06-18,1655220.72,413805.18,1241415.54,36,Straight Line
AS0000869745,0,Damoda Drone Battery,PT AIM,Komponen Drone,Registered Asset,2025-06-18,1655220.72,413805.18,1241415.54,36,Straight Line
AS0000869746,0,Damoda Drone Battery,PT AIM,Komponen Drone,Registered Asset,2025-06-18,1655220.72,413805.18,1241415.54,36,Straight Line
AS0000869747,0,Damoda Drone Battery,PT AIM,Komponen Drone,Registered Asset,2025-06-18,1655220.72,413805.18,1241415.54,36,Straight Line
AS0000869748,0,Damoda Drone Battery,PT AIM,Komponen Drone,Registered Asset,2025-06-18,1655220.72,413805.18,1241415.54,36,Straight Line
AS0000869749,0,Damoda Drone Battery,PT AIM,Komponen Drone,Registered Asset,2025-06-18,1655220.72,413805.18,1241415.54,36,Straight Line
AS0000869750,0,Damoda Drone Battery,PT AIM,Komponen Drone,Registered Asset,2025-06-18,1655220.72,413805.18,1241415.54,36,Straight Line
AS0000869751,0,Damoda Drone Battery,PT AIM,Komponen Drone,Registered Asset,2025-06-18,1655220.72,413805.18,1241415.54,36,Straight Line
AS0000869752,0,Damoda Drone Battery,PT AIM,Komponen Drone,Registered Asset,2025-06-18,1655220.72,413805.18,1241415.54,36,Straight Line
AS0000869753,0,Damoda Drone Battery,PT AIM,Komponen Drone,Registered Asset,2025-06-18,1655220.72,413805.18,1241415.54,36,Straight Line
AS0000869754,0,Damoda Drone Battery,PT AIM,Komponen Drone,Registered Asset,2025-06-18,1655220.72,413805.18,1241415.54,36,Straight Line
AS0000869755,0,Damoda Drone Battery,PT AIM,Komponen Drone,Registered Asset,2025-06-18,1655220.72,413805.18,1241415.54,36,Straight Line
AS0000869756,0,Damoda Drone Battery,PT AIM,Komponen Drone,Registered Asset,2025-06-18,1655220.72,413805.18,1241415.54,36,Straight Line
AS0000869757,0,Damoda Drone Battery,PT AIM,Komponen Drone,Registered Asset,2025-06-18,1655220.72,413805.18,1241415.54,36,Straight Line
AS0000869758,0,Damoda Drone Battery,PT AIM,Komponen Drone,Registered Asset,2025-06-18,1655220.72,413805.18,1241415.54,36,Straight Line
AS0000869759,0,Damoda Drone Battery,PT AIM,Komponen Drone,Registered Asset,2025-06-18,1655220.72,413805.18,1241415.54,36,Straight Line
AS0000869760,0,Damoda Drone Battery,PT AIM,Komponen Drone,Registered Asset,2025-06-18,1655220.72,413805.18,1241415.54,36,Straight Line
AS0000869761,0,Damoda Drone Battery,PT AIM,Komponen Drone,Registered Asset,2025-06-18,1655220.72,413805.18,1241415.54,36,Straight Line
AS0000869762,0,Damoda Drone Battery,PT AIM,Komponen Drone,Registered Asset,2025-06-18,1655220.72,413805.18,1241415.54,36,Straight Line
AS0000869763,0,Damoda Drone Battery,PT AIM,Komponen Drone,Registered Asset,2025-06-18,1655220.72,413805.18,1241415.54,36,Straight Line
AS0000869764,0,Damoda Drone Battery,PT AIM,Komponen Drone,Registered Asset,2025-06-18,1655220.72,413805.18,1241415.54,36,Straight Line
AS0000869765,0,Damoda Drone Battery,PT AIM,Komponen Drone,Registered Asset,2025-06-18,1655220.72,413805.18,1241415.54,36,Straight Line
AS0000869766,0,Damoda Drone Battery,PT AIM,Komponen Drone,Registered Asset,2025-06-18,1655220.72,413805.18,1241415.54,36,Straight Line
AS0000869767,0,Damoda Drone Battery,PT AIM,Komponen Drone,Registered Asset,2025-06-18,1655220.72,413805.18,1241415.54,36,Straight Line
AS0000869768,0,Damoda Drone Battery,PT AIM,Komponen Drone,Registered Asset,2025-06-18,1655220.72,413805.18,1241415.54,36,Straight Line
AS0000869769,0,Damoda Drone Battery,PT AIM,Komponen Drone,Registered Asset,2025-06-18,1655220.72,413805.18,1241415.54,36,Straight Line
AS0000869770,0,Damoda Drone Battery,PT AIM,Komponen Drone,Registered Asset,2025-06-18,1655220.72,413805.18,1241415.54,36,Straight Line
AS0000869771,0,Damoda Drone Battery,PT AIM,Komponen Drone,Registered Asset,2025-06-18,1655220.72,413805.18,1241415.54,36,Straight Line
AS0000869772,0,Damoda Drone Battery,PT AIM,Komponen Drone,Registered Asset,2025-06-18,1655220.72,413805.18,1241415.54,36,Straight Line
AS0000869773,0,Damoda Drone Battery,PT AIM,Komponen Drone,Registered Asset,2025-06-18,1655220.72,413805.18,1241415.54,36,Straight Line
AS0000869774,0,Damoda Drone Battery,PT AIM,Komponen Drone,Registered Asset,2025-06-18,1655220.72,413805.18,1241415.54,36,Straight Line
AS0000869775,0,Damoda Drone Battery,PT AIM,Komponen Drone,Registered Asset,2025-06-18,1655220.72,413805.18,1241415.54,36,Straight Line
AS0000869776,0,Damoda Drone Battery,PT AIM,Komponen Drone,Registered Asset,2025-06-18,1655220.72,413805.18,1241415.54,36,Straight Line
AS0000869777,0,Damoda Drone Battery,PT AIM,Komponen Drone,Registered Asset,2025-06-18,1655220.72,413805.18,1241415.54,36,Straight Line
AS0000869778,0,Damoda Drone Battery,PT AIM,Komponen Drone,Registered Asset,2025-06-18,1655220.72,413805.18,1241415.54,36,Straight Line
AS0000869779,0,Damoda Drone Battery,PT AIM,Komponen Drone,Registered Asset,2025-06-18,1655220.72,413805.18,1241415.54,36,Straight Line
AS0000869780,0,Damoda Drone Battery,PT AIM,Komponen Drone,Registered Asset,2025-06-18,1655220.72,413805.18,1241415.54,36,Straight Line
AS0000869781,0,Damoda Drone Battery,PT AIM,Komponen Drone,Registered Asset,2025-06-18,1655220.72,413805.18,1241415.54,36,Straight Line
AS0000869782,0,Damoda Drone Battery,PT AIM,Komponen Drone,Registered Asset,2025-06-18,1655220.72,413805.18,1241415.54,36,Straight Line
AS0000869783,0,Damoda Drone Battery,PT AIM,Komponen Drone,Registered Asset,2025-06-18,1655220.72,413805.18,1241415.54,36,Straight Line
AS0000869784,0,Damoda Drone Battery,PT AIM,Komponen Drone,Registered Asset,2025-06-18,1655220.72,413805.18,1241415.54,36,Straight Line
AS0000869785,0,Damoda Drone Battery,PT AIM,Komponen Drone,Registered Asset,2025-06-18,1655220.72,413805.18,1241415.54,36,Straight Line
AS0000869786,0,Damoda Drone Battery,PT AIM,Komponen Drone,Registered Asset,2025-06-18,1655220.72,413805.18,1241415.54,36,Straight Line
AS0000869787,0,Damoda Drone Battery,PT AIM,Komponen Drone,Registered Asset,2025-06-18,1655220.72,413805.18,1241415.54,36,Straight Line
AS0000869788,0,Damoda Drone Battery,PT AIM,Komponen Drone,Registered Asset,2025-06-18,1655220.72,413805.18,1241415.54,36,Straight Line
AS0000869789,0,Damoda Drone Battery,PT AIM,Komponen Drone,Registered Asset,2025-06-18,1655220.72,413805.18,1241415.54,36,Straight Line
AS0000869790,0,Damoda Drone Battery,PT AIM,Komponen Drone,Registered Asset,2025-06-18,1655220.72,413805.18,1241415.54,36,Straight Line
AS0000869791,0,Damoda Drone Battery,PT AIM,Komponen Drone,Registered Asset,2025-06-18,1655220.72,413805.18,1241415.54,36,Straight Line
AS0000869792,0,Damoda Drone Battery,PT AIM,Komponen Drone,Registered Asset,2025-06-18,1655220.72,413805.18,1241415.54,36,Straight Line
AS0000869793,0,Damoda Drone Battery,PT AIM,Komponen Drone,Registered Asset,2025-06-18,1655220.72,413805.18,1241415.54,36,Straight Line
AS0000869794,0,Damoda Drone Battery,PT AIM,Komponen Drone,Registered Asset,2025-06-18,1655220.72,413805.18,1241415.54,36,Straight Line
AS0000869795,0,Damoda Drone Battery,PT AIM,Komponen Drone,Registered Asset,2025-06-18,1655220.72,413805.18,1241415.54,36,Straight Line
AS0000869796,0,Damoda Drone Battery,PT AIM,Komponen Drone,Registered Asset,2025-06-18,1655220.72,413805.18,1241415.54,36,Straight Line
AS0000869797,0,Damoda Drone Battery,PT AIM,Komponen Drone,Registered Asset,2025-06-18,1655220.72,413805.18,1241415.54,36,Straight Line
AS0000869798,0,Damoda Drone Battery,PT AIM,Komponen Drone,Registered Asset,2025-06-18,1655220.72,413805.18,1241415.54,36,Straight Line
AS0000869799,0,Damoda Drone Battery,PT AIM,Komponen Drone,Registered Asset,2025-06-18,1655220.72,413805.18,1241415.54,36,Straight Line
AS0000869800,0,Damoda Drone Battery,PT AIM,Komponen Drone,Registered Asset,2025-06-18,1655220.72,413805.18,1241415.54,36,Straight Line
AS0000869801,0,Damoda Drone Battery,PT AIM,Komponen Drone,Registered Asset,2025-06-18,1655220.72,413805.18,1241415.54,36,Straight Line
AS0000869802,0,Damoda Drone Battery,PT AIM,Komponen Drone,Registered Asset,2025-06-18,1655220.72,413805.18,1241415.54,36,Straight Line
AS0000869803,0,Damoda Drone Battery,PT AIM,Komponen Drone,Registered Asset,2025-06-18,1655220.72,413805.18,1241415.54,36,Straight Line
AS0000869804,0,Damoda Drone Battery,PT AIM,Komponen Drone,Registered Asset,2025-06-18,1655220.72,413805.18,1241415.54,36,Straight Line
AS0000869805,0,Damoda Drone Battery,PT AIM,Komponen Drone,Registered Asset,2025-06-18,1655220.72,413805.18,1241415.54,36,Straight Line
AS0000869806,0,Damoda Drone Battery,PT AIM,Komponen Drone,Registered Asset,2025-06-18,1655220.72,413805.18,1241415.54,36,Straight Line
AS0000869807,0,Damoda Drone Battery,PT AIM,Komponen Drone,Registered Asset,2025-06-18,1655220.72,413805.18,1241415.54,36,Straight Line
AS0000869808,0,Damoda Drone Battery,PT AIM,Komponen Drone,Registered Asset,2025-06-18,1655220.72,413805.18,1241415.54,36,Straight Line
AS0000869809,0,Damoda Drone Battery,PT AIM,Komponen Drone,Registered Asset,2025-06-18,1655220.72,413805.18,1241415.54,36,Straight Line
AS0000869810,0,Damoda Drone Battery,PT AIM,Komponen Drone,Registered Asset,2025-06-18,1655220.72,413805.18,1241415.54,36,Straight Line
AS0000869811,0,Damoda Drone Battery,PT AIM,Komponen Drone,Registered Asset,2025-06-18,1655220.72,413805.18,1241415.54,36,Straight Line
AS0000869812,0,Damoda Drone Battery,PT AIM,Komponen Drone,Registered Asset,2025-06-18,1655220.72,413805.18,1241415.54,36,Straight Line
AS0000869813,0,Damoda Drone Battery,PT AIM,Komponen Drone,Registered Asset,2025-06-18,1655220.72,413805.18,1241415.54,36,Straight Line
AS0000869814,0,Damoda Drone Battery,PT AIM,Komponen Drone,Registered Asset,2025-06-18,1655220.72,413805.18,1241415.54,36,Straight Line
AS0000869815,0,Damoda Drone Battery,PT AIM,Komponen Drone,Registered Asset,2025-06-18,1655220.72,413805.18,1241415.54,36,Straight Line
AS0000869816,0,Damoda Drone Battery,PT AIM,Komponen Drone,Registered Asset,2025-06-18,1655220.72,413805.18,1241415.54,36,Straight Line
AS0000869817,0,Damoda Drone Battery,PT AIM,Komponen Drone,Registered Asset,2025-06-18,1655220.72,413805.18,1241415.54,36,Straight Line
AS0000869818,0,Damoda Drone Battery,PT AIM,Komponen Drone,Registered Asset,2025-06-18,1655220.72,413805.18,1241415.54,36,Straight Line
AS0000869819,0,Damoda Drone Battery,PT AIM,Komponen Drone,Registered Asset,2025-06-18,1655220.72,413805.18,1241415.54,36,Straight Line
AS0000869820,0,Damoda Drone Battery,PT AIM,Komponen Drone,Registered Asset,2025-06-18,1655220.72,413805.18,1241415.54,36,Straight Line
AS0000869821,0,Damoda Drone Battery,PT AIM,Komponen Drone,Registered Asset,2025-06-18,1655220.72,413805.18,1241415.54,36,Straight Line
AS0000869822,0,Damoda Drone Battery,PT AIM,Komponen Drone,Registered Asset,2025-06-18,1655220.72,413805.18,1241415.54,36,Straight Line
AS0000869823,0,Damoda Drone Battery,PT AIM,Komponen Drone,Registered Asset,2025-06-18,1655220.72,413805.18,1241415.54,36,Straight Line
AS0000869824,0,Damoda Drone Battery,PT AIM,Komponen Drone,Registered Asset,2025-06-18,1655220.72,413805.18,1241415.54,36,Straight Line
AS0000869825,0,Damoda Drone Battery,PT AIM,Komponen Drone,Registered Asset,2025-06-18,1655220.72,413805.18,1241415.54,36,Straight Line
AS0000869826,0,Damoda Drone Battery,PT AIM,Komponen Drone,Registered Asset,2025-06-18,1655220.72,413805.18,1241415.54,36,Straight Line
AS0000869827,0,Damoda Drone Battery,PT AIM,Komponen Drone,Registered Asset,2025-06-18,1655220.72,413805.18,1241415.54,36,Straight Line
AS0000869828,0,Damoda Drone Battery,PT AIM,Komponen Drone,Registered Asset,2025-06-18,1655220.72,413805.18,1241415.54,36,Straight Line
AS0000869829,0,Damoda Drone Battery,PT AIM,Komponen Drone,Registered Asset,2025-06-18,1655220.72,413805.18,1241415.54,36,Straight Line
AS0000869830,0,Damoda Drone Battery,PT AIM,Komponen Drone,Registered Asset,2025-06-18,1655220.72,413805.18,1241415.54,36,Straight Line
AS0000869831,0,Damoda Drone Battery,PT AIM,Komponen Drone,Registered Asset,2025-06-18,1655220.72,413805.18,1241415.54,36,Straight Line
AS0000869832,0,Damoda Drone Battery,PT AIM,Komponen Drone,Registered Asset,2025-06-18,1655220.72,413805.18,1241415.54,36,Straight Line
AS0000869833,0,Damoda Drone Battery,PT AIM,Komponen Drone,Registered Asset,2025-06-18,1655220.72,413805.18,1241415.54,36,Straight Line
AS0000869834,0,Damoda Drone Battery,PT AIM,Komponen Drone,Registered Asset,2025-06-18,1655220.72,413805.18,1241415.54,36,Straight Line
AS0000869835,0,Damoda Drone Battery,PT AIM,Komponen Drone,Registered Asset,2025-06-18,1655220.72,413805.18,1241415.54,36,Straight Line
AS0000869836,0,Damoda Drone Battery,PT AIM,Komponen Drone,Registered Asset,2025-06-18,1655220.72,413805.18,1241415.54,36,Straight Line
AS0000869837,0,Damoda Drone Battery,PT AIM,Komponen Drone,Registered Asset,2025-06-18,1655220.72,413805.18,1241415.54,36,Straight Line
AS0000869838,0,Damoda Drone Battery,PT AIM,Komponen Drone,Registered Asset,2025-06-18,1655220.72,413805.18,1241415.54,36,Straight Line
AS0000869839,0,Damoda Drone Battery,PT AIM,Komponen Drone,Registered Asset,2025-06-18,1655220.72,413805.18,1241415.54,36,Straight Line
AS0000869840,0,Damoda Drone Battery,PT AIM,Komponen Drone,Registered Asset,2025-06-18,1655220.72,413805.18,1241415.54,36,Straight Line
AS0000869841,0,Damoda Drone Battery,PT AIM,Komponen Drone,Registered Asset,2025-06-18,1655220.72,413805.18,1241415.54,36,Straight Line
AS0000869842,0,Damoda Drone Battery,PT AIM,Komponen Drone,Registered Asset,2025-06-18,1655220.72,413805.18,1241415.54,36,Straight Line
AS0000869843,0,Damoda Drone Battery,PT AIM,Komponen Drone,Registered Asset,2025-06-18,1655220.72,413805.18,1241415.54,36,Straight Line
AS0000869844,0,Damoda Drone Battery,PT AIM,Komponen Drone,Registered Asset,2025-06-18,1655220.72,413805.18,1241415.54,36,Straight Line
AS0000869845,0,Damoda Drone Battery,PT AIM,Komponen Drone,Registered Asset,2025-06-18,1655220.72,413805.18,1241415.54,36,Straight Line
AS0000869846,0,Damoda Drone Battery,PT AIM,Komponen Drone,Registered Asset,2025-06-18,1655220.72,413805.18,1241415.54,36,Straight Line
AS0000869847,0,Damoda Drone Battery,PT AIM,Komponen Drone,Registered Asset,2025-06-18,1655220.72,413805.18,1241415.54,36,Straight Line
AS0000869848,0,Damoda Drone Battery,PT AIM,Komponen Drone,Registered Asset,2025-06-18,1655220.72,413805.18,1241415.54,36,Straight Line
AS0000869849,0,Damoda Drone Battery,PT AIM,Komponen Drone,Registered Asset,2025-06-18,1655220.72,413805.18,1241415.54,36,Straight Line
AS0000869850,0,Damoda Drone Battery,PT AIM,Komponen Drone,Registered Asset,2025-06-18,1655220.72,413805.18,1241415.54,36,Straight Line
AS0000869851,0,Damoda Drone Battery,PT AIM,Komponen Drone,Registered Asset,2025-06-18,1655220.72,413805.18,1241415.54,36,Straight Line
AS0000869852,0,Damoda Drone Battery,PT AIM,Komponen Drone,Registered Asset,2025-06-18,1655220.72,413805.18,1241415.54,36,Straight Line
AS0000869853,0,Damoda Drone Battery,PT AIM,Komponen Drone,Registered Asset,2025-06-18,1655220.72,413805.18,1241415.54,36,Straight Line
AS0000869854,0,Damoda Drone Battery,PT AIM,Komponen Drone,Registered Asset,2025-06-18,1655220.72,413805.18,1241415.54,36,Straight Line
AS0000869855,0,Damoda Drone Battery,PT AIM,Komponen Drone,Registered Asset,2025-06-18,1655220.72,413805.18,1241415.54,36,Straight Line
AS0000869856,0,Damoda Drone Battery,PT AIM,Komponen Drone,Registered Asset,2025-06-18,1655220.72,413805.18,1241415.54,36,Straight Line
AS0000869857,0,Damoda Drone Battery,PT AIM,Komponen Drone,Registered Asset,2025-06-18,1655220.72,413805.18,1241415.54,36,Straight Line
AS0000869858,0,Damoda Drone Battery,PT AIM,Komponen Drone,Registered Asset,2025-06-18,1655220.72,413805.18,1241415.54,36,Straight Line
AS0000869859,0,Damoda Drone Battery,PT AIM,Komponen Drone,Registered Asset,2025-06-18,1655220.72,413805.18,1241415.54,36,Straight Line
AS0000869860,0,Damoda Drone Battery,PT AIM,Komponen Drone,Registered Asset,2025-06-18,1655220.72,413805.18,1241415.54,36,Straight Line
AS0000869861,0,Damoda Drone Battery,PT AIM,Komponen Drone,Registered Asset,2025-06-18,1655220.72,413805.18,1241415.54,36,Straight Line
AS0000869862,0,Damoda Drone Battery,PT AIM,Komponen Drone,Registered Asset,2025-06-18,1655220.72,413805.18,1241415.54,36,Straight Line
AS0000869863,0,Damoda Drone Battery,PT AIM,Komponen Drone,Registered Asset,2025-06-18,1655220.72,413805.18,1241415.54,36,Straight Line
AS0000869864,0,Damoda Drone Battery,PT AIM,Komponen Drone,Registered Asset,2025-06-18,1655220.72,413805.18,1241415.54,36,Straight Line
AS0000869865,0,Damoda Drone Battery,PT AIM,Komponen Drone,Registered Asset,2025-06-18,1655220.72,413805.18,1241415.54,36,Straight Line
AS0000869866,0,Damoda Drone Battery,PT AIM,Komponen Drone,Registered Asset,2025-06-18,1655220.72,413805.18,1241415.54,36,Straight Line
AS0000869867,0,Damoda Drone Battery,PT AIM,Komponen Drone,Registered Asset,2025-06-18,1655220.72,413805.18,1241415.54,36,Straight Line
AS0000869868,0,Damoda Drone Battery,PT AIM,Komponen Drone,Registered Asset,2025-06-18,1655220.72,413805.18,1241415.54,36,Straight Line
AS0000869869,0,Damoda Drone Battery,PT AIM,Komponen Drone,Registered Asset,2025-06-18,1655220.72,413805.18,1241415.54,36,Straight Line
AS0000869870,0,Damoda Drone Battery,PT AIM,Komponen Drone,Registered Asset,2025-06-18,1655220.72,413805.18,1241415.54,36,Straight Line
AS0000869871,0,Damoda Drone Battery,PT AIM,Komponen Drone,Registered Asset,2025-06-18,1655220.72,413805.18,1241415.54,36,Straight Line
AS0000869872,0,Damoda Drone Battery,PT AIM,Komponen Drone,Registered Asset,2025-06-18,1655220.72,413805.18,1241415.54,36,Straight Line
AS0000869873,0,Damoda Drone Battery,PT AIM,Komponen Drone,Registered Asset,2025-06-18,1655220.72,413805.18,1241415.54,36,Straight Line
AS0000869874,0,Damoda Drone Battery,PT AIM,Komponen Drone,Registered Asset,2025-06-18,1655220.72,413805.18,1241415.54,36,Straight Line
AS0000869875,0,Damoda Drone Battery,PT AIM,Komponen Drone,Registered Asset,2025-06-18,1655220.72,413805.18,1241415.54,36,Straight Line
AS0000869876,0,Damoda Drone Battery,PT AIM,Komponen Drone,Registered Asset,2025-06-18,1655220.72,413805.18,1241415.54,36,Straight Line
AS0000869877,0,Damoda Drone Battery,PT AIM,Komponen Drone,Registered Asset,2025-06-18,1655220.72,413805.18,1241415.54,36,Straight Line
AS0000869878,0,Damoda Drone Battery,PT AIM,Komponen Drone,Registered Asset,2025-06-18,1655220.72,413805.18,1241415.54,36,Straight Line
AS0000869879,0,Damoda Drone Battery,PT AIM,Komponen Drone,Registered Asset,2025-06-18,1655220.72,413805.18,1241415.54,36,Straight Line
AS0000869880,0,Damoda Drone Battery,PT AIM,Komponen Drone,Registered Asset,2025-06-18,1655220.72,413805.18,1241415.54,36,Straight Line
AS0000869881,0,Damoda Drone Battery,PT AIM,Komponen Drone,Registered Asset,2025-06-18,1655220.72,413805.18,1241415.54,36,Straight Line
AS0000869882,0,Damoda Drone Battery,PT AIM,Komponen Drone,Registered Asset,2025-06-18,1655220.72,413805.18,1241415.54,36,Straight Line
AS0000869883,0,Damoda Drone Battery,PT AIM,Komponen Drone,Registered Asset,2025-06-18,1655220.72,413805.18,1241415.54,36,Straight Line
AS0000869884,0,Damoda Drone Battery,PT AIM,Komponen Drone,Registered Asset,2025-06-18,1655220.72,413805.18,1241415.54,36,Straight Line
AS0000869885,0,Damoda Drone Battery,PT AIM,Komponen Drone,Registered Asset,2025-06-18,1655220.72,413805.18,1241415.54,36,Straight Line
AS0000869886,0,Damoda Drone Battery,PT AIM,Komponen Drone,Registered Asset,2025-06-18,1655220.72,413805.18,1241415.54,36,Straight Line
AS0000869887,0,Damoda Drone Battery,PT AIM,Komponen Drone,Registered Asset,2025-06-18,1655220.72,413805.18,1241415.54,36,Straight Line
AS0000869888,0,Damoda Drone Battery,PT AIM,Komponen Drone,Registered Asset,2025-06-18,1655220.72,413805.18,1241415.54,36,Straight Line
AS0000869889,0,Damoda Drone Battery,PT AIM,Komponen Drone,Registered Asset,2025-06-18,1655220.72,413805.18,1241415.54,36,Straight Line
AS0000869890,0,Damoda Drone Battery,PT AIM,Komponen Drone,Registered Asset,2025-06-18,1655220.72,413805.18,1241415.54,36,Straight Line
AS0000869891,0,Damoda Drone Battery,PT AIM,Komponen Drone,Registered Asset,2025-06-18,1655220.72,413805.18,1241415.54,36,Straight Line
AS0000869892,0,Damoda Drone Battery,PT AIM,Komponen Drone,Registered Asset,2025-06-18,1655220.72,413805.18,1241415.54,36,Straight Line
AS0000869893,0,Damoda Drone Battery,PT AIM,Komponen Drone,Registered Asset,2025-06-18,1655220.72,413805.18,1241415.54,36,Straight Line
AS0000869894,0,Damoda Drone Battery,PT AIM,Komponen Drone,Registered Asset,2025-06-18,1655220.72,413805.18,1241415.54,36,Straight Line
AS0000869895,0,Damoda Drone Battery,PT AIM,Komponen Drone,Registered Asset,2025-06-18,1655220.72,413805.18,1241415.54,36,Straight Line
AS0000869896,0,Damoda Drone Battery,PT AIM,Komponen Drone,Registered Asset,2025-06-18,1655220.72,413805.18,1241415.54,36,Straight Line
AS0000869897,0,Damoda Drone Battery,PT AIM,Komponen Drone,Registered Asset,2025-06-18,1655220.72,413805.18,1241415.54,36,Straight Line
AS0000869898,0,Damoda Drone Battery,PT AIM,Komponen Drone,Registered Asset,2025-06-18,1655220.72,413805.18,1241415.54,36,Straight Line
AS0000869899,0,Damoda Drone Battery,PT AIM,Komponen Drone,Registered Asset,2025-06-18,1655220.72,413805.18,1241415.54,36,Straight Line
AS0000869900,0,Damoda Drone Battery,PT AIM,Komponen Drone,Registered Asset,2025-06-18,1655220.72,413805.18,1241415.54,36,Straight Line
AS0000869901,0,Damoda Drone Battery,PT AIM,Komponen Drone,Registered Asset,2025-06-18,1655220.72,413805.18,1241415.54,36,Straight Line
AS0000869902,0,Damoda Drone Battery,PT AIM,Komponen Drone,Registered Asset,2025-06-18,1655220.72,413805.18,1241415.54,36,Straight Line
AS0000869903,0,Damoda Drone Battery,PT AIM,Komponen Drone,Registered Asset,2025-06-18,1655220.72,413805.18,1241415.54,36,Straight Line
AS0000869904,0,Damoda Drone Battery,PT AIM,Komponen Drone,Registered Asset,2025-06-18,1655220.72,413805.18,1241415.54,36,Straight Line
AS0000869905,0,Damoda Drone Battery,PT AIM,Komponen Drone,Registered Asset,2025-06-18,1655220.72,413805.18,1241415.54,36,Straight Line
AS0000869906,0,Damoda Drone Battery,PT AIM,Komponen Drone,Registered Asset,2025-06-18,1655220.72,413805.18,1241415.54,36,Straight Line
AS0000869907,0,Damoda Drone Battery,PT AIM,Komponen Drone,Registered Asset,2025-06-18,1655220.72,413805.18,1241415.54,36,Straight Line
AS0000869908,0,Damoda Drone Battery,PT AIM,Komponen Drone,Registered Asset,2025-06-18,1655220.72,413805.18,1241415.54,36,Straight Line
AS0000869909,0,Damoda Drone Battery,PT AIM,Komponen Drone,Registered Asset,2025-06-18,1655220.72,413805.18,1241415.54,36,Straight Line
AS0000869910,0,Damoda Drone Battery,PT AIM,Komponen Drone,Registered Asset,2025-06-18,1655220.72,413805.18,1241415.54,36,Straight Line
AS0000869911,0,Damoda Drone Battery,PT AIM,Komponen Drone,Registered Asset,2025-06-18,1655220.72,413805.18,1241415.54,36,Straight Line
AS0000869912,0,Damoda Drone Battery,PT AIM,Komponen Drone,Registered Asset,2025-06-18,1655220.72,413805.18,1241415.54,36,Straight Line
AS0000869913,0,Damoda Drone Battery,PT AIM,Komponen Drone,Registered Asset,2025-06-18,1655220.72,413805.18,1241415.54,36,Straight Line
AS0000869914,0,Damoda Drone Battery,PT AIM,Komponen Drone,Registered Asset,2025-06-18,1655220.72,413805.18,1241415.54,36,Straight Line
AS0000869915,0,Damoda Drone Battery,PT AIM,Komponen Drone,Registered Asset,2025-06-18,1655220.72,413805.18,1241415.54,36,Straight Line
AS0000869916,0,Damoda Drone Battery,PT AIM,Komponen Drone,Registered Asset,2025-06-18,1655220.72,413805.18,1241415.54,36,Straight Line
AS0000869917,0,Damoda Drone Battery,PT AIM,Komponen Drone,Registered Asset,2025-06-18,1655220.72,413805.18,1241415.54,36,Straight Line
AS0000869918,0,Damoda Drone Battery,PT AIM,Komponen Drone,Registered Asset,2025-06-18,1655220.72,413805.18,1241415.54,36,Straight Line
AS0000869919,0,Damoda Drone Battery,PT AIM,Komponen Drone,Registered Asset,2025-06-18,1655220.72,413805.18,1241415.54,36,Straight Line
AS0000869920,0,Damoda Drone Battery,PT AIM,Komponen Drone,Registered Asset,2025-06-18,1655220.72,413805.18,1241415.54,36,Straight Line
AS0000869921,0,Damoda Drone Battery,PT AIM,Komponen Drone,Registered Asset,2025-06-18,1655220.72,413805.18,1241415.54,36,Straight Line
AS0000869922,0,Damoda Drone Battery,PT AIM,Komponen Drone,Registered Asset,2025-06-18,1655220.72,413805.18,1241415.54,36,Straight Line
AS0000869923,0,Damoda Drone Battery,PT AIM,Komponen Drone,Registered Asset,2025-06-18,1655220.72,413805.18,1241415.54,36,Straight Line
AS0000869924,0,Damoda Drone Battery,PT AIM,Komponen Drone,Registered Asset,2025-06-18,1655220.72,413805.18,1241415.54,36,Straight Line
AS0000869925,0,Damoda Drone Battery,PT AIM,Komponen Drone,Registered Asset,2025-06-18,1655220.72,413805.18,1241415.54,36,Straight Line
AS0000869926,0,Damoda Drone Battery,PT AIM,Komponen Drone,Registered Asset,2025-06-18,1655220.72,413805.18,1241415.54,36,Straight Line
AS0000869927,0,Damoda Drone Battery,PT AIM,Komponen Drone,Registered Asset,2025-06-18,1655220.72,413805.18,1241415.54,36,Straight Line
AS0000869928,0,Damoda Drone Battery,PT AIM,Komponen Drone,Registered Asset,2025-06-18,1655220.72,413805.18,1241415.54,36,Straight Line
AS0000869929,0,Damoda Drone Battery,PT AIM,Komponen Drone,Registered Asset,2025-06-18,1655220.72,413805.18,1241415.54,36,Straight Line
AS0000869930,0,Damoda Drone Battery,PT AIM,Komponen Drone,Registered Asset,2025-06-18,1655220.72,413805.18,1241415.54,36,Straight Line
AS0000869931,0,Damoda Drone Battery,PT AIM,Komponen Drone,Registered Asset,2025-06-18,1655220.72,413805.18,1241415.54,36,Straight Line
AS0000869932,0,Damoda Drone Battery,PT AIM,Komponen Drone,Registered Asset,2025-06-18,1655220.72,413805.18,1241415.54,36,Straight Line
AS0000869933,0,Damoda Drone Battery,PT AIM,Komponen Drone,Registered Asset,2025-06-18,1655220.72,413805.18,1241415.54,36,Straight Line
AS0000869934,0,Damoda Drone Battery,PT AIM,Komponen Drone,Registered Asset,2025-06-18,1655220.72,413805.18,1241415.54,36,Straight Line
AS0000869935,0,Damoda Drone Battery,PT AIM,Komponen Drone,Registered Asset,2025-06-18,1655220.72,413805.18,1241415.54,36,Straight Line
AS0000869936,0,Damoda Drone Battery,PT AIM,Komponen Drone,Registered Asset,2025-06-18,1655220.72,413805.18,1241415.54,36,Straight Line
AS0000869937,0,Damoda Drone Battery,PT AIM,Komponen Drone,Registered Asset,2025-06-18,1655220.72,413805.18,1241415.54,36,Straight Line
AS0000869938,0,Damoda Drone Battery,PT AIM,Komponen Drone,Registered Asset,2025-06-18,1655220.72,413805.18,1241415.54,36,Straight Line
AS0000869939,0,Damoda Drone Battery,PT AIM,Komponen Drone,Registered Asset,2025-06-18,1655220.72,413805.18,1241415.54,36,Straight Line
AS0000869940,0,Damoda Drone Battery,PT AIM,Komponen Drone,Registered Asset,2025-06-18,1655220.72,413805.18,1241415.54,36,Straight Line
AS0000869941,0,Damoda Drone Battery,PT AIM,Komponen Drone,Registered Asset,2025-06-18,1655220.72,413805.18,1241415.54,36,Straight Line
AS0000869942,0,Damoda Drone Battery,PT AIM,Komponen Drone,Registered Asset,2025-06-18,1655220.72,413805.18,1241415.54,36,Straight Line
AS0000869943,0,Damoda Drone Battery,PT AIM,Komponen Drone,Registered Asset,2025-06-18,1655220.72,413805.18,1241415.54,36,Straight Line
AS0000869944,0,Damoda Drone Battery,PT AIM,Komponen Drone,Registered Asset,2025-06-18,1655220.72,413805.18,1241415.54,36,Straight Line
AS0000869945,0,Damoda Drone Battery,PT AIM,Komponen Drone,Registered Asset,2025-06-18,1655220.72,413805.18,1241415.54,36,Straight Line
AS0000869946,0,Damoda Drone Battery,PT AIM,Komponen Drone,Registered Asset,2025-06-18,1655220.72,413805.18,1241415.54,36,Straight Line
AS0000869947,0,Damoda Drone Battery,PT AIM,Komponen Drone,Registered Asset,2025-06-18,1655220.72,413805.18,1241415.54,36,Straight Line
AS0000869948,0,Damoda Drone Battery,PT AIM,Komponen Drone,Registered Asset,2025-06-18,1655220.72,413805.18,1241415.54,36,Straight Line
AS0000869949,0,Damoda Drone Battery,PT AIM,Komponen Drone,Registered Asset,2025-06-18,1655220.72,413805.18,1241415.54,36,Straight Line
AS0000869950,0,Damoda Drone Battery,PT AIM,Komponen Drone,Registered Asset,2025-06-18,1655220.72,413805.18,1241415.54,36,Straight Line
AS0000869951,0,Damoda Drone Battery,PT AIM,Komponen Drone,Registered Asset,2025-06-18,1655220.72,413805.18,1241415.54,36,Straight Line
AS0000869952,0,Damoda Drone Battery,PT AIM,Komponen Drone,Registered Asset,2025-06-18,1655220.72,413805.18,1241415.54,36,Straight Line
AS0000869953,0,Damoda Drone Battery,PT AIM,Komponen Drone,Registered Asset,2025-06-18,1655220.72,413805.18,1241415.54,36,Straight Line
AS0000869954,0,Damoda Drone Battery,PT AIM,Komponen Drone,Registered Asset,2025-06-18,1655220.72,413805.18,1241415.54,36,Straight Line
AS0000869955,0,Damoda Drone Battery,PT AIM,Komponen Drone,Registered Asset,2025-06-18,1655220.72,413805.18,1241415.54,36,Straight Line
AS0000869956,0,Damoda Drone Battery,PT AIM,Komponen Drone,Registered Asset,2025-06-18,1655220.72,413805.18,1241415.54,36,Straight Line
AS0000869957,0,Damoda Drone Battery,PT AIM,Komponen Drone,Registered Asset,2025-06-18,1655220.72,413805.18,1241415.54,36,Straight Line
AS0000869958,0,Damoda Drone Battery,PT AIM,Komponen Drone,Registered Asset,2025-06-18,1655220.72,413805.18,1241415.54,36,Straight Line
AS0000869959,0,Damoda Drone Battery,PT AIM,Komponen Drone,Registered Asset,2025-06-18,1655220.72,413805.18,1241415.54,36,Straight Line
AS0000869960,0,Damoda Drone Battery,PT AIM,Komponen Drone,Registered Asset,2025-06-18,1655220.72,413805.18,1241415.54,36,Straight Line
AS0000869961,0,Damoda Drone Battery,PT AIM,Komponen Drone,Registered Asset,2025-06-18,1655220.72,413805.18,1241415.54,36,Straight Line
AS0000869962,0,Damoda Drone Battery,PT AIM,Komponen Drone,Registered Asset,2025-06-18,1655220.72,413805.18,1241415.54,36,Straight Line
AS0000869963,0,Damoda Drone Battery,PT AIM,Komponen Drone,Registered Asset,2025-06-18,1655220.72,413805.18,1241415.54,36,Straight Line
AS0000869964,0,Damoda Drone Battery,PT AIM,Komponen Drone,Registered Asset,2025-06-18,1655220.72,413805.18,1241415.54,36,Straight Line
AS0000869965,0,Damoda Drone Battery,PT AIM,Komponen Drone,Registered Asset,2025-06-18,1655220.72,413805.18,1241415.54,36,Straight Line
AS0000869966,0,Damoda Drone Battery,PT AIM,Komponen Drone,Registered Asset,2025-06-18,1655220.72,413805.18,1241415.54,36,Straight Line
AS0000869967,0,Damoda Drone Battery,PT AIM,Komponen Drone,Registered Asset,2025-06-18,1655220.72,413805.18,1241415.54,36,Straight Line
AS0000869968,0,Damoda Drone Battery,PT AIM,Komponen Drone,Registered Asset,2025-06-18,1655220.72,413805.18,1241415.54,36,Straight Line
AS0000869969,0,Damoda Drone Battery,PT AIM,Komponen Drone,Registered Asset,2025-06-18,1655220.72,413805.18,1241415.54,36,Straight Line
AS0000869970,0,Damoda Drone Battery,PT AIM,Komponen Drone,Registered Asset,2025-06-18,1655220.72,413805.18,1241415.54,36,Straight Line
AS0000869971,0,Damoda Drone Battery,PT AIM,Komponen Drone,Registered Asset,2025-06-18,1655220.72,413805.18,1241415.54,36,Straight Line
AS0000869972,0,Damoda Drone Battery,PT AIM,Komponen Drone,Registered Asset,2025-06-18,1655220.72,413805.18,1241415.54,36,Straight Line
AS0000869973,0,Damoda Drone Battery,PT AIM,Komponen Drone,Registered Asset,2025-06-18,1655220.72,413805.18,1241415.54,36,Straight Line
AS0000869974,0,Damoda Drone Battery,PT AIM,Komponen Drone,Registered Asset,2025-06-18,1655220.72,413805.18,1241415.54,36,Straight Line
AS0000869975,0,Damoda Drone Battery,PT AIM,Komponen Drone,Registered Asset,2025-06-18,1655220.72,413805.18,1241415.54,36,Straight Line
AS0000869976,0,Damoda Drone Battery,PT AIM,Komponen Drone,Registered Asset,2025-06-18,1655220.72,413805.18,1241415.54,36,Straight Line
AS0000869977,0,Damoda Drone Battery,PT AIM,Komponen Drone,Registered Asset,2025-06-18,1655220.72,413805.18,1241415.54,36,Straight Line
AS0000869978,0,Damoda Drone Battery,PT AIM,Komponen Drone,Registered Asset,2025-06-18,1655220.72,413805.18,1241415.54,36,Straight Line
AS0000869979,0,Damoda Drone Battery,PT AIM,Komponen Drone,Registered Asset,2025-06-18,1655220.72,413805.18,1241415.54,36,Straight Line
AS0000869980,0,Damoda Drone Battery,PT AIM,Komponen Drone,Registered Asset,2025-06-18,1655220.72,413805.18,1241415.54,36,Straight Line
AS0000869981,0,Damoda Drone Battery,PT AIM,Komponen Drone,Registered Asset,2025-06-18,1655220.72,413805.18,1241415.54,36,Straight Line
AS0000869982,0,Damoda Drone Battery,PT AIM,Komponen Drone,Registered Asset,2025-06-18,1655220.72,413805.18,1241415.54,36,Straight Line
AS0000869983,0,Damoda Drone Battery,PT AIM,Komponen Drone,Registered Asset,2025-06-18,1655220.72,413805.18,1241415.54,36,Straight Line
AS0000869984,0,Damoda Drone Battery,PT AIM,Komponen Drone,Registered Asset,2025-06-18,1655220.72,413805.18,1241415.54,36,Straight Line
AS0000869985,0,Damoda Drone Battery,PT AIM,Komponen Drone,Registered Asset,2025-06-18,1655220.72,413805.18,1241415.54,36,Straight Line
AS0000869986,0,Damoda Drone Battery,PT AIM,Komponen Drone,Registered Asset,2025-06-18,1655220.72,413805.18,1241415.54,36,Straight Line
AS0000869987,0,Damoda Drone Battery,PT AIM,Komponen Drone,Registered Asset,2025-06-18,1655220.72,413805.18,1241415.54,36,Straight Line
AS0000869988,0,Damoda Drone Battery,PT AIM,Komponen Drone,Registered Asset,2025-06-18,1655220.72,413805.18,1241415.54,36,Straight Line
AS0000869989,0,Damoda Drone Battery,PT AIM,Komponen Drone,Registered Asset,2025-06-18,1655220.72,413805.18,1241415.54,36,Straight Line
AS0000869990,0,Damoda Drone Battery,PT AIM,Komponen Drone,Registered Asset,2025-06-18,1655220.72,413805.18,1241415.54,36,Straight Line
AS0000869991,0,Damoda Drone Battery,PT AIM,Komponen Drone,Registered Asset,2025-06-18,1655220.72,413805.18,1241415.54,36,Straight Line
AS0000869992,0,Damoda Drone Battery,PT AIM,Komponen Drone,Registered Asset,2025-06-18,1655220.72,413805.18,1241415.54,36,Straight Line
AS0000869993,0,Damoda Drone Battery,PT AIM,Komponen Drone,Registered Asset,2025-06-18,1655220.72,413805.18,1241415.54,36,Straight Line
AS0000869994,0,Damoda Drone Battery,PT AIM,Komponen Drone,Registered Asset,2025-06-18,1655220.72,413805.18,1241415.54,36,Straight Line
AS0000869995,0,Damoda Drone Battery,PT AIM,Komponen Drone,Registered Asset,2025-06-18,1655220.72,413805.18,1241415.54,36,Straight Line
AS0000869996,0,Damoda Drone Battery,PT AIM,Komponen Drone,Registered Asset,2025-06-18,1655220.72,413805.18,1241415.54,36,Straight Line
AS0000869997,0,Damoda Drone Battery,PT AIM,Komponen Drone,Registered Asset,2025-06-18,1655220.72,413805.18,1241415.54,36,Straight Line
AS0000869998,0,Damoda Drone Battery,PT AIM,Komponen Drone,Registered Asset,2025-06-18,1655220.72,413805.18,1241415.54,36,Straight Line
AS0000869999,0,Damoda Drone Battery,PT AIM,Komponen Drone,Registered Asset,2025-06-18,1655220.72,413805.18,1241415.54,36,Straight Line
AS0000870000,0,Damoda Drone Battery,PT AIM,Komponen Drone,Registered Asset,2025-06-18,1655220.72,413805.18,1241415.54,36,Straight Line
AS0000870001,0,Damoda Drone Battery,PT AIM,Komponen Drone,Registered Asset,2025-06-18,1655220.72,413805.18,1241415.54,36,Straight Line
AS0000870002,0,Damoda Drone Battery,PT AIM,Komponen Drone,Registered Asset,2025-06-18,1655220.72,413805.18,1241415.54,36,Straight Line
AS0000870003,0,Damoda Drone Battery,PT AIM,Komponen Drone,Registered Asset,2025-06-18,1655220.72,413805.18,1241415.54,36,Straight Line
AS0000870004,0,Damoda Drone Battery,PT AIM,Komponen Drone,Registered Asset,2025-06-18,1655220.72,413805.18,1241415.54,36,Straight Line
AS0000870005,0,Damoda Drone Battery,PT AIM,Komponen Drone,Registered Asset,2025-06-18,1655220.72,413805.18,1241415.54,36,Straight Line
AS0000870006,0,Damoda Drone Battery,PT AIM,Komponen Drone,Registered Asset,2025-06-18,1655220.72,413805.18,1241415.54,36,Straight Line
AS0000870007,0,Damoda Drone Battery,PT AIM,Komponen Drone,Registered Asset,2025-06-18,1655220.72,413805.18,1241415.54,36,Straight Line
AS0000870008,0,Damoda Drone Battery,PT AIM,Komponen Drone,Registered Asset,2025-06-18,1655220.72,413805.18,1241415.54,36,Straight Line
AS0000870009,0,Damoda Drone Battery,PT AIM,Komponen Drone,Registered Asset,2025-06-18,1655220.72,413805.18,1241415.54,36,Straight Line
AS0000870010,0,Damoda Drone Battery,PT AIM,Komponen Drone,Registered Asset,2025-06-18,1655220.72,413805.18,1241415.54,36,Straight Line
AS0000870011,0,Damoda Drone Battery,PT AIM,Komponen Drone,Registered Asset,2025-06-18,1655220.72,413805.18,1241415.54,36,Straight Line
AS0000870012,0,Damoda Drone Battery,PT AIM,Komponen Drone,Registered Asset,2025-06-18,1655220.72,413805.18,1241415.54,36,Straight Line
AS0000870013,0,Damoda Drone Battery,PT AIM,Komponen Drone,Registered Asset,2025-06-18,1655220.72,413805.18,1241415.54,36,Straight Line
AS0000870014,0,Damoda Drone Battery,PT AIM,Komponen Drone,Registered Asset,2025-06-18,1655220.72,413805.18,1241415.54,36,Straight Line
AS0000870015,0,Damoda Drone Battery,PT AIM,Komponen Drone,Registered Asset,2025-06-18,1655220.72,413805.18,1241415.54,36,Straight Line
AS0000870016,0,Damoda Drone Battery,PT AIM,Komponen Drone,Registered Asset,2025-06-18,1655220.72,413805.18,1241415.54,36,Straight Line
AS0000870017,0,Damoda Drone Battery,PT AIM,Komponen Drone,Registered Asset,2025-06-18,1655220.72,413805.18,1241415.54,36,Straight Line
AS0000870018,0,Damoda Drone Battery,PT AIM,Komponen Drone,Registered Asset,2025-06-18,1655220.72,413805.18,1241415.54,36,Straight Line
AS0000870019,0,Damoda Drone Battery,PT AIM,Komponen Drone,Registered Asset,2025-06-18,1655220.72,413805.18,1241415.54,36,Straight Line
AS0000870020,0,Damoda Drone Battery,PT AIM,Komponen Drone,Registered Asset,2025-06-18,1655220.72,413805.18,1241415.54,36,Straight Line
AS0000870021,0,Damoda Drone Battery,PT AIM,Komponen Drone,Registered Asset,2025-06-18,1655220.72,413805.18,1241415.54,36,Straight Line
AS0000870022,0,Damoda Drone Battery,PT AIM,Komponen Drone,Registered Asset,2025-06-18,1655220.72,413805.18,1241415.54,36,Straight Line
AS0000870023,0,Damoda Drone Battery,PT AIM,Komponen Drone,Registered Asset,2025-06-18,1655220.72,413805.18,1241415.54,36,Straight Line
AS0000870024,0,Damoda Drone Battery,PT AIM,Komponen Drone,Registered Asset,2025-06-18,1655220.72,413805.18,1241415.54,36,Straight Line
AS0000870025,0,Damoda Drone Battery,PT AIM,Komponen Drone,Registered Asset,2025-06-18,1655220.72,413805.18,1241415.54,36,Straight Line
AS0000870026,0,Damoda Drone Battery,PT AIM,Komponen Drone,Registered Asset,2025-06-18,1655220.72,413805.18,1241415.54,36,Straight Line
AS0000870027,0,Damoda Drone Battery,PT AIM,Komponen Drone,Registered Asset,2025-06-18,1655220.72,413805.18,1241415.54,36,Straight Line
AS0000870028,0,Damoda Drone Battery,PT AIM,Komponen Drone,Registered Asset,2025-06-18,1655220.72,413805.18,1241415.54,36,Straight Line
AS0000870029,0,Damoda Drone Battery,PT AIM,Komponen Drone,Registered Asset,2025-06-18,1655220.72,413805.18,1241415.54,36,Straight Line
AS0000870030,0,Damoda Drone Battery,PT AIM,Komponen Drone,Registered Asset,2025-06-18,1655220.72,413805.18,1241415.54,36,Straight Line
AS0000870031,0,Damoda Drone Battery,PT AIM,Komponen Drone,Registered Asset,2025-06-18,1655220.72,413805.18,1241415.54,36,Straight Line
AS0000870032,0,Damoda Drone Battery,PT AIM,Komponen Drone,Registered Asset,2025-06-18,1655220.72,413805.18,1241415.54,36,Straight Line
AS0000870033,0,Damoda Drone Battery,PT AIM,Komponen Drone,Registered Asset,2025-06-18,1655220.72,413805.18,1241415.54,36,Straight Line
AS0000870034,0,Damoda Drone Battery,PT AIM,Komponen Drone,Registered Asset,2025-06-18,1655220.72,413805.18,1241415.54,36,Straight Line
AS0000870035,0,Damoda Drone Battery,PT AIM,Komponen Drone,Registered Asset,2025-06-18,1655220.72,413805.18,1241415.54,36,Straight Line
AS0000870036,0,Damoda Drone Battery,PT AIM,Komponen Drone,Registered Asset,2025-06-18,1655220.72,413805.18,1241415.54,36,Straight Line
AS0000870037,0,Damoda Drone Battery,PT AIM,Komponen Drone,Registered Asset,2025-06-18,1655220.72,413805.18,1241415.54,36,Straight Line
AS0000870038,0,Damoda Drone Battery,PT AIM,Komponen Drone,Registered Asset,2025-06-18,1655220.72,413805.18,1241415.54,36,Straight Line
AS0000870039,0,Damoda Drone Battery,PT AIM,Komponen Drone,Registered Asset,2025-06-18,1655220.72,413805.18,1241415.54,36,Straight Line
AS0000870040,0,Damoda Drone Battery,PT AIM,Komponen Drone,Registered Asset,2025-06-18,1655220.72,413805.18,1241415.54,36,Straight Line
AS0000870041,0,Damoda Drone Battery,PT AIM,Komponen Drone,Registered Asset,2025-06-18,1655220.72,413805.18,1241415.54,36,Straight Line
AS0000870042,0,Damoda Drone Battery,PT AIM,Komponen Drone,Registered Asset,2025-06-18,1655220.72,413805.18,1241415.54,36,Straight Line
AS0000870043,0,Damoda Drone Battery,PT AIM,Komponen Drone,Registered Asset,2025-06-18,1655220.72,413805.18,1241415.54,36,Straight Line
AS0000870044,0,Damoda Drone Battery,PT AIM,Komponen Drone,Registered Asset,2025-06-18,1655220.72,413805.18,1241415.54,36,Straight Line
AS0000870045,0,Damoda Drone Battery,PT AIM,Komponen Drone,Registered Asset,2025-06-18,1655220.72,413805.18,1241415.54,36,Straight Line
AS0000870046,0,Damoda Drone Battery,PT AIM,Komponen Drone,Registered Asset,2025-06-18,1655220.72,413805.18,1241415.54,36,Straight Line
AS0000870047,0,Damoda Drone Battery,PT AIM,Komponen Drone,Registered Asset,2025-06-18,1655220.72,413805.18,1241415.54,36,Straight Line
AS0000870048,0,Damoda Drone Battery,PT AIM,Komponen Drone,Registered Asset,2025-06-18,1655220.72,413805.18,1241415.54,36,Straight Line
AS0000870049,0,Damoda Drone Battery,PT AIM,Komponen Drone,Registered Asset,2025-06-18,1655220.72,413805.18,1241415.54,36,Straight Line
AS0000870050,0,Damoda Drone Battery,PT AIM,Komponen Drone,Registered Asset,2025-06-18,1655220.72,413805.18,1241415.54,36,Straight Line
AS0000870051,0,Damoda Drone Battery,PT AIM,Komponen Drone,Registered Asset,2025-06-18,1655220.72,413805.18,1241415.54,36,Straight Line
AS0000870052,0,Damoda Drone Battery,PT AIM,Komponen Drone,Registered Asset,2025-06-18,1655220.72,413805.18,1241415.54,36,Straight Line
AS0000870053,0,Damoda Drone Battery,PT AIM,Komponen Drone,Registered Asset,2025-06-18,1655220.72,413805.18,1241415.54,36,Straight Line
AS0000870054,0,Damoda Drone Battery,PT AIM,Komponen Drone,Registered Asset,2025-06-18,1655220.72,413805.18,1241415.54,36,Straight Line
AS0000870055,0,Damoda Drone Battery,PT AIM,Komponen Drone,Registered Asset,2025-06-18,1655220.72,413805.18,1241415.54,36,Straight Line
AS0000870056,0,Damoda Drone Battery,PT AIM,Komponen Drone,Registered Asset,2025-06-18,1655220.72,413805.18,1241415.54,36,Straight Line
AS0000870057,0,Damoda Drone Battery,PT AIM,Komponen Drone,Registered Asset,2025-06-18,1655220.72,413805.18,1241415.54,36,Straight Line
AS0000870058,0,Damoda Drone Battery,PT AIM,Komponen Drone,Registered Asset,2025-06-18,1655220.72,413805.18,1241415.54,36,Straight Line
AS0000870059,0,Damoda Drone Battery,PT AIM,Komponen Drone,Registered Asset,2025-06-18,1655220.72,413805.18,1241415.54,36,Straight Line
AS0000870060,0,Damoda Drone Battery,PT AIM,Komponen Drone,Registered Asset,2025-06-18,1655220.72,413805.18,1241415.54,36,Straight Line
AS0000870061,0,Damoda Drone Battery,PT AIM,Komponen Drone,Registered Asset,2025-06-18,1655220.72,413805.18,1241415.54,36,Straight Line
AS0000870062,0,Damoda Drone Battery,PT AIM,Komponen Drone,Registered Asset,2025-06-18,1655220.72,413805.18,1241415.54,36,Straight Line
AS0000870063,0,Damoda Drone Battery,PT AIM,Komponen Drone,Registered Asset,2025-06-18,1655220.72,413805.18,1241415.54,36,Straight Line
AS0000870064,0,Damoda Drone Battery,PT AIM,Komponen Drone,Registered Asset,2025-06-18,1655220.72,413805.18,1241415.54,36,Straight Line
AS0000870065,0,Damoda Drone Battery,PT AIM,Komponen Drone,Registered Asset,2025-06-18,1655220.72,413805.18,1241415.54,36,Straight Line
AS0000870066,0,Damoda Drone Battery,PT AIM,Komponen Drone,Registered Asset,2025-06-18,1655220.72,413805.18,1241415.54,36,Straight Line
AS0000870067,0,Damoda Drone Battery,PT AIM,Komponen Drone,Registered Asset,2025-06-18,1655220.72,413805.18,1241415.54,36,Straight Line
AS0000870068,0,Damoda Drone Battery,PT AIM,Komponen Drone,Registered Asset,2025-06-18,1655220.72,413805.18,1241415.54,36,Straight Line
AS0000870069,0,Damoda Drone Battery,PT AIM,Komponen Drone,Registered Asset,2025-06-18,1655220.72,413805.18,1241415.54,36,Straight Line
AS0000870070,0,Damoda Drone Battery,PT AIM,Komponen Drone,Registered Asset,2025-06-18,1655220.72,413805.18,1241415.54,36,Straight Line
AS0000870071,0,Damoda Drone Battery,PT AIM,Komponen Drone,Registered Asset,2025-06-18,1655220.72,413805.18,1241415.54,36,Straight Line
AS0000870072,0,Damoda Drone Battery,PT AIM,Komponen Drone,Registered Asset,2025-06-18,1655220.72,413805.18,1241415.54,36,Straight Line
AS0000870073,0,Damoda Drone Battery,PT AIM,Komponen Drone,Registered Asset,2025-06-18,1655220.72,413805.18,1241415.54,36,Straight Line
AS0000870074,0,Damoda Drone Battery,PT AIM,Komponen Drone,Registered Asset,2025-06-18,1655220.72,413805.18,1241415.54,36,Straight Line
AS0000870075,0,Damoda Drone Battery,PT AIM,Komponen Drone,Registered Asset,2025-06-18,1655220.72,413805.18,1241415.54,36,Straight Line
AS0000870076,0,Damoda Drone Battery,PT AIM,Komponen Drone,Registered Asset,2025-06-18,1655220.72,413805.18,1241415.54,36,Straight Line
AS0000870077,0,Damoda Drone Battery,PT AIM,Komponen Drone,Registered Asset,2025-06-18,1655220.72,413805.18,1241415.54,36,Straight Line
AS0000870078,0,Damoda Drone Battery,PT AIM,Komponen Drone,Registered Asset,2025-06-18,1655220.72,413805.18,1241415.54,36,Straight Line
AS0000870079,0,Damoda Drone Battery,PT AIM,Komponen Drone,Registered Asset,2025-06-18,1655220.72,413805.18,1241415.54,36,Straight Line
AS0000870080,0,Damoda Drone Battery,PT AIM,Komponen Drone,Registered Asset,2025-06-18,1655220.72,413805.18,1241415.54,36,Straight Line
AS0000870081,0,Damoda Drone Battery,PT AIM,Komponen Drone,Registered Asset,2025-06-18,1655220.72,413805.18,1241415.54,36,Straight Line
AS0000870082,0,Damoda Drone Battery,PT AIM,Komponen Drone,Registered Asset,2025-06-18,1655220.72,413805.18,1241415.54,36,Straight Line
AS0000870083,0,Damoda Drone Battery,PT AIM,Komponen Drone,Registered Asset,2025-06-18,1655220.72,413805.18,1241415.54,36,Straight Line
AS0000870084,0,Damoda Drone Battery,PT AIM,Komponen Drone,Registered Asset,2025-06-18,1655220.72,413805.18,1241415.54,36,Straight Line
AS0000870085,0,Damoda Drone Battery,PT AIM,Komponen Drone,Registered Asset,2025-06-18,1655220.72,413805.18,1241415.54,36,Straight Line
AS0000870086,0,Damoda Drone Battery,PT AIM,Komponen Drone,Registered Asset,2025-06-18,1655220.72,413805.18,1241415.54,36,Straight Line
AS0000870087,0,Damoda Drone Battery,PT AIM,Komponen Drone,Registered Asset,2025-06-18,1655220.72,413805.18,1241415.54,36,Straight Line
AS0000870088,0,Damoda Drone Battery,PT AIM,Komponen Drone,Registered Asset,2025-06-18,1655220.72,413805.18,1241415.54,36,Straight Line
AS0000870089,0,Damoda Drone Battery,PT AIM,Komponen Drone,Registered Asset,2025-06-18,1655220.72,413805.18,1241415.54,36,Straight Line
AS0000870090,0,Damoda Drone Battery,PT AIM,Komponen Drone,Registered Asset,2025-06-18,1655220.72,413805.18,1241415.54,36,Straight Line
AS0000870091,0,Damoda Drone Battery,PT AIM,Komponen Drone,Registered Asset,2025-06-18,1655220.72,413805.18,1241415.54,36,Straight Line
AS0000870092,0,Damoda Drone Battery,PT AIM,Komponen Drone,Registered Asset,2025-06-18,1655220.72,413805.18,1241415.54,36,Straight Line
AS0000870093,0,Damoda Drone Battery,PT AIM,Komponen Drone,Registered Asset,2025-06-18,1655220.72,413805.18,1241415.54,36,Straight Line
AS0000870094,0,Damoda Drone Battery,PT AIM,Komponen Drone,Registered Asset,2025-06-18,1655220.72,413805.18,1241415.54,36,Straight Line
AS0000870095,0,Damoda Drone Battery,PT AIM,Komponen Drone,Registered Asset,2025-06-18,1655220.72,413805.18,1241415.54,36,Straight Line
AS0000870096,0,Damoda Drone Battery,PT AIM,Komponen Drone,Registered Asset,2025-06-18,1655220.72,413805.18,1241415.54,36,Straight Line
AS0000870097,0,Damoda Drone Battery,PT AIM,Komponen Drone,Registered Asset,2025-06-18,1655220.72,413805.18,1241415.54,36,Straight Line
AS0000870098,0,Damoda Drone Battery,PT AIM,Komponen Drone,Registered Asset,2025-06-18,1655220.72,413805.18,1241415.54,36,Straight Line
AS0000870099,0,Damoda Drone Battery,PT AIM,Komponen Drone,Registered Asset,2025-06-18,1655220.72,413805.18,1241415.54,36,Straight Line
AS0000870100,0,Damoda Drone Battery,PT AIM,Komponen Drone,Registered Asset,2025-06-18,1655220.72,413805.18,1241415.54,36,Straight Line
AS0000870101,0,Damoda Drone Battery,PT AIM,Komponen Drone,Registered Asset,2025-06-18,1655220.72,413805.18,1241415.54,36,Straight Line
AS0000870102,0,Damoda Drone Battery,PT AIM,Komponen Drone,Registered Asset,2025-06-18,1655220.72,413805.18,1241415.54,36,Straight Line
AS0000870103,0,Damoda Drone Battery,PT AIM,Komponen Drone,Registered Asset,2025-06-18,1655220.72,413805.18,1241415.54,36,Straight Line
AS0000870104,0,Damoda Drone Battery,PT AIM,Komponen Drone,Registered Asset,2025-06-18,1655220.72,413805.18,1241415.54,36,Straight Line
AS0000870105,0,Damoda Drone Battery,PT AIM,Komponen Drone,Registered Asset,2025-06-18,1655220.72,413805.18,1241415.54,36,Straight Line
AS0000870106,0,Damoda Drone Battery,PT AIM,Komponen Drone,Registered Asset,2025-06-18,1655220.72,413805.18,1241415.54,36,Straight Line
AS0000870107,0,Damoda Drone Battery,PT AIM,Komponen Drone,Registered Asset,2025-06-18,1655220.72,413805.18,1241415.54,36,Straight Line
AS0000870108,0,Damoda Drone Battery,PT AIM,Komponen Drone,Registered Asset,2025-06-18,1655220.72,413805.18,1241415.54,36,Straight Line
AS0000870109,0,Damoda Drone Battery,PT AIM,Komponen Drone,Registered Asset,2025-06-18,1655220.72,413805.18,1241415.54,36,Straight Line
AS0000870110,0,Damoda Drone Battery,PT AIM,Komponen Drone,Registered Asset,2025-06-18,1655220.72,413805.18,1241415.54,36,Straight Line
AS0000870111,0,Damoda Drone Battery,PT AIM,Komponen Drone,Registered Asset,2025-06-18,1655220.72,413805.18,1241415.54,36,Straight Line
AS0000870112,0,Damoda Drone Battery,PT AIM,Komponen Drone,Registered Asset,2025-06-18,1655220.72,413805.18,1241415.54,36,Straight Line
AS0000870113,0,Damoda Drone Battery,PT AIM,Komponen Drone,Registered Asset,2025-06-18,1655220.72,413805.18,1241415.54,36,Straight Line
AS0000870114,0,Damoda Drone Battery,PT AIM,Komponen Drone,Registered Asset,2025-06-18,1655220.72,413805.18,1241415.54,36,Straight Line
AS0000870115,0,Damoda Drone Battery,PT AIM,Komponen Drone,Registered Asset,2025-06-18,1655220.72,413805.18,1241415.54,36,Straight Line
AS0000870116,0,Damoda Drone Battery,PT AIM,Komponen Drone,Registered Asset,2025-06-18,1655220.72,413805.18,1241415.54,36,Straight Line
AS0000870117,0,Damoda Drone Battery,PT AIM,Komponen Drone,Registered Asset,2025-06-18,1655220.72,413805.18,1241415.54,36,Straight Line
AS0000870118,0,Damoda Drone Battery,PT AIM,Komponen Drone,Registered Asset,2025-06-18,1655220.72,413805.18,1241415.54,36,Straight Line
AS0000870119,0,Damoda Drone Battery,PT AIM,Komponen Drone,Registered Asset,2025-06-18,1655220.72,413805.18,1241415.54,36,Straight Line
AS0000870120,0,Damoda Drone Battery,PT AIM,Komponen Drone,Registered Asset,2025-06-18,1655220.72,413805.18,1241415.54,36,Straight Line
AS0000870121,0,Damoda Drone Battery,PT AIM,Komponen Drone,Registered Asset,2025-06-18,1655220.72,413805.18,1241415.54,36,Straight Line
AS0000870122,0,Damoda Drone Battery,PT AIM,Komponen Drone,Registered Asset,2025-06-18,1655220.72,413805.18,1241415.54,36,Straight Line
AS0000870123,0,Damoda Drone Battery,PT AIM,Komponen Drone,Registered Asset,2025-06-18,1655220.72,413805.18,1241415.54,36,Straight Line
AS0000870124,0,Damoda Drone Battery,PT AIM,Komponen Drone,Registered Asset,2025-06-18,1655220.72,413805.18,1241415.54,36,Straight Line
AS0000870125,0,Damoda Drone Battery,PT AIM,Komponen Drone,Registered Asset,2025-06-18,1655220.72,413805.18,1241415.54,36,Straight Line
AS0000870126,0,Damoda Drone Battery,PT AIM,Komponen Drone,Registered Asset,2025-06-18,1655220.72,413805.18,1241415.54,36,Straight Line
AS0000870127,0,Damoda Drone Battery,PT AIM,Komponen Drone,Registered Asset,2025-06-18,1655220.72,413805.18,1241415.54,36,Straight Line
AS0000870128,0,Damoda Drone Battery,PT AIM,Komponen Drone,Registered Asset,2025-06-18,1655220.72,413805.18,1241415.54,36,Straight Line
AS0000870129,0,Damoda Drone Battery,PT AIM,Komponen Drone,Registered Asset,2025-06-18,1655220.72,413805.18,1241415.54,36,Straight Line
AS0000870130,0,Damoda Drone Battery,PT AIM,Komponen Drone,Registered Asset,2025-06-18,1655220.72,413805.18,1241415.54,36,Straight Line
AS0000870131,0,Damoda Drone Battery,PT AIM,Komponen Drone,Registered Asset,2025-06-18,1655220.72,413805.18,1241415.54,36,Straight Line
AS0000870132,0,Damoda Drone Battery,PT AIM,Komponen Drone,Registered Asset,2025-06-18,1655220.72,413805.18,1241415.54,36,Straight Line
AS0000870133,0,Damoda Drone Battery,PT AIM,Komponen Drone,Registered Asset,2025-06-18,1655220.72,413805.18,1241415.54,36,Straight Line
AS0000870134,0,Damoda Drone Battery,PT AIM,Komponen Drone,Registered Asset,2025-06-18,1655220.72,413805.18,1241415.54,36,Straight Line
AS0000870135,0,Damoda Drone Battery,PT AIM,Komponen Drone,Registered Asset,2025-06-18,1655220.72,413805.18,1241415.54,36,Straight Line
AS0000870136,0,Damoda Drone Battery,PT AIM,Komponen Drone,Registered Asset,2025-06-18,1655220.72,413805.18,1241415.54,36,Straight Line
AS0000870137,0,Damoda Drone Battery,PT AIM,Komponen Drone,Registered Asset,2025-06-18,1655220.72,413805.18,1241415.54,36,Straight Line
AS0000870138,0,Damoda Drone Battery,PT AIM,Komponen Drone,Registered Asset,2025-06-18,1655220.72,413805.18,1241415.54,36,Straight Line
AS0000870139,0,Damoda Drone Battery,PT AIM,Komponen Drone,Registered Asset,2025-06-18,1655220.72,413805.18,1241415.54,36,Straight Line
AS0000870140,0,Damoda Drone Battery,PT AIM,Komponen Drone,Registered Asset,2025-06-18,1655220.72,413805.18,1241415.54,36,Straight Line
AS0000870141,0,Damoda Drone Battery,PT AIM,Komponen Drone,Registered Asset,2025-06-18,1655220.72,413805.18,1241415.54,36,Straight Line
AS0000870142,0,Damoda Drone Battery,PT AIM,Komponen Drone,Registered Asset,2025-06-18,1655220.72,413805.18,1241415.54,36,Straight Line
AS0000870143,0,Damoda Drone Battery,PT AIM,Komponen Drone,Registered Asset,2025-06-18,1655220.72,413805.18,1241415.54,36,Straight Line
AS0000870144,0,Damoda Drone Battery,PT AIM,Komponen Drone,Registered Asset,2025-06-18,1655220.72,413805.18,1241415.54,36,Straight Line
AS0000870145,0,Damoda Drone Remote Control,PT AIM,Komponen Drone,Registered Asset,2025-06-18,27381645.0,6845411.25,20536233.75,36,Straight Line
AS0000870146,0,Damoda Drone Remote Control,PT AIM,Komponen Drone,Registered Asset,2025-06-18,27381645.0,6845411.25,20536233.75,36,Straight Line
AS0000870147,0,Damoda Drone Remote Control,PT AIM,Komponen Drone,Registered Asset,2025-06-18,27381645.0,6845411.25,20536233.75,36,Straight Line
AS0000870148,0,Drone Spectrum Analyzer,PT AIM,Komponen Drone,Registered Asset,2025-06-18,12093559.33,3023389.83,9070169.5,36,Straight Line
AS0000870149,0,Drone Spectrum Analyzer,PT AIM,Komponen Drone,Registered Asset,2025-06-18,12093559.33,3023389.83,9070169.5,36,Straight Line
AS0000870150,0,Drone Spectrum Analyzer,PT AIM,Komponen Drone,Registered Asset,2025-06-18,12093559.33,3023389.83,9070169.5,36,Straight Line
AS0000870151,0,Damoda Tripod for Drone AP,PT AIM,Komponen Drone,Registered Asset,2025-06-18,2868227.0,717056.75,2151170.25,36,Straight Line
AS0000870152,0,Damoda Tripod for Drone AP,PT AIM,Komponen Drone,Registered Asset,2025-06-18,2868227.0,717056.75,2151170.25,36,Straight Line
AS0000870153,0,Damoda Tripod for Drone AP,PT AIM,Komponen Drone,Registered Asset,2025-06-18,2868227.0,717056.75,2151170.25,36,Straight Line
AS0000870154,0,Damoda Tripod for Drone AP,PT AIM,Komponen Drone,Registered Asset,2025-06-18,2868227.0,717056.75,2151170.25,36,Straight Line
AS0000870155,0,Damoda Tripod for Drone AP,PT AIM,Komponen Drone,Registered Asset,2025-06-18,2868227.0,717056.75,2151170.25,36,Straight Line
AS0000870156,0,Damoda Tripod for Drone AP,PT AIM,Komponen Drone,Registered Asset,2025-06-18,2868227.0,717056.75,2151170.25,36,Straight Line
AS0000870157,0,Damoda Tripod for Drone AP,PT AIM,Komponen Drone,Registered Asset,2025-06-18,2868227.0,717056.75,2151170.25,36,Straight Line
AS0000870158,0,Damoda Tripod for Drone AP,PT AIM,Komponen Drone,Registered Asset,2025-06-18,2868227.0,717056.75,2151170.25,36,Straight Line
AS0000870159,0,Damoda Tripod for Drone AP,PT AIM,Komponen Drone,Registered Asset,2025-06-18,2868227.0,717056.75,2151170.25,36,Straight Line
AS0000870160,0,Damoda Tripod for Drone AP,PT AIM,Komponen Drone,Registered Asset,2025-06-18,2868227.0,717056.75,2151170.25,36,Straight Line
AS0000870161,0,Damoda Tripod for Drone AP,PT AIM,Komponen Drone,Registered Asset,2025-06-18,2868227.0,717056.75,2151170.25,36,Straight Line
AS0000870162,0,Damoda Drone Battery Charging,PT AIM,Komponen Drone,Registered Asset,2025-06-18,14466636.04,3616659.01,10849977.03,36,Straight Line
AS0000870163,0,Damoda Drone Battery Charging,PT AIM,Komponen Drone,Registered Asset,2025-06-18,14466636.04,3616659.01,10849977.03,36,Straight Line
AS0000870164,0,Damoda Drone Battery Charging,PT AIM,Komponen Drone,Registered Asset,2025-06-18,14466636.04,3616659.01,10849977.03,36,Straight Line
AS0000870165,0,Damoda Drone Battery Charging,PT AIM,Komponen Drone,Registered Asset,2025-06-18,14466636.04,3616659.01,10849977.03,36,Straight Line
AS0000870166,0,Damoda Drone Battery Charging,PT AIM,Komponen Drone,Registered Asset,2025-06-18,14466636.04,3616659.01,10849977.03,36,Straight Line
AS0000870167,0,Damoda Drone Battery Charging,PT AIM,Komponen Drone,Registered Asset,2025-06-18,14466636.04,3616659.01,10849977.03,36,Straight Line
AS0000870168,0,Damoda Drone Battery Charging,PT AIM,Komponen Drone,Registered Asset,2025-06-18,14466636.04,3616659.01,10849977.03,36,Straight Line
AS0000870169,0,Damoda Drone Battery Charging,PT AIM,Komponen Drone,Registered Asset,2025-06-18,14466636.04,3616659.01,10849977.03,36,Straight Line
AS0000870170,0,Damoda Drone Battery Charging,PT AIM,Komponen Drone,Registered Asset,2025-06-18,14466636.04,3616659.01,10849977.03,36,Straight Line
AS0000870171,0,Damoda Drone Battery Charging,PT AIM,Komponen Drone,Registered Asset,2025-06-18,14466636.04,3616659.01,10849977.03,36,Straight Line
AS0000870172,0,Damoda Drone Battery Charging,PT AIM,Komponen Drone,Registered Asset,2025-06-18,14466636.04,3616659.01,10849977.03,36,Straight Line
AS0000870173,0,Damoda Drone Battery Charging,PT AIM,Komponen Drone,Registered Asset,2025-06-18,14466636.04,3616659.01,10849977.03,36,Straight Line
AS0000870174,0,Damoda Drone Battery Charging,PT AIM,Komponen Drone,Registered Asset,2025-06-18,14466636.04,3616659.01,10849977.03,36,Straight Line
AS0000870175,0,Damoda Drone Battery Charging,PT AIM,Komponen Drone,Registered Asset,2025-06-18,14466636.04,3616659.01,10849977.03,36,Straight Line
AS0000870176,0,Damoda Drone Battery Charging,PT AIM,Komponen Drone,Registered Asset,2025-06-18,14466636.04,3616659.01,10849977.03,36,Straight Line
AS0000870177,0,Damoda Drone Battery Charging,PT AIM,Komponen Drone,Registered Asset,2025-06-18,14466636.04,3616659.01,10849977.03,36,Straight Line
AS0000870178,0,Damoda Drone Battery Charging,PT AIM,Komponen Drone,Registered Asset,2025-06-18,14466636.04,3616659.01,10849977.03,36,Straight Line
AS0000870179,0,Damoda Drone Battery Charging,PT AIM,Komponen Drone,Registered Asset,2025-06-18,14466636.04,3616659.01,10849977.03,36,Straight Line
AS0000870180,0,Damoda Drone Battery Charging,PT AIM,Komponen Drone,Registered Asset,2025-06-18,14466636.04,3616659.01,10849977.03,36,Straight Line
AS0000870181,0,Damoda Drone Battery Charging,PT AIM,Komponen Drone,Registered Asset,2025-06-18,14466636.04,3616659.01,10849977.03,36,Straight Line
AS0000870182,0,Damoda Drone Battery Charging,PT AIM,Komponen Drone,Registered Asset,2025-06-18,14466636.04,3616659.01,10849977.03,36,Straight Line
AS0000870183,0,Damoda Drone Battery Charging,PT AIM,Komponen Drone,Registered Asset,2025-06-18,14466636.04,3616659.01,10849977.03,36,Straight Line
AS0000870184,0,Damoda Drone Battery Charging,PT AIM,Komponen Drone,Registered Asset,2025-06-18,14466636.04,3616659.01,10849977.03,36,Straight Line
AS0000870185,0,Damoda Drone Battery Charging,PT AIM,Komponen Drone,Registered Asset,2025-06-18,14466636.04,3616659.01,10849977.03,36,Straight Line
AS0000870186,0,Damoda Drone Battery Charging,PT AIM,Komponen Drone,Registered Asset,2025-06-18,14466636.04,3616659.01,10849977.03,36,Straight Line
AS0000870187,0,Damoda Drone Battery Charging,PT AIM,Komponen Drone,Registered Asset,2025-06-18,14466636.04,3616659.01,10849977.03,36,Straight Line
AS0000870188,0,Damoda Drone Battery Charging,PT AIM,Komponen Drone,Registered Asset,2025-06-18,14466636.04,3616659.01,10849977.03,36,Straight Line
AS0000870189,0,Damoda Drone Battery Charging,PT AIM,Komponen Drone,Registered Asset,2025-06-18,14466636.04,3616659.01,10849977.03,36,Straight Line
AS0000870190,0,Damoda Drone Battery Charging,PT AIM,Komponen Drone,Registered Asset,2025-06-18,14466636.04,3616659.01,10849977.03,36,Straight Line
AS0000870191,0,Damoda Drone Battery Charging,PT AIM,Komponen Drone,Registered Asset,2025-06-18,14466636.04,3616659.01,10849977.03,36,Straight Line
AS0000870192,0,Damoda Drone Battery Charging,PT AIM,Komponen Drone,Registered Asset,2025-06-18,14466636.04,3616659.01,10849977.03,36,Straight Line
AS0000870193,0,Damoda Drone Battery Charging,PT AIM,Komponen Drone,Registered Asset,2025-06-18,14466636.04,3616659.01,10849977.03,36,Straight Line
AS0000870194,0,Damoda Drone Battery Charging,PT AIM,Komponen Drone,Registered Asset,2025-06-18,14466636.04,3616659.01,10849977.03,36,Straight Line
AS0000870195,0,Damoda Drone Battery Charging,PT AIM,Komponen Drone,Registered Asset,2025-06-18,14466636.04,3616659.01,10849977.03,36,Straight Line
AS0000870196,0,Damoda Drone Battery Charging,PT AIM,Komponen Drone,Registered Asset,2025-06-18,14466636.04,3616659.01,10849977.03,36,Straight Line
AS0000870197,0,Damoda Drone Battery Charging,PT AIM,Komponen Drone,Registered Asset,2025-06-18,14466636.04,3616659.01,10849977.03,36,Straight Line
AS0000870198,0,Damoda Drone Battery Charging,PT AIM,Komponen Drone,Registered Asset,2025-06-18,14466636.04,3616659.01,10849977.03,36,Straight Line
AS0000870199,0,Damoda Drone Battery Charging,PT AIM,Komponen Drone,Registered Asset,2025-06-18,14466636.04,3616659.01,10849977.03,36,Straight Line
AS0000870200,0,Damoda Drone Battery Charging,PT AIM,Komponen Drone,Registered Asset,2025-06-18,14466636.04,3616659.01,10849977.03,36,Straight Line
AS0000870201,0,Damoda Drone Battery Charging,PT AIM,Komponen Drone,Registered Asset,2025-06-18,14466636.04,3616659.01,10849977.03,36,Straight Line
AS0000870202,0,Damoda Drone Battery Charging,PT AIM,Komponen Drone,Registered Asset,2025-06-18,14466636.04,3616659.01,10849977.03,36,Straight Line
AS0000870203,0,Damoda Drone Battery Charging,PT AIM,Komponen Drone,Registered Asset,2025-06-18,14466636.04,3616659.01,10849977.03,36,Straight Line
AS0000870204,0,Damoda Drone Battery Charging,PT AIM,Komponen Drone,Registered Asset,2025-06-18,14466636.04,3616659.01,10849977.03,36,Straight Line
AS0000870205,0,Damoda Drone Battery Charging,PT AIM,Komponen Drone,Registered Asset,2025-06-18,14466636.04,3616659.01,10849977.03,36,Straight Line
AS0000870206,0,Damoda Drone Battery Charging,PT AIM,Komponen Drone,Registered Asset,2025-06-18,14466636.04,3616659.01,10849977.03,36,Straight Line
AS0000870207,0,Damoda Drone Battery Charging,PT AIM,Komponen Drone,Registered Asset,2025-06-18,14466636.04,3616659.01,10849977.03,36,Straight Line
AS0000870208,0,Damoda Drone Battery Charging,PT AIM,Komponen Drone,Registered Asset,2025-06-18,14466636.04,3616659.01,10849977.03,36,Straight Line
AS0000870209,0,Damoda Drone Battery Charging,PT AIM,Komponen Drone,Registered Asset,2025-06-18,14466636.04,3616659.01,10849977.03,36,Straight Line
AS0000870210,0,Damoda Drone Battery Charging,PT AIM,Komponen Drone,Registered Asset,2025-06-18,14466636.04,3616659.01,10849977.03,36,Straight Line
AS0000870211,0,Damoda Drone Battery Charging,PT AIM,Komponen Drone,Registered Asset,2025-06-18,14466636.04,3616659.01,10849977.03,36,Straight Line
AS0000870212,0,Damoda Drone Battery Charging,PT AIM,Komponen Drone,Registered Asset,2025-06-18,14466636.04,3616659.01,10849977.03,36,Straight Line
AS0000870213,0,Damoda Drone Battery Charging,PT AIM,Komponen Drone,Registered Asset,2025-06-18,14466636.04,3616659.01,10849977.03,36,Straight Line
AS0000870214,0,Damoda Drone Battery Charging,PT AIM,Komponen Drone,Registered Asset,2025-06-18,14466636.04,3616659.01,10849977.03,36,Straight Line
AS0000870215,0,Damoda Drone DMD,PT AIM,Device,Registered Asset,2025-06-18,15094131.53,3773532.88,11320598.65,36,Straight Line
AS0000870216,0,Damoda Drone DMD,PT AIM,Device,Registered Asset,2025-06-18,15094131.53,3773532.88,11320598.65,36,Straight Line
AS0000870217,0,Damoda Drone DMD,PT AIM,Device,Registered Asset,2025-06-18,15094131.53,3773532.88,11320598.65,36,Straight Line
AS0000870218,0,Damoda Drone DMD,PT AIM,Device,Registered Asset,2025-06-18,15094131.53,3773532.88,11320598.65,36,Straight Line
AS0000870219,0,Damoda Drone DMD,PT AIM,Device,Registered Asset,2025-06-18,15094131.53,3773532.88,11320598.65,36,Straight Line
AS0000870220,0,Damoda Drone DMD,PT AIM,Device,Registered Asset,2025-06-18,15094131.53,3773532.88,11320598.65,36,Straight Line
AS0000870221,0,Damoda Drone DMD,PT AIM,Device,Registered Asset,2025-06-18,15094131.53,3773532.88,11320598.65,36,Straight Line
AS0000870222,0,Damoda Drone DMD,PT AIM,Device,Registered Asset,2025-06-18,15094131.53,3773532.88,11320598.65,36,Straight Line
AS0000870223,0,Damoda Drone DMD,PT AIM,Device,Registered Asset,2025-06-18,15094131.53,3773532.88,11320598.65,36,Straight Line
AS0000870224,0,Damoda Drone DMD,PT AIM,Device,Registered Asset,2025-06-18,15094131.53,3773532.88,11320598.65,36,Straight Line
AS0000870225,0,Damoda Drone DMD,PT AIM,Device,Registered Asset,2025-06-18,15094131.53,3773532.88,11320598.65,36,Straight Line
AS0000870226,0,Damoda Drone DMD,PT AIM,Device,Registered Asset,2025-06-18,15094131.53,3773532.88,11320598.65,36,Straight Line
AS0000870227,0,Damoda Drone DMD,PT AIM,Device,Registered Asset,2025-06-18,15094131.53,3773532.88,11320598.65,36,Straight Line
AS0000870228,0,Damoda Drone DMD,PT AIM,Device,Registered Asset,2025-06-18,15094131.53,3773532.88,11320598.65,36,Straight Line
AS0000870229,0,Damoda Drone DMD,PT AIM,Device,Registered Asset,2025-06-18,15094131.53,3773532.88,11320598.65,36,Straight Line
AS0000870230,0,Damoda Drone DMD,PT AIM,Device,Registered Asset,2025-06-18,15094131.53,3773532.88,11320598.65,36,Straight Line
AS0000870231,0,Damoda Drone DMD,PT AIM,Device,Registered Asset,2025-06-18,15094131.53,3773532.88,11320598.65,36,Straight Line
AS0000870232,0,Damoda Drone DMD,PT AIM,Device,Registered Asset,2025-06-18,15094131.53,3773532.88,11320598.65,36,Straight Line
AS0000870233,0,Damoda Drone DMD,PT AIM,Device,Registered Asset,2025-06-18,15094131.53,3773532.88,11320598.65,36,Straight Line
AS0000870234,0,Damoda Drone DMD,PT AIM,Device,Registered Asset,2025-06-18,15094131.53,3773532.88,11320598.65,36,Straight Line
AS0000870235,0,Damoda Drone DMD,PT AIM,Device,Registered Asset,2025-06-18,15094131.53,3773532.88,11320598.65,36,Straight Line
AS0000870236,0,Damoda Drone DMD,PT AIM,Device,Registered Asset,2025-06-18,15094131.53,3773532.88,11320598.65,36,Straight Line
AS0000870237,0,Damoda Drone DMD,PT AIM,Device,Registered Asset,2025-06-18,15094131.53,3773532.88,11320598.65,36,Straight Line
AS0000870238,0,Damoda Drone DMD,PT AIM,Device,Registered Asset,2025-06-18,15094131.53,3773532.88,11320598.65,36,Straight Line
AS0000870239,0,Damoda Drone DMD,PT AIM,Device,Registered Asset,2025-06-18,15094131.53,3773532.88,11320598.65,36,Straight Line
AS0000870240,0,Damoda Drone DMD,PT AIM,Device,Registered Asset,2025-06-18,15094131.53,3773532.88,11320598.65,36,Straight Line
AS0000870241,0,Damoda Drone DMD,PT AIM,Device,Registered Asset,2025-06-18,15094131.53,3773532.88,11320598.65,36,Straight Line
AS0000870242,0,Damoda Drone DMD,PT AIM,Device,Registered Asset,2025-06-18,15094131.53,3773532.88,11320598.65,36,Straight Line
AS0000870243,0,Damoda Drone DMD,PT AIM,Device,Registered Asset,2025-06-18,15094131.53,3773532.88,11320598.65,36,Straight Line
AS0000870244,0,Damoda Drone DMD,PT AIM,Device,Registered Asset,2025-06-18,15094131.53,3773532.88,11320598.65,36,Straight Line
AS0000870245,0,Damoda Drone DMD,PT AIM,Device,Registered Asset,2025-06-18,15094131.53,3773532.88,11320598.65,36,Straight Line
AS0000870246,0,Damoda Drone DMD,PT AIM,Device,Registered Asset,2025-06-18,15094131.53,3773532.88,11320598.65,36,Straight Line
AS0000870247,0,Damoda Drone DMD,PT AIM,Device,Registered Asset,2025-06-18,15094131.53,3773532.88,11320598.65,36,Straight Line
AS0000870248,0,Damoda Drone DMD,PT AIM,Device,Registered Asset,2025-06-18,15094131.53,3773532.88,11320598.65,36,Straight Line
AS0000870249,0,Damoda Drone DMD,PT AIM,Device,Registered Asset,2025-06-18,15094131.53,3773532.88,11320598.65,36,Straight Line
AS0000870250,0,Damoda Drone DMD,PT AIM,Device,Registered Asset,2025-06-18,15094131.53,3773532.88,11320598.65,36,Straight Line
AS0000870251,0,Damoda Drone DMD,PT AIM,Device,Registered Asset,2025-06-18,15094131.53,3773532.88,11320598.65,36,Straight Line
AS0000870252,0,Damoda Drone DMD,PT AIM,Device,Registered Asset,2025-06-18,15094131.53,3773532.88,11320598.65,36,Straight Line
AS0000870253,0,Damoda Drone DMD,PT AIM,Device,Registered Asset,2025-06-18,15094131.53,3773532.88,11320598.65,36,Straight Line
AS0000870254,0,Damoda Drone DMD,PT AIM,Device,Registered Asset,2025-06-18,15094131.53,3773532.88,11320598.65,36,Straight Line
AS0000870255,0,Damoda Drone DMD,PT AIM,Device,Registered Asset,2025-06-18,15094131.53,3773532.88,11320598.65,36,Straight Line
AS0000870256,0,Damoda Drone DMD,PT AIM,Device,Registered Asset,2025-06-18,15094131.53,3773532.88,11320598.65,36,Straight Line
AS0000870257,0,Damoda Drone DMD,PT AIM,Device,Registered Asset,2025-06-18,15094131.53,3773532.88,11320598.65,36,Straight Line
AS0000870258,0,Damoda Drone DMD,PT AIM,Device,Registered Asset,2025-06-18,15094131.53,3773532.88,11320598.65,36,Straight Line
AS0000870259,0,Damoda Drone DMD,PT AIM,Device,Registered Asset,2025-06-18,15094131.53,3773532.88,11320598.65,36,Straight Line
AS0000870260,0,Damoda Drone DMD,PT AIM,Device,Registered Asset,2025-06-18,15094131.53,3773532.88,11320598.65,36,Straight Line
AS0000870261,0,Damoda Drone DMD,PT AIM,Device,Registered Asset,2025-06-18,15094131.53,3773532.88,11320598.65,36,Straight Line
AS0000870262,0,Damoda Drone DMD,PT AIM,Device,Registered Asset,2025-06-18,15094131.53,3773532.88,11320598.65,36,Straight Line
AS0000870263,0,Damoda Drone DMD,PT AIM,Device,Registered Asset,2025-06-18,15094131.53,3773532.88,11320598.65,36,Straight Line
AS0000870264,0,Damoda Drone DMD,PT AIM,Device,Registered Asset,2025-06-18,15094131.53,3773532.88,11320598.65,36,Straight Line
AS0000870265,0,Damoda Drone DMD,PT AIM,Device,Registered Asset,2025-06-18,15094131.53,3773532.88,11320598.65,36,Straight Line
AS0000870266,0,Damoda Drone DMD,PT AIM,Device,Registered Asset,2025-06-18,15094131.53,3773532.88,11320598.65,36,Straight Line
AS0000870267,0,Damoda Drone DMD,PT AIM,Device,Registered Asset,2025-06-18,15094131.53,3773532.88,11320598.65,36,Straight Line
AS0000870268,0,Damoda Drone DMD,PT AIM,Device,Registered Asset,2025-06-18,15094131.53,3773532.88,11320598.65,36,Straight Line
AS0000870269,0,Damoda Drone DMD,PT AIM,Device,Registered Asset,2025-06-18,15094131.53,3773532.88,11320598.65,36,Straight Line
AS0000870270,0,Damoda Drone DMD,PT AIM,Device,Registered Asset,2025-06-18,15094131.53,3773532.88,11320598.65,36,Straight Line
AS0000870271,0,Damoda Drone DMD,PT AIM,Device,Registered Asset,2025-06-18,15094131.53,3773532.88,11320598.65,36,Straight Line
AS0000870272,0,Damoda Drone DMD,PT AIM,Device,Registered Asset,2025-06-18,15094131.53,3773532.88,11320598.65,36,Straight Line
AS0000870273,0,Damoda Drone DMD,PT AIM,Device,Registered Asset,2025-06-18,15094131.53,3773532.88,11320598.65,36,Straight Line
AS0000870274,0,Damoda Drone DMD,PT AIM,Device,Registered Asset,2025-06-18,15094131.53,3773532.88,11320598.65,36,Straight Line
AS0000870275,0,Damoda Drone DMD,PT AIM,Device,Registered Asset,2025-06-18,15094131.53,3773532.88,11320598.65,36,Straight Line
AS0000870276,0,Damoda Drone DMD,PT AIM,Device,Registered Asset,2025-06-18,15094131.53,3773532.88,11320598.65,36,Straight Line
AS0000870277,0,Damoda Drone DMD,PT AIM,Device,Registered Asset,2025-06-18,15094131.53,3773532.88,11320598.65,36,Straight Line
AS0000870278,0,Damoda Drone DMD,PT AIM,Device,Registered Asset,2025-06-18,15094131.53,3773532.88,11320598.65,36,Straight Line
AS0000870279,0,Damoda Drone DMD,PT AIM,Device,Registered Asset,2025-06-18,15094131.53,3773532.88,11320598.65,36,Straight Line
AS0000870280,0,Damoda Drone DMD,PT AIM,Device,Registered Asset,2025-06-18,15094131.53,3773532.88,11320598.65,36,Straight Line
AS0000870281,0,Damoda Drone DMD,PT AIM,Device,Registered Asset,2025-06-18,15094131.53,3773532.88,11320598.65,36,Straight Line
AS0000870282,0,Damoda Drone DMD,PT AIM,Device,Registered Asset,2025-06-18,15094131.53,3773532.88,11320598.65,36,Straight Line
AS0000870283,0,Damoda Drone DMD,PT AIM,Device,Registered Asset,2025-06-18,15094131.53,3773532.88,11320598.65,36,Straight Line
AS0000870284,0,Damoda Drone DMD,PT AIM,Device,Registered Asset,2025-06-18,15094131.53,3773532.88,11320598.65,36,Straight Line
AS0000870285,0,Damoda Drone DMD,PT AIM,Device,Registered Asset,2025-06-18,15094131.53,3773532.88,11320598.65,36,Straight Line
AS0000870286,0,Damoda Drone DMD,PT AIM,Device,Registered Asset,2025-06-18,15094131.53,3773532.88,11320598.65,36,Straight Line
AS0000870287,0,Damoda Drone DMD,PT AIM,Device,Registered Asset,2025-06-18,15094131.53,3773532.88,11320598.65,36,Straight Line
AS0000870288,0,Damoda Drone DMD,PT AIM,Device,Registered Asset,2025-06-18,15094131.53,3773532.88,11320598.65,36,Straight Line
AS0000870289,0,Damoda Drone DMD,PT AIM,Device,Registered Asset,2025-06-18,15094131.53,3773532.88,11320598.65,36,Straight Line
AS0000870290,0,Damoda Drone DMD,PT AIM,Device,Registered Asset,2025-06-18,15094131.53,3773532.88,11320598.65,36,Straight Line
AS0000870291,0,Damoda Drone DMD,PT AIM,Device,Registered Asset,2025-06-18,15094131.53,3773532.88,11320598.65,36,Straight Line
AS0000870292,0,Damoda Drone DMD,PT AIM,Device,Registered Asset,2025-06-18,15094131.53,3773532.88,11320598.65,36,Straight Line
AS0000870293,0,Damoda Drone DMD,PT AIM,Device,Registered Asset,2025-06-18,15094131.53,3773532.88,11320598.65,36,Straight Line
AS0000870294,0,Damoda Drone DMD,PT AIM,Device,Registered Asset,2025-06-18,15094131.53,3773532.88,11320598.65,36,Straight Line
AS0000870295,0,Damoda Drone DMD,PT AIM,Device,Registered Asset,2025-06-18,15094131.53,3773532.88,11320598.65,36,Straight Line
AS0000870296,0,Damoda Drone DMD,PT AIM,Device,Registered Asset,2025-06-18,15094131.53,3773532.88,11320598.65,36,Straight Line
AS0000870297,0,Damoda Drone DMD,PT AIM,Device,Registered Asset,2025-06-18,15094131.53,3773532.88,11320598.65,36,Straight Line
AS0000870298,0,Damoda Drone DMD,PT AIM,Device,Registered Asset,2025-06-18,15094131.53,3773532.88,11320598.65,36,Straight Line
AS0000870299,0,Damoda Drone DMD,PT AIM,Device,Registered Asset,2025-06-18,15094131.53,3773532.88,11320598.65,36,Straight Line
AS0000870300,0,Damoda Drone DMD,PT AIM,Device,Registered Asset,2025-06-18,15094131.53,3773532.88,11320598.65,36,Straight Line
AS0000870301,0,Damoda Drone DMD,PT AIM,Device,Registered Asset,2025-06-18,15094131.53,3773532.88,11320598.65,36,Straight Line
AS0000870302,0,Damoda Drone DMD,PT AIM,Device,Registered Asset,2025-06-18,15094131.53,3773532.88,11320598.65,36,Straight Line
AS0000870303,0,Damoda Drone DMD,PT AIM,Device,Registered Asset,2025-06-18,15094131.53,3773532.88,11320598.65,36,Straight Line
AS0000870304,0,Damoda Drone DMD,PT AIM,Device,Registered Asset,2025-06-18,15094131.53,3773532.88,11320598.65,36,Straight Line
AS0000870305,0,Damoda Drone DMD,PT AIM,Device,Registered Asset,2025-06-18,15094131.53,3773532.88,11320598.65,36,Straight Line
AS0000870306,0,Damoda Drone DMD,PT AIM,Device,Registered Asset,2025-06-18,15094131.53,3773532.88,11320598.65,36,Straight Line
AS0000870307,0,Damoda Drone DMD,PT AIM,Device,Registered Asset,2025-06-18,15094131.53,3773532.88,11320598.65,36,Straight Line
AS0000870308,0,Damoda Drone DMD,PT AIM,Device,Registered Asset,2025-06-18,15094131.53,3773532.88,11320598.65,36,Straight Line
AS0000870309,0,Damoda Drone DMD,PT AIM,Device,Registered Asset,2025-06-18,15094131.53,3773532.88,11320598.65,36,Straight Line
AS0000870310,0,Damoda Drone DMD,PT AIM,Device,Registered Asset,2025-06-18,15094131.53,3773532.88,11320598.65,36,Straight Line
AS0000870311,0,Damoda Drone DMD,PT AIM,Device,Registered Asset,2025-06-18,15094131.53,3773532.88,11320598.65,36,Straight Line
AS0000870312,0,Damoda Drone DMD,PT AIM,Device,Registered Asset,2025-06-18,15094131.53,3773532.88,11320598.65,36,Straight Line
AS0000870313,0,Damoda Drone DMD,PT AIM,Device,Registered Asset,2025-06-18,15094131.53,3773532.88,11320598.65,36,Straight Line
AS0000870314,0,Damoda Drone DMD,PT AIM,Device,Registered Asset,2025-06-18,15094131.53,3773532.88,11320598.65,36,Straight Line
AS0000870315,0,Damoda Drone DMD,PT AIM,Device,Registered Asset,2025-06-18,15094131.53,3773532.88,11320598.65,36,Straight Line
AS0000870316,0,Damoda Drone DMD,PT AIM,Device,Registered Asset,2025-06-18,15094131.53,3773532.88,11320598.65,36,Straight Line
AS0000870317,0,Damoda Drone DMD,PT AIM,Device,Registered Asset,2025-06-18,15094131.53,3773532.88,11320598.65,36,Straight Line
AS0000870318,0,Damoda Drone DMD,PT AIM,Device,Registered Asset,2025-06-18,15094131.53,3773532.88,11320598.65,36,Straight Line
AS0000870319,0,Damoda Drone DMD,PT AIM,Device,Registered Asset,2025-06-18,15094131.53,3773532.88,11320598.65,36,Straight Line
AS0000870320,0,Damoda Drone DMD,PT AIM,Device,Registered Asset,2025-06-18,15094131.53,3773532.88,11320598.65,36,Straight Line
AS0000870321,0,Damoda Drone DMD,PT AIM,Device,Registered Asset,2025-06-18,15094131.53,3773532.88,11320598.65,36,Straight Line
AS0000870322,0,Damoda Drone DMD,PT AIM,Device,Registered Asset,2025-06-18,15094131.53,3773532.88,11320598.65,36,Straight Line
AS0000870323,0,Damoda Drone DMD,PT AIM,Device,Registered Asset,2025-06-18,15094131.53,3773532.88,11320598.65,36,Straight Line
AS0000870324,0,Damoda Drone DMD,PT AIM,Device,Registered Asset,2025-06-18,15094131.53,3773532.88,11320598.65,36,Straight Line
AS0000870325,0,Damoda Drone DMD,PT AIM,Device,Registered Asset,2025-06-18,15094131.53,3773532.88,11320598.65,36,Straight Line
AS0000870326,0,Damoda Drone DMD,PT AIM,Device,Registered Asset,2025-06-18,15094131.53,3773532.88,11320598.65,36,Straight Line
AS0000870327,0,Damoda Drone DMD,PT AIM,Device,Registered Asset,2025-06-18,15094131.53,3773532.88,11320598.65,36,Straight Line
AS0000870328,0,Damoda Drone DMD,PT AIM,Device,Registered Asset,2025-06-18,15094131.53,3773532.88,11320598.65,36,Straight Line
AS0000870329,0,Damoda Drone DMD,PT AIM,Device,Registered Asset,2025-06-18,15094131.53,3773532.88,11320598.65,36,Straight Line
AS0000870330,0,Damoda Drone DMD,PT AIM,Device,Registered Asset,2025-06-18,15094131.53,3773532.88,11320598.65,36,Straight Line
AS0000870331,0,Damoda Drone DMD,PT AIM,Device,Registered Asset,2025-06-18,15094131.53,3773532.88,11320598.65,36,Straight Line
AS0000870332,0,Damoda Drone DMD,PT AIM,Device,Registered Asset,2025-06-18,15094131.53,3773532.88,11320598.65,36,Straight Line
AS0000870333,0,Damoda Drone DMD,PT AIM,Device,Registered Asset,2025-06-18,15094131.53,3773532.88,11320598.65,36,Straight Line
AS0000870334,0,Damoda Drone DMD,PT AIM,Device,Registered Asset,2025-06-18,15094131.53,3773532.88,11320598.65,36,Straight Line
AS0000870335,0,Damoda Drone DMD,PT AIM,Device,Registered Asset,2025-06-18,15094131.53,3773532.88,11320598.65,36,Straight Line
AS0000870336,0,Damoda Drone DMD,PT AIM,Device,Registered Asset,2025-06-18,15094131.53,3773532.88,11320598.65,36,Straight Line
AS0000870337,0,Damoda Drone DMD,PT AIM,Device,Registered Asset,2025-06-18,15094131.53,3773532.88,11320598.65,36,Straight Line
AS0000870338,0,Damoda Drone DMD,PT AIM,Device,Registered Asset,2025-06-18,15094131.53,3773532.88,11320598.65,36,Straight Line
AS0000870339,0,Damoda Drone DMD,PT AIM,Device,Registered Asset,2025-06-18,15094131.53,3773532.88,11320598.65,36,Straight Line
AS0000870340,0,Damoda Drone DMD,PT AIM,Device,Registered Asset,2025-06-18,15094131.53,3773532.88,11320598.65,36,Straight Line
AS0000870341,0,Damoda Drone DMD,PT AIM,Device,Registered Asset,2025-06-18,15094131.53,3773532.88,11320598.65,36,Straight Line
AS0000870342,0,Damoda Drone DMD,PT AIM,Device,Registered Asset,2025-06-18,15094131.53,3773532.88,11320598.65,36,Straight Line
AS0000870343,0,Damoda Drone DMD,PT AIM,Device,Registered Asset,2025-06-18,15094131.53,3773532.88,11320598.65,36,Straight Line
AS0000870344,0,Damoda Drone DMD,PT AIM,Device,Registered Asset,2025-06-18,15094131.53,3773532.88,11320598.65,36,Straight Line
AS0000870345,0,Damoda Drone DMD,PT AIM,Device,Registered Asset,2025-06-18,15094131.53,3773532.88,11320598.65,36,Straight Line
AS0000870346,0,Damoda Drone DMD,PT AIM,Device,Registered Asset,2025-06-18,15094131.53,3773532.88,11320598.65,36,Straight Line
AS0000870347,0,Damoda Drone DMD,PT AIM,Device,Registered Asset,2025-06-18,15094131.53,3773532.88,11320598.65,36,Straight Line
AS0000870348,0,Damoda Drone DMD,PT AIM,Device,Registered Asset,2025-06-18,15094131.53,3773532.88,11320598.65,36,Straight Line
AS0000870349,0,Damoda Drone DMD,PT AIM,Device,Registered Asset,2025-06-18,15094131.53,3773532.88,11320598.65,36,Straight Line
AS0000870350,0,Damoda Drone DMD,PT AIM,Device,Registered Asset,2025-06-18,15094131.53,3773532.88,11320598.65,36,Straight Line
AS0000870351,0,Damoda Drone DMD,PT AIM,Device,Registered Asset,2025-06-18,15094131.53,3773532.88,11320598.65,36,Straight Line
AS0000870352,0,Damoda Drone DMD,PT AIM,Device,Registered Asset,2025-06-18,15094131.53,3773532.88,11320598.65,36,Straight Line
AS0000870353,0,Damoda Drone DMD,PT AIM,Device,Registered Asset,2025-06-18,15094131.53,3773532.88,11320598.65,36,Straight Line
AS0000870354,0,Damoda Drone DMD,PT AIM,Device,Registered Asset,2025-06-18,15094131.53,3773532.88,11320598.65,36,Straight Line
AS0000870355,0,Damoda Drone DMD,PT AIM,Device,Registered Asset,2025-06-18,15094131.53,3773532.88,11320598.65,36,Straight Line
AS0000870356,0,Damoda Drone DMD,PT AIM,Device,Registered Asset,2025-06-18,15094131.53,3773532.88,11320598.65,36,Straight Line
AS0000870357,0,Damoda Drone DMD,PT AIM,Device,Registered Asset,2025-06-18,15094131.53,3773532.88,11320598.65,36,Straight Line
AS0000870358,0,Damoda Drone DMD,PT AIM,Device,Registered Asset,2025-06-18,15094131.53,3773532.88,11320598.65,36,Straight Line
AS0000870359,0,Damoda Drone DMD,PT AIM,Device,Registered Asset,2025-06-18,15094131.53,3773532.88,11320598.65,36,Straight Line
AS0000870360,0,Damoda Drone DMD,PT AIM,Device,Registered Asset,2025-06-18,15094131.53,3773532.88,11320598.65,36,Straight Line
AS0000870361,0,Damoda Drone DMD,PT AIM,Device,Registered Asset,2025-06-18,15094131.53,3773532.88,11320598.65,36,Straight Line
AS0000870362,0,Damoda Drone DMD,PT AIM,Device,Registered Asset,2025-06-18,15094131.53,3773532.88,11320598.65,36,Straight Line
AS0000870363,0,Damoda Drone DMD,PT AIM,Device,Registered Asset,2025-06-18,15094131.53,3773532.88,11320598.65,36,Straight Line
AS0000870364,0,Damoda Drone DMD,PT AIM,Device,Registered Asset,2025-06-18,15094131.53,3773532.88,11320598.65,36,Straight Line
AS0000870365,0,Damoda Drone DMD,PT AIM,Device,Registered Asset,2025-06-18,15094131.53,3773532.88,11320598.65,36,Straight Line
AS0000870366,0,Damoda Drone DMD,PT AIM,Device,Registered Asset,2025-06-18,15094131.53,3773532.88,11320598.65,36,Straight Line
AS0000870367,0,Damoda Drone DMD,PT AIM,Device,Registered Asset,2025-06-18,15094131.53,3773532.88,11320598.65,36,Straight Line
AS0000870368,0,Damoda Drone DMD,PT AIM,Device,Registered Asset,2025-06-18,15094131.53,3773532.88,11320598.65,36,Straight Line
AS0000870369,0,Damoda Drone DMD,PT AIM,Device,Registered Asset,2025-06-18,15094131.53,3773532.88,11320598.65,36,Straight Line
AS0000870370,0,Damoda Drone DMD,PT AIM,Device,Registered Asset,2025-06-18,15094131.53,3773532.88,11320598.65,36,Straight Line
AS0000870371,0,Damoda Drone DMD,PT AIM,Device,Registered Asset,2025-06-18,15094131.53,3773532.88,11320598.65,36,Straight Line
AS0000870372,0,Damoda Drone DMD,PT AIM,Device,Registered Asset,2025-06-18,15094131.53,3773532.88,11320598.65,36,Straight Line
AS0000870373,0,Damoda Drone DMD,PT AIM,Device,Registered Asset,2025-06-18,15094131.53,3773532.88,11320598.65,36,Straight Line
AS0000870374,0,Damoda Drone DMD,PT AIM,Device,Registered Asset,2025-06-18,15094131.53,3773532.88,11320598.65,36,Straight Line
AS0000870375,0,Damoda Drone DMD,PT AIM,Device,Registered Asset,2025-06-18,15094131.53,3773532.88,11320598.65,36,Straight Line
AS0000870376,0,Damoda Drone DMD,PT AIM,Device,Registered Asset,2025-06-18,15094131.53,3773532.88,11320598.65,36,Straight Line
AS0000870377,0,Damoda Drone DMD,PT AIM,Device,Registered Asset,2025-06-18,15094131.53,3773532.88,11320598.65,36,Straight Line
AS0000870378,0,Damoda Drone DMD,PT AIM,Device,Registered Asset,2025-06-18,15094131.53,3773532.88,11320598.65,36,Straight Line
AS0000870379,0,Damoda Drone DMD,PT AIM,Device,Registered Asset,2025-06-18,15094131.53,3773532.88,11320598.65,36,Straight Line
AS0000870380,0,Damoda Drone DMD,PT AIM,Device,Registered Asset,2025-06-18,15094131.53,3773532.88,11320598.65,36,Straight Line
AS0000870381,0,Damoda Drone DMD,PT AIM,Device,Registered Asset,2025-06-18,15094131.53,3773532.88,11320598.65,36,Straight Line
AS0000870382,0,Damoda Drone DMD,PT AIM,Device,Registered Asset,2025-06-18,15094131.53,3773532.88,11320598.65,36,Straight Line
AS0000870383,0,Damoda Drone DMD,PT AIM,Device,Registered Asset,2025-06-18,15094131.53,3773532.88,11320598.65,36,Straight Line
AS0000870384,0,Damoda Drone DMD,PT AIM,Device,Registered Asset,2025-06-18,15094131.53,3773532.88,11320598.65,36,Straight Line
AS0000870385,0,Damoda Drone DMD,PT AIM,Device,Registered Asset,2025-06-18,15094131.53,3773532.88,11320598.65,36,Straight Line
AS0000870386,0,Damoda Drone DMD,PT AIM,Device,Registered Asset,2025-06-18,15094131.53,3773532.88,11320598.65,36,Straight Line
AS0000870387,0,Damoda Drone DMD,PT AIM,Device,Registered Asset,2025-06-18,15094131.53,3773532.88,11320598.65,36,Straight Line
AS0000870388,0,Damoda Drone DMD,PT AIM,Device,Registered Asset,2025-06-18,15094131.53,3773532.88,11320598.65,36,Straight Line
AS0000870389,0,Damoda Drone DMD,PT AIM,Device,Registered Asset,2025-06-18,15094131.53,3773532.88,11320598.65,36,Straight Line
AS0000870390,0,Damoda Drone DMD,PT AIM,Device,Registered Asset,2025-06-18,15094131.53,3773532.88,11320598.65,36,Straight Line
AS0000870391,0,Damoda Drone DMD,PT AIM,Device,Registered Asset,2025-06-18,15094131.53,3773532.88,11320598.65,36,Straight Line
AS0000870392,0,Damoda Drone DMD,PT AIM,Device,Registered Asset,2025-06-18,15094131.53,3773532.88,11320598.65,36,Straight Line
AS0000870393,0,Damoda Drone DMD,PT AIM,Device,Registered Asset,2025-06-18,15094131.53,3773532.88,11320598.65,36,Straight Line
AS0000870394,0,Damoda Drone DMD,PT AIM,Device,Registered Asset,2025-06-18,15094131.53,3773532.88,11320598.65,36,Straight Line
AS0000870395,0,Damoda Drone DMD,PT AIM,Device,Registered Asset,2025-06-18,15094131.53,3773532.88,11320598.65,36,Straight Line
AS0000870396,0,Damoda Drone DMD,PT AIM,Device,Registered Asset,2025-06-18,15094131.53,3773532.88,11320598.65,36,Straight Line
AS0000870397,0,Damoda Drone DMD,PT AIM,Device,Registered Asset,2025-06-18,15094131.53,3773532.88,11320598.65,36,Straight Line
AS0000870398,0,Damoda Drone DMD,PT AIM,Device,Registered Asset,2025-06-18,15094131.53,3773532.88,11320598.65,36,Straight Line
AS0000870399,0,Damoda Drone DMD,PT AIM,Device,Registered Asset,2025-06-18,15094131.53,3773532.88,11320598.65,36,Straight Line
AS0000870400,0,Damoda Drone DMD,PT AIM,Device,Registered Asset,2025-06-18,15094131.53,3773532.88,11320598.65,36,Straight Line
AS0000870401,0,Damoda Drone DMD,PT AIM,Device,Registered Asset,2025-06-18,15094131.53,3773532.88,11320598.65,36,Straight Line
AS0000870402,0,Damoda Drone DMD,PT AIM,Device,Registered Asset,2025-06-18,15094131.53,3773532.88,11320598.65,36,Straight Line
AS0000870403,0,Damoda Drone DMD,PT AIM,Device,Registered Asset,2025-06-18,15094131.53,3773532.88,11320598.65,36,Straight Line
AS0000870404,0,Damoda Drone DMD,PT AIM,Device,Registered Asset,2025-06-18,15094131.53,3773532.88,11320598.65,36,Straight Line
AS0000870405,0,Damoda Drone DMD,PT AIM,Device,Registered Asset,2025-06-18,15094131.53,3773532.88,11320598.65,36,Straight Line
AS0000870406,0,Damoda Drone DMD,PT AIM,Device,Registered Asset,2025-06-18,15094131.53,3773532.88,11320598.65,36,Straight Line
AS0000870407,0,Damoda Drone DMD,PT AIM,Device,Registered Asset,2025-06-18,15094131.53,3773532.88,11320598.65,36,Straight Line
AS0000870408,0,Damoda Drone DMD,PT AIM,Device,Registered Asset,2025-06-18,15094131.53,3773532.88,11320598.65,36,Straight Line
AS0000870409,0,Damoda Drone DMD,PT AIM,Device,Registered Asset,2025-06-18,15094131.53,3773532.88,11320598.65,36,Straight Line
AS0000870410,0,Damoda Drone DMD,PT AIM,Device,Registered Asset,2025-06-18,15094131.53,3773532.88,11320598.65,36,Straight Line
AS0000870411,0,Damoda Drone DMD,PT AIM,Device,Registered Asset,2025-06-18,15094131.53,3773532.88,11320598.65,36,Straight Line
AS0000870412,0,Damoda Drone DMD,PT AIM,Device,Registered Asset,2025-06-18,15094131.53,3773532.88,11320598.65,36,Straight Line
AS0000870413,0,Damoda Drone DMD,PT AIM,Device,Registered Asset,2025-06-18,15094131.53,3773532.88,11320598.65,36,Straight Line
AS0000870414,0,Damoda Drone DMD,PT AIM,Device,Registered Asset,2025-06-18,15094131.53,3773532.88,11320598.65,36,Straight Line
AS0000870415,0,Damoda Drone DMD,PT AIM,Device,Registered Asset,2025-06-18,15094131.53,3773532.88,11320598.65,36,Straight Line
AS0000870416,0,Damoda Drone DMD,PT AIM,Device,Registered Asset,2025-06-18,15094131.53,3773532.88,11320598.65,36,Straight Line
AS0000870417,0,Damoda Drone DMD,PT AIM,Device,Registered Asset,2025-06-18,15094131.53,3773532.88,11320598.65,36,Straight Line
AS0000870418,0,Damoda Drone DMD,PT AIM,Device,Registered Asset,2025-06-18,15094131.53,3773532.88,11320598.65,36,Straight Line
AS0000870419,0,Damoda Drone DMD,PT AIM,Device,Registered Asset,2025-06-18,15094131.53,3773532.88,11320598.65,36,Straight Line
AS0000870420,0,Damoda Drone DMD,PT AIM,Device,Registered Asset,2025-06-18,15094131.53,3773532.88,11320598.65,36,Straight Line
AS0000870421,0,Damoda Drone DMD,PT AIM,Device,Registered Asset,2025-06-18,15094131.53,3773532.88,11320598.65,36,Straight Line
AS0000870422,0,Damoda Drone DMD,PT AIM,Device,Registered Asset,2025-06-18,15094131.53,3773532.88,11320598.65,36,Straight Line
AS0000870423,0,Damoda Drone DMD,PT AIM,Device,Registered Asset,2025-06-18,15094131.53,3773532.88,11320598.65,36,Straight Line
AS0000870424,0,Damoda Drone DMD,PT AIM,Device,Registered Asset,2025-06-18,15094131.53,3773532.88,11320598.65,36,Straight Line
AS0000870425,0,Damoda Drone DMD,PT AIM,Device,Registered Asset,2025-06-18,15094131.53,3773532.88,11320598.65,36,Straight Line
AS0000870426,0,Damoda Drone DMD,PT AIM,Device,Registered Asset,2025-06-18,15094131.53,3773532.88,11320598.65,36,Straight Line
AS0000870427,0,Damoda Drone DMD,PT AIM,Device,Registered Asset,2025-06-18,15094131.53,3773532.88,11320598.65,36,Straight Line
AS0000870428,0,Damoda Drone DMD,PT AIM,Device,Registered Asset,2025-06-18,15094131.53,3773532.88,11320598.65,36,Straight Line
AS0000870429,0,Damoda Drone DMD,PT AIM,Device,Registered Asset,2025-06-18,15094131.53,3773532.88,11320598.65,36,Straight Line
AS0000870430,0,Damoda Drone DMD,PT AIM,Device,Registered Asset,2025-06-18,15094131.53,3773532.88,11320598.65,36,Straight Line
AS0000870431,0,Damoda Drone DMD,PT AIM,Device,Registered Asset,2025-06-18,15094131.53,3773532.88,11320598.65,36,Straight Line
AS0000870432,0,Damoda Drone DMD,PT AIM,Device,Registered Asset,2025-06-18,15094131.53,3773532.88,11320598.65,36,Straight Line
AS0000870433,0,Damoda Drone DMD,PT AIM,Device,Registered Asset,2025-06-18,15094131.53,3773532.88,11320598.65,36,Straight Line
AS0000870434,0,Damoda Drone DMD,PT AIM,Device,Registered Asset,2025-06-18,15094131.53,3773532.88,11320598.65,36,Straight Line
AS0000870435,0,Damoda Drone DMD,PT AIM,Device,Registered Asset,2025-06-18,15094131.53,3773532.88,11320598.65,36,Straight Line
AS0000870436,0,Damoda Drone DMD,PT AIM,Device,Registered Asset,2025-06-18,15094131.53,3773532.88,11320598.65,36,Straight Line
AS0000870437,0,Damoda Drone DMD,PT AIM,Device,Registered Asset,2025-06-18,15094131.53,3773532.88,11320598.65,36,Straight Line
AS0000870438,0,Damoda Drone DMD,PT AIM,Device,Registered Asset,2025-06-18,15094131.53,3773532.88,11320598.65,36,Straight Line
AS0000870439,0,Damoda Drone DMD,PT AIM,Device,Registered Asset,2025-06-18,15094131.53,3773532.88,11320598.65,36,Straight Line
AS0000870440,0,Damoda Drone DMD,PT AIM,Device,Registered Asset,2025-06-18,15094131.53,3773532.88,11320598.65,36,Straight Line
AS0000870441,0,Damoda Drone DMD,PT AIM,Device,Registered Asset,2025-06-18,15094131.53,3773532.88,11320598.65,36,Straight Line
AS0000870442,0,Damoda Drone DMD,PT AIM,Device,Registered Asset,2025-06-18,15094131.53,3773532.88,11320598.65,36,Straight Line
AS0000870443,0,Damoda Drone DMD,PT AIM,Device,Registered Asset,2025-06-18,15094131.53,3773532.88,11320598.65,36,Straight Line
AS0000870444,0,Damoda Drone DMD,PT AIM,Device,Registered Asset,2025-06-18,15094131.53,3773532.88,11320598.65,36,Straight Line
AS0000870445,0,Damoda Drone DMD,PT AIM,Device,Registered Asset,2025-06-18,15094131.53,3773532.88,11320598.65,36,Straight Line
AS0000870446,0,Damoda Drone DMD,PT AIM,Device,Registered Asset,2025-06-18,15094131.53,3773532.88,11320598.65,36,Straight Line
AS0000870447,0,Damoda Drone DMD,PT AIM,Device,Registered Asset,2025-06-18,15094131.53,3773532.88,11320598.65,36,Straight Line
AS0000870448,0,Damoda Drone DMD,PT AIM,Device,Registered Asset,2025-06-18,15094131.53,3773532.88,11320598.65,36,Straight Line
AS0000870449,0,Damoda Drone DMD,PT AIM,Device,Registered Asset,2025-06-18,15094131.53,3773532.88,11320598.65,36,Straight Line
AS0000870450,0,Damoda Drone DMD,PT AIM,Device,Registered Asset,2025-06-18,15094131.53,3773532.88,11320598.65,36,Straight Line
AS0000870451,0,Damoda Drone DMD,PT AIM,Device,Registered Asset,2025-06-18,15094131.53,3773532.88,11320598.65,36,Straight Line
AS0000870452,0,Damoda Drone DMD,PT AIM,Device,Registered Asset,2025-06-18,15094131.53,3773532.88,11320598.65,36,Straight Line
AS0000870453,0,Damoda Drone DMD,PT AIM,Device,Registered Asset,2025-06-18,15094131.53,3773532.88,11320598.65,36,Straight Line
AS0000870454,0,Damoda Drone DMD,PT AIM,Device,Registered Asset,2025-06-18,15094131.53,3773532.88,11320598.65,36,Straight Line
AS0000870455,0,Damoda Drone DMD,PT AIM,Device,Registered Asset,2025-06-18,15094131.53,3773532.88,11320598.65,36,Straight Line
AS0000870456,0,Damoda Drone DMD,PT AIM,Device,Registered Asset,2025-06-18,15094131.53,3773532.88,11320598.65,36,Straight Line
AS0000870457,0,Damoda Drone DMD,PT AIM,Device,Registered Asset,2025-06-18,15094131.53,3773532.88,11320598.65,36,Straight Line
AS0000870458,0,Damoda Drone DMD,PT AIM,Device,Registered Asset,2025-06-18,15094131.53,3773532.88,11320598.65,36,Straight Line
AS0000870459,0,Damoda Drone DMD,PT AIM,Device,Registered Asset,2025-06-18,15094131.53,3773532.88,11320598.65,36,Straight Line
AS0000870460,0,Damoda Drone DMD,PT AIM,Device,Registered Asset,2025-06-18,15094131.53,3773532.88,11320598.65,36,Straight Line
AS0000870461,0,Damoda Drone DMD,PT AIM,Device,Registered Asset,2025-06-18,15094131.53,3773532.88,11320598.65,36,Straight Line
AS0000870462,0,Damoda Drone DMD,PT AIM,Device,Registered Asset,2025-06-18,15094131.53,3773532.88,11320598.65,36,Straight Line
AS0000870463,0,Damoda Drone DMD,PT AIM,Device,Registered Asset,2025-06-18,15094131.53,3773532.88,11320598.65,36,Straight Line
AS0000870464,0,Damoda Drone DMD,PT AIM,Device,Registered Asset,2025-06-18,15094131.53,3773532.88,11320598.65,36,Straight Line
AS0000870465,0,Damoda Drone DMD,PT AIM,Device,Registered Asset,2025-06-18,15094131.53,3773532.88,11320598.65,36,Straight Line
AS0000870466,0,Damoda Drone DMD,PT AIM,Device,Registered Asset,2025-06-18,15094131.53,3773532.88,11320598.65,36,Straight Line
AS0000870467,0,Damoda Drone DMD,PT AIM,Device,Registered Asset,2025-06-18,15094131.53,3773532.88,11320598.65,36,Straight Line
AS0000870468,0,Damoda Drone DMD,PT AIM,Device,Registered Asset,2025-06-18,15094131.53,3773532.88,11320598.65,36,Straight Line
AS0000870469,0,Damoda Drone DMD,PT AIM,Device,Registered Asset,2025-06-18,15094131.53,3773532.88,11320598.65,36,Straight Line
AS0000870470,0,Damoda Drone DMD,PT AIM,Device,Registered Asset,2025-06-18,15094131.53,3773532.88,11320598.65,36,Straight Line
AS0000870471,0,Damoda Drone DMD,PT AIM,Device,Registered Asset,2025-06-18,15094131.53,3773532.88,11320598.65,36,Straight Line
AS0000870472,0,Damoda Drone DMD,PT AIM,Device,Registered Asset,2025-06-18,15094131.53,3773532.88,11320598.65,36,Straight Line
AS0000870473,0,Damoda Drone DMD,PT AIM,Device,Registered Asset,2025-06-18,15094131.53,3773532.88,11320598.65,36,Straight Line
AS0000870474,0,Damoda Drone DMD,PT AIM,Device,Registered Asset,2025-06-18,15094131.53,3773532.88,11320598.65,36,Straight Line
AS0000870475,0,Damoda Drone DMD,PT AIM,Device,Registered Asset,2025-06-18,15094131.53,3773532.88,11320598.65,36,Straight Line
AS0000870476,0,Damoda Drone DMD,PT AIM,Device,Registered Asset,2025-06-18,15094131.53,3773532.88,11320598.65,36,Straight Line
AS0000870477,0,Damoda Drone DMD,PT AIM,Device,Registered Asset,2025-06-18,15094131.53,3773532.88,11320598.65,36,Straight Line
AS0000870478,0,Damoda Drone DMD,PT AIM,Device,Registered Asset,2025-06-18,15094131.53,3773532.88,11320598.65,36,Straight Line
AS0000870479,0,Damoda Drone DMD,PT AIM,Device,Registered Asset,2025-06-18,15094131.53,3773532.88,11320598.65,36,Straight Line
AS0000870480,0,Damoda Drone DMD,PT AIM,Device,Registered Asset,2025-06-18,15094131.53,3773532.88,11320598.65,36,Straight Line
AS0000870481,0,Damoda Drone DMD,PT AIM,Device,Registered Asset,2025-06-18,15094131.53,3773532.88,11320598.65,36,Straight Line
AS0000870482,0,Damoda Drone DMD,PT AIM,Device,Registered Asset,2025-06-18,15094131.53,3773532.88,11320598.65,36,Straight Line
AS0000870483,0,Damoda Drone DMD,PT AIM,Device,Registered Asset,2025-06-18,15094131.53,3773532.88,11320598.65,36,Straight Line
AS0000870484,0,Damoda Drone DMD,PT AIM,Device,Registered Asset,2025-06-18,15094131.53,3773532.88,11320598.65,36,Straight Line
AS0000870485,0,Damoda Drone DMD,PT AIM,Device,Registered Asset,2025-06-18,15094131.53,3773532.88,11320598.65,36,Straight Line
AS0000870486,0,Damoda Drone DMD,PT AIM,Device,Registered Asset,2025-06-18,15094131.53,3773532.88,11320598.65,36,Straight Line
AS0000870487,0,Damoda Drone DMD,PT AIM,Device,Registered Asset,2025-06-18,15094131.53,3773532.88,11320598.65,36,Straight Line
AS0000870488,0,Damoda Drone DMD,PT AIM,Device,Registered Asset,2025-06-18,15094131.53,3773532.88,11320598.65,36,Straight Line
AS0000870489,0,Damoda Drone DMD,PT AIM,Device,Registered Asset,2025-06-18,15094131.53,3773532.88,11320598.65,36,Straight Line
AS0000870490,0,Damoda Drone DMD,PT AIM,Device,Registered Asset,2025-06-18,15094131.53,3773532.88,11320598.65,36,Straight Line
AS0000870491,0,Damoda Drone DMD,PT AIM,Device,Registered Asset,2025-06-18,15094131.53,3773532.88,11320598.65,36,Straight Line
AS0000870492,0,Damoda Drone DMD,PT AIM,Device,Registered Asset,2025-06-18,15094131.53,3773532.88,11320598.65,36,Straight Line
AS0000870493,0,Damoda Drone DMD,PT AIM,Device,Registered Asset,2025-06-18,15094131.53,3773532.88,11320598.65,36,Straight Line
AS0000870494,0,Damoda Drone DMD,PT AIM,Device,Registered Asset,2025-06-18,15094131.53,3773532.88,11320598.65,36,Straight Line
AS0000870495,0,Damoda Drone DMD,PT AIM,Device,Registered Asset,2025-06-18,15094131.53,3773532.88,11320598.65,36,Straight Line
AS0000870496,0,Damoda Drone DMD,PT AIM,Device,Registered Asset,2025-06-18,15094131.53,3773532.88,11320598.65,36,Straight Line
AS0000870497,0,Damoda Drone DMD,PT AIM,Device,Registered Asset,2025-06-18,15094131.53,3773532.88,11320598.65,36,Straight Line
AS0000870498,0,Damoda Drone DMD,PT AIM,Device,Registered Asset,2025-06-18,15094131.53,3773532.88,11320598.65,36,Straight Line
AS0000870499,0,Damoda Drone DMD,PT AIM,Device,Registered Asset,2025-06-18,15094131.53,3773532.88,11320598.65,36,Straight Line
AS0000870500,0,Damoda Drone DMD,PT AIM,Device,Registered Asset,2025-06-18,15094131.53,3773532.88,11320598.65,36,Straight Line
AS0000870501,0,Damoda Drone DMD,PT AIM,Device,Registered Asset,2025-06-18,15094131.53,3773532.88,11320598.65,36,Straight Line
AS0000870502,0,Damoda Drone DMD,PT AIM,Device,Registered Asset,2025-06-18,15094131.53,3773532.88,11320598.65,36,Straight Line
AS0000870503,0,Damoda Drone DMD,PT AIM,Device,Registered Asset,2025-06-18,15094131.53,3773532.88,11320598.65,36,Straight Line
AS0000870504,0,Damoda Drone DMD,PT AIM,Device,Registered Asset,2025-06-18,15094131.53,3773532.88,11320598.65,36,Straight Line
AS0000870505,0,Damoda Drone DMD,PT AIM,Device,Registered Asset,2025-06-18,15094131.53,3773532.88,11320598.65,36,Straight Line
AS0000870506,0,Damoda Drone DMD,PT AIM,Device,Registered Asset,2025-06-18,15094131.53,3773532.88,11320598.65,36,Straight Line
AS0000870507,0,Damoda Drone DMD,PT AIM,Device,Registered Asset,2025-06-18,15094131.53,3773532.88,11320598.65,36,Straight Line
AS0000870508,0,Damoda Drone DMD,PT AIM,Device,Registered Asset,2025-06-18,15094131.53,3773532.88,11320598.65,36,Straight Line
AS0000870509,0,Damoda Drone DMD,PT AIM,Device,Registered Asset,2025-06-18,15094131.53,3773532.88,11320598.65,36,Straight Line
AS0000870510,0,Damoda Drone DMD,PT AIM,Device,Registered Asset,2025-06-18,15094131.53,3773532.88,11320598.65,36,Straight Line
AS0000870511,0,Damoda Drone DMD,PT AIM,Device,Registered Asset,2025-06-18,15094131.53,3773532.88,11320598.65,36,Straight Line
AS0000870512,0,Damoda Drone DMD,PT AIM,Device,Registered Asset,2025-06-18,15094131.53,3773532.88,11320598.65,36,Straight Line
AS0000870513,0,Damoda Drone DMD,PT AIM,Device,Registered Asset,2025-06-18,15094131.53,3773532.88,11320598.65,36,Straight Line
AS0000870514,0,Damoda Drone DMD,PT AIM,Device,Registered Asset,2025-06-18,15094131.53,3773532.88,11320598.65,36,Straight Line
AS0000870515,0,Damoda Drone DMD,PT AIM,Device,Registered Asset,2025-06-18,15094131.53,3773532.88,11320598.65,36,Straight Line
AS0000870516,0,Damoda Drone DMD,PT AIM,Device,Registered Asset,2025-06-18,15094131.53,3773532.88,11320598.65,36,Straight Line
AS0000870517,0,Damoda Drone DMD,PT AIM,Device,Registered Asset,2025-06-18,15094131.53,3773532.88,11320598.65,36,Straight Line
AS0000870518,0,Damoda Drone DMD,PT AIM,Device,Registered Asset,2025-06-18,15094131.53,3773532.88,11320598.65,36,Straight Line
AS0000870519,0,Damoda Drone DMD,PT AIM,Device,Registered Asset,2025-06-18,15094131.53,3773532.88,11320598.65,36,Straight Line
AS0000870520,0,Damoda Drone DMD,PT AIM,Device,Registered Asset,2025-06-18,15094131.53,3773532.88,11320598.65,36,Straight Line
AS0000870521,0,Damoda Drone DMD,PT AIM,Device,Registered Asset,2025-06-18,15094131.53,3773532.88,11320598.65,36,Straight Line
AS0000870522,0,Damoda Drone DMD,PT AIM,Device,Registered Asset,2025-06-18,15094131.53,3773532.88,11320598.65,36,Straight Line
AS0000870523,0,Damoda Drone DMD,PT AIM,Device,Registered Asset,2025-06-18,15094131.53,3773532.88,11320598.65,36,Straight Line
AS0000870524,0,Damoda Drone DMD,PT AIM,Device,Registered Asset,2025-06-18,15094131.53,3773532.88,11320598.65,36,Straight Line
AS0000870525,0,Damoda Drone DMD,PT AIM,Device,Registered Asset,2025-06-18,15094131.53,3773532.88,11320598.65,36,Straight Line
AS0000870526,0,Damoda Drone DMD,PT AIM,Device,Registered Asset,2025-06-18,15094131.53,3773532.88,11320598.65,36,Straight Line
AS0000870527,0,Damoda Drone DMD,PT AIM,Device,Registered Asset,2025-06-18,15094131.53,3773532.88,11320598.65,36,Straight Line
AS0000870528,0,Damoda Drone DMD,PT AIM,Device,Registered Asset,2025-06-18,15094131.53,3773532.88,11320598.65,36,Straight Line
AS0000870529,0,Damoda Drone DMD,PT AIM,Device,Registered Asset,2025-06-18,15094131.53,3773532.88,11320598.65,36,Straight Line
AS0000870530,0,Damoda Drone DMD,PT AIM,Device,Registered Asset,2025-06-18,15094131.53,3773532.88,11320598.65,36,Straight Line
AS0000870531,0,Damoda Drone DMD,PT AIM,Device,Registered Asset,2025-06-18,15094131.53,3773532.88,11320598.65,36,Straight Line
AS0000870532,0,Damoda Drone DMD,PT AIM,Device,Registered Asset,2025-06-18,15094131.53,3773532.88,11320598.65,36,Straight Line
AS0000870533,0,Damoda Drone DMD,PT AIM,Device,Registered Asset,2025-06-18,15094131.53,3773532.88,11320598.65,36,Straight Line
AS0000870534,0,Damoda Drone DMD,PT AIM,Device,Registered Asset,2025-06-18,15094131.53,3773532.88,11320598.65,36,Straight Line
AS0000870535,0,Damoda Drone DMD,PT AIM,Device,Registered Asset,2025-06-18,15094131.53,3773532.88,11320598.65,36,Straight Line
AS0000870536,0,Damoda Drone DMD,PT AIM,Device,Registered Asset,2025-06-18,15094131.53,3773532.88,11320598.65,36,Straight Line
AS0000870537,0,Damoda Drone DMD,PT AIM,Device,Registered Asset,2025-06-18,15094131.53,3773532.88,11320598.65,36,Straight Line
AS0000870538,0,Damoda Drone DMD,PT AIM,Device,Registered Asset,2025-06-18,15094131.53,3773532.88,11320598.65,36,Straight Line
AS0000870539,0,Damoda Drone DMD,PT AIM,Device,Registered Asset,2025-06-18,15094131.53,3773532.88,11320598.65,36,Straight Line
AS0000870540,0,Damoda Drone DMD,PT AIM,Device,Registered Asset,2025-06-18,15094131.53,3773532.88,11320598.65,36,Straight Line
AS0000870541,0,Damoda Drone DMD,PT AIM,Device,Registered Asset,2025-06-18,15094131.53,3773532.88,11320598.65,36,Straight Line
AS0000870542,0,Damoda Drone DMD,PT AIM,Device,Registered Asset,2025-06-18,15094131.53,3773532.88,11320598.65,36,Straight Line
AS0000870543,0,Damoda Drone DMD,PT AIM,Device,Registered Asset,2025-06-18,15094131.53,3773532.88,11320598.65,36,Straight Line
AS0000870544,0,Damoda Drone DMD,PT AIM,Device,Registered Asset,2025-06-18,15094131.53,3773532.88,11320598.65,36,Straight Line
AS0000870545,0,Damoda Drone DMD,PT AIM,Device,Registered Asset,2025-06-18,15094131.53,3773532.88,11320598.65,36,Straight Line
AS0000870546,0,Damoda Drone DMD,PT AIM,Device,Registered Asset,2025-06-18,15094131.53,3773532.88,11320598.65,36,Straight Line
AS0000870547,0,Damoda Drone DMD,PT AIM,Device,Registered Asset,2025-06-18,15094131.53,3773532.88,11320598.65,36,Straight Line
AS0000870548,0,Damoda Drone DMD,PT AIM,Device,Registered Asset,2025-06-18,15094131.53,3773532.88,11320598.65,36,Straight Line
AS0000870549,0,Damoda Drone DMD,PT AIM,Device,Registered Asset,2025-06-18,15094131.53,3773532.88,11320598.65,36,Straight Line
AS0000870550,0,Damoda Drone DMD,PT AIM,Device,Registered Asset,2025-06-18,15094131.53,3773532.88,11320598.65,36,Straight Line
AS0000870551,0,Damoda Drone DMD,PT AIM,Device,Registered Asset,2025-06-18,15094131.53,3773532.88,11320598.65,36,Straight Line
AS0000870552,0,Damoda Drone DMD,PT AIM,Device,Registered Asset,2025-06-18,15094131.53,3773532.88,11320598.65,36,Straight Line
AS0000870553,0,Damoda Drone DMD,PT AIM,Device,Registered Asset,2025-06-18,15094131.53,3773532.88,11320598.65,36,Straight Line
AS0000870554,0,Damoda Drone DMD,PT AIM,Device,Registered Asset,2025-06-18,15094131.53,3773532.88,11320598.65,36,Straight Line
AS0000870555,0,Damoda Drone DMD,PT AIM,Device,Registered Asset,2025-06-18,15094131.53,3773532.88,11320598.65,36,Straight Line
AS0000870556,0,Damoda Drone DMD,PT AIM,Device,Registered Asset,2025-06-18,15094131.53,3773532.88,11320598.65,36,Straight Line
AS0000870557,0,Damoda Drone DMD,PT AIM,Device,Registered Asset,2025-06-18,15094131.53,3773532.88,11320598.65,36,Straight Line
AS0000870558,0,Damoda Drone DMD,PT AIM,Device,Registered Asset,2025-06-18,15094131.53,3773532.88,11320598.65,36,Straight Line
AS0000870559,0,Damoda Drone DMD,PT AIM,Device,Registered Asset,2025-06-18,15094131.53,3773532.88,11320598.65,36,Straight Line
AS0000870560,0,Damoda Drone DMD,PT AIM,Device,Registered Asset,2025-06-18,15094131.53,3773532.88,11320598.65,36,Straight Line
AS0000870561,0,Damoda Drone DMD,PT AIM,Device,Registered Asset,2025-06-18,15094131.53,3773532.88,11320598.65,36,Straight Line
AS0000870562,0,Damoda Drone DMD,PT AIM,Device,Registered Asset,2025-06-18,15094131.53,3773532.88,11320598.65,36,Straight Line
AS0000870563,0,Damoda Drone DMD,PT AIM,Device,Registered Asset,2025-06-18,15094131.53,3773532.88,11320598.65,36,Straight Line
AS0000870564,0,Damoda Drone DMD,PT AIM,Device,Registered Asset,2025-06-18,15094131.53,3773532.88,11320598.65,36,Straight Line
AS0000870565,0,Damoda Drone DMD,PT AIM,Device,Registered Asset,2025-06-18,15094131.53,3773532.88,11320598.65,36,Straight Line
AS0000870566,0,Damoda Drone DMD,PT AIM,Device,Registered Asset,2025-06-18,15094131.53,3773532.88,11320598.65,36,Straight Line
AS0000870567,0,Damoda Drone DMD,PT AIM,Device,Registered Asset,2025-06-18,15094131.53,3773532.88,11320598.65,36,Straight Line
AS0000870568,0,Damoda Drone DMD,PT AIM,Device,Registered Asset,2025-06-18,15094131.53,3773532.88,11320598.65,36,Straight Line
AS0000870569,0,Damoda Drone DMD,PT AIM,Device,Registered Asset,2025-06-18,15094131.53,3773532.88,11320598.65,36,Straight Line
AS0000870570,0,Damoda Drone DMD,PT AIM,Device,Registered Asset,2025-06-18,15094131.53,3773532.88,11320598.65,36,Straight Line
AS0000870571,0,Damoda Drone DMD,PT AIM,Device,Registered Asset,2025-06-18,15094131.53,3773532.88,11320598.65,36,Straight Line
AS0000870572,0,Damoda Drone DMD,PT AIM,Device,Registered Asset,2025-06-18,15094131.53,3773532.88,11320598.65,36,Straight Line
AS0000870573,0,Damoda Drone DMD,PT AIM,Device,Registered Asset,2025-06-18,15094131.53,3773532.88,11320598.65,36,Straight Line
AS0000870574,0,Damoda Drone DMD,PT AIM,Device,Registered Asset,2025-06-18,15094131.53,3773532.88,11320598.65,36,Straight Line
AS0000870575,0,Damoda Drone DMD,PT AIM,Device,Registered Asset,2025-06-18,15094131.53,3773532.88,11320598.65,36,Straight Line
AS0000870576,0,Damoda Drone DMD,PT AIM,Device,Registered Asset,2025-06-18,15094131.53,3773532.88,11320598.65,36,Straight Line
AS0000870577,0,Damoda Drone DMD,PT AIM,Device,Registered Asset,2025-06-18,15094131.53,3773532.88,11320598.65,36,Straight Line
AS0000870578,0,Damoda Drone DMD,PT AIM,Device,Registered Asset,2025-06-18,15094131.53,3773532.88,11320598.65,36,Straight Line
AS0000870579,0,Damoda Drone DMD,PT AIM,Device,Registered Asset,2025-06-18,15094131.53,3773532.88,11320598.65,36,Straight Line
AS0000870580,0,Damoda Drone DMD,PT AIM,Device,Registered Asset,2025-06-18,15094131.53,3773532.88,11320598.65,36,Straight Line
AS0000870581,0,Damoda Drone DMD,PT AIM,Device,Registered Asset,2025-06-18,15094131.53,3773532.88,11320598.65,36,Straight Line
AS0000870582,0,Damoda Drone DMD,PT AIM,Device,Registered Asset,2025-06-18,15094131.53,3773532.88,11320598.65,36,Straight Line
AS0000870583,0,Damoda Drone DMD,PT AIM,Device,Registered Asset,2025-06-18,15094131.53,3773532.88,11320598.65,36,Straight Line
AS0000870584,0,Damoda Drone DMD,PT AIM,Device,Registered Asset,2025-06-18,15094131.53,3773532.88,11320598.65,36,Straight Line
AS0000870585,0,Damoda Drone DMD,PT AIM,Device,Registered Asset,2025-06-18,15094131.53,3773532.88,11320598.65,36,Straight Line
AS0000870586,0,Damoda Drone DMD,PT AIM,Device,Registered Asset,2025-06-18,15094131.53,3773532.88,11320598.65,36,Straight Line
AS0000870587,0,Damoda Drone DMD,PT AIM,Device,Registered Asset,2025-06-18,15094131.53,3773532.88,11320598.65,36,Straight Line
AS0000870588,0,Damoda Drone DMD,PT AIM,Device,Registered Asset,2025-06-18,15094131.53,3773532.88,11320598.65,36,Straight Line
AS0000870589,0,Damoda Drone DMD,PT AIM,Device,Registered Asset,2025-06-18,15094131.53,3773532.88,11320598.65,36,Straight Line
AS0000870590,0,Damoda Drone DMD,PT AIM,Device,Registered Asset,2025-06-18,15094131.53,3773532.88,11320598.65,36,Straight Line
AS0000870591,0,Damoda Drone DMD,PT AIM,Device,Registered Asset,2025-06-18,15094131.53,3773532.88,11320598.65,36,Straight Line
AS0000870592,0,Damoda Drone DMD,PT AIM,Device,Registered Asset,2025-06-18,15094131.53,3773532.88,11320598.65,36,Straight Line
AS0000870593,0,Damoda Drone DMD,PT AIM,Device,Registered Asset,2025-06-18,15094131.53,3773532.88,11320598.65,36,Straight Line
AS0000870594,0,Damoda Drone DMD,PT AIM,Device,Registered Asset,2025-06-18,15094131.53,3773532.88,11320598.65,36,Straight Line
AS0000870595,0,Damoda Drone DMD,PT AIM,Device,Registered Asset,2025-06-18,15094131.53,3773532.88,11320598.65,36,Straight Line
AS0000870596,0,Damoda Drone DMD,PT AIM,Device,Registered Asset,2025-06-18,15094131.53,3773532.88,11320598.65,36,Straight Line
AS0000870597,0,Damoda Drone DMD,PT AIM,Device,Registered Asset,2025-06-18,15094131.53,3773532.88,11320598.65,36,Straight Line
AS0000870598,0,Damoda Drone DMD,PT AIM,Device,Registered Asset,2025-06-18,15094131.53,3773532.88,11320598.65,36,Straight Line
AS0000870599,0,Damoda Drone DMD,PT AIM,Device,Registered Asset,2025-06-18,15094131.53,3773532.88,11320598.65,36,Straight Line
AS0000870600,0,Damoda Drone DMD,PT AIM,Device,Registered Asset,2025-06-18,15094131.53,3773532.88,11320598.65,36,Straight Line
AS0000870601,0,Damoda Drone DMD,PT AIM,Device,Registered Asset,2025-06-18,15094131.53,3773532.88,11320598.65,36,Straight Line
AS0000870602,0,Damoda Drone DMD,PT AIM,Device,Registered Asset,2025-06-18,15094131.53,3773532.88,11320598.65,36,Straight Line
AS0000870603,0,Damoda Drone DMD,PT AIM,Device,Registered Asset,2025-06-18,15094131.53,3773532.88,11320598.65,36,Straight Line
AS0000870604,0,Damoda Drone DMD,PT AIM,Device,Registered Asset,2025-06-18,15094131.53,3773532.88,11320598.65,36,Straight Line
AS0000870605,0,Damoda Drone DMD,PT AIM,Device,Registered Asset,2025-06-18,15094131.53,3773532.88,11320598.65,36,Straight Line
AS0000870606,0,Damoda Drone DMD,PT AIM,Device,Registered Asset,2025-06-18,15094131.53,3773532.88,11320598.65,36,Straight Line
AS0000870607,0,Damoda Drone DMD,PT AIM,Device,Registered Asset,2025-06-18,15094131.53,3773532.88,11320598.65,36,Straight Line
AS0000870608,0,Damoda Drone DMD,PT AIM,Device,Registered Asset,2025-06-18,15094131.53,3773532.88,11320598.65,36,Straight Line
AS0000870609,0,Damoda Drone DMD,PT AIM,Device,Registered Asset,2025-06-18,15094131.53,3773532.88,11320598.65,36,Straight Line
AS0000870610,0,Damoda Drone DMD,PT AIM,Device,Registered Asset,2025-06-18,15094131.53,3773532.88,11320598.65,36,Straight Line
AS0000870611,0,Damoda Drone DMD,PT AIM,Device,Registered Asset,2025-06-18,15094131.53,3773532.88,11320598.65,36,Straight Line
AS0000870612,0,Damoda Drone DMD,PT AIM,Device,Registered Asset,2025-06-18,15094131.53,3773532.88,11320598.65,36,Straight Line
AS0000870613,0,Damoda Drone DMD,PT AIM,Device,Registered Asset,2025-06-18,15094131.53,3773532.88,11320598.65,36,Straight Line
AS0000870614,0,Damoda Drone DMD,PT AIM,Device,Registered Asset,2025-06-18,15094131.53,3773532.88,11320598.65,36,Straight Line
AS0000870615,0,Damoda Drone DMD,PT AIM,Device,Registered Asset,2025-06-18,15094131.53,3773532.88,11320598.65,36,Straight Line
AS0000870616,0,Damoda Drone DMD,PT AIM,Device,Registered Asset,2025-06-18,15094131.53,3773532.88,11320598.65,36,Straight Line
AS0000870617,0,Damoda Drone DMD,PT AIM,Device,Registered Asset,2025-06-18,15094131.53,3773532.88,11320598.65,36,Straight Line
AS0000870618,0,Damoda Drone DMD,PT AIM,Device,Registered Asset,2025-06-18,15094131.53,3773532.88,11320598.65,36,Straight Line
AS0000870619,0,Damoda Drone DMD,PT AIM,Device,Registered Asset,2025-06-18,15094131.53,3773532.88,11320598.65,36,Straight Line
AS0000870620,0,Damoda Drone DMD,PT AIM,Device,Registered Asset,2025-06-18,15094131.53,3773532.88,11320598.65,36,Straight Line
AS0000870621,0,Damoda Drone DMD,PT AIM,Device,Registered Asset,2025-06-18,15094131.53,3773532.88,11320598.65,36,Straight Line
AS0000870622,0,Damoda Drone DMD,PT AIM,Device,Registered Asset,2025-06-18,15094131.53,3773532.88,11320598.65,36,Straight Line
AS0000870623,0,Damoda Drone DMD,PT AIM,Device,Registered Asset,2025-06-18,15094131.53,3773532.88,11320598.65,36,Straight Line
AS0000870624,0,Damoda Drone DMD,PT AIM,Device,Registered Asset,2025-06-18,15094131.53,3773532.88,11320598.65,36,Straight Line
AS0000870625,0,Damoda Drone DMD,PT AIM,Device,Registered Asset,2025-06-18,15094131.53,3773532.88,11320598.65,36,Straight Line
AS0000870626,0,Damoda Drone DMD,PT AIM,Device,Registered Asset,2025-06-18,15094131.53,3773532.88,11320598.65,36,Straight Line
AS0000870627,0,Damoda Drone DMD,PT AIM,Device,Registered Asset,2025-06-18,15094131.53,3773532.88,11320598.65,36,Straight Line
AS0000870628,0,Damoda Drone DMD,PT AIM,Device,Registered Asset,2025-06-18,15094131.53,3773532.88,11320598.65,36,Straight Line
AS0000870629,0,Damoda Drone DMD,PT AIM,Device,Registered Asset,2025-06-18,15094131.53,3773532.88,11320598.65,36,Straight Line
AS0000870630,0,Damoda Drone DMD,PT AIM,Device,Registered Asset,2025-06-18,15094131.53,3773532.88,11320598.65,36,Straight Line
AS0000870631,0,Damoda Drone DMD,PT AIM,Device,Registered Asset,2025-06-18,15094131.53,3773532.88,11320598.65,36,Straight Line
AS0000870632,0,Damoda Drone DMD,PT AIM,Device,Registered Asset,2025-06-18,15094131.53,3773532.88,11320598.65,36,Straight Line
AS0000870633,0,Damoda Drone DMD,PT AIM,Device,Registered Asset,2025-06-18,15094131.53,3773532.88,11320598.65,36,Straight Line
AS0000870634,0,Damoda Drone DMD,PT AIM,Device,Registered Asset,2025-06-18,15094131.53,3773532.88,11320598.65,36,Straight Line
AS0000870635,0,Damoda Drone DMD,PT AIM,Device,Registered Asset,2025-06-18,15094131.53,3773532.88,11320598.65,36,Straight Line
AS0000870636,0,Damoda Drone DMD,PT AIM,Device,Registered Asset,2025-06-18,15094131.53,3773532.88,11320598.65,36,Straight Line
AS0000870637,0,Damoda Drone DMD,PT AIM,Device,Registered Asset,2025-06-18,15094131.53,3773532.88,11320598.65,36,Straight Line
AS0000870638,0,Damoda Drone DMD,PT AIM,Device,Registered Asset,2025-06-18,15094131.53,3773532.88,11320598.65,36,Straight Line
AS0000870639,0,Damoda Drone DMD,PT AIM,Device,Registered Asset,2025-06-18,15094131.53,3773532.88,11320598.65,36,Straight Line
AS0000870640,0,Damoda Drone DMD,PT AIM,Device,Registered Asset,2025-06-18,15094131.53,3773532.88,11320598.65,36,Straight Line
AS0000870641,0,Damoda Drone DMD,PT AIM,Device,Registered Asset,2025-06-18,15094131.53,3773532.88,11320598.65,36,Straight Line
AS0000870642,0,Damoda Drone DMD,PT AIM,Device,Registered Asset,2025-06-18,15094131.53,3773532.88,11320598.65,36,Straight Line
AS0000870643,0,Damoda Drone DMD,PT AIM,Device,Registered Asset,2025-06-18,15094131.53,3773532.88,11320598.65,36,Straight Line
AS0000870644,0,Damoda Drone DMD,PT AIM,Device,Registered Asset,2025-06-18,15094131.53,3773532.88,11320598.65,36,Straight Line
AS0000870645,0,Damoda Drone DMD,PT AIM,Device,Registered Asset,2025-06-18,15094131.53,3773532.88,11320598.65,36,Straight Line
AS0000870646,0,Damoda Drone DMD,PT AIM,Device,Registered Asset,2025-06-18,15094131.53,3773532.88,11320598.65,36,Straight Line
AS0000870647,0,Damoda Drone DMD,PT AIM,Device,Registered Asset,2025-06-18,15094131.53,3773532.88,11320598.65,36,Straight Line
AS0000870648,0,Damoda Drone DMD,PT AIM,Device,Registered Asset,2025-06-18,15094131.53,3773532.88,11320598.65,36,Straight Line
AS0000870649,0,Damoda Drone DMD,PT AIM,Device,Registered Asset,2025-06-18,15094131.53,3773532.88,11320598.65,36,Straight Line
AS0000870650,0,Damoda Drone DMD,PT AIM,Device,Registered Asset,2025-06-18,15094131.53,3773532.88,11320598.65,36,Straight Line
AS0000870651,0,Damoda Drone DMD,PT AIM,Device,Registered Asset,2025-06-18,15094131.53,3773532.88,11320598.65,36,Straight Line
AS0000870652,0,Damoda Drone DMD,PT AIM,Device,Registered Asset,2025-06-18,15094131.53,3773532.88,11320598.65,36,Straight Line
AS0000870653,0,Damoda Drone DMD,PT AIM,Device,Registered Asset,2025-06-18,15094131.53,3773532.88,11320598.65,36,Straight Line
AS0000870654,0,Damoda Drone DMD,PT AIM,Device,Registered Asset,2025-06-18,15094131.53,3773532.88,11320598.65,36,Straight Line
AS0000870655,0,Damoda Drone DMD,PT AIM,Device,Registered Asset,2025-06-18,15094131.53,3773532.88,11320598.65,36,Straight Line
AS0000870656,0,Damoda Drone DMD,PT AIM,Device,Registered Asset,2025-06-18,15094131.53,3773532.88,11320598.65,36,Straight Line
AS0000870657,0,Damoda Drone DMD,PT AIM,Device,Registered Asset,2025-06-18,15094131.53,3773532.88,11320598.65,36,Straight Line
AS0000870658,0,Damoda Drone DMD,PT AIM,Device,Registered Asset,2025-06-18,15094131.53,3773532.88,11320598.65,36,Straight Line
AS0000870659,0,Damoda Drone DMD,PT AIM,Device,Registered Asset,2025-06-18,15094131.53,3773532.88,11320598.65,36,Straight Line
AS0000870660,0,Damoda Drone DMD,PT AIM,Device,Registered Asset,2025-06-18,15094131.53,3773532.88,11320598.65,36,Straight Line
AS0000870661,0,Damoda Drone DMD,PT AIM,Device,Registered Asset,2025-06-18,15094131.53,3773532.88,11320598.65,36,Straight Line
AS0000870662,0,Damoda Drone DMD,PT AIM,Device,Registered Asset,2025-06-18,15094131.53,3773532.88,11320598.65,36,Straight Line
AS0000870663,0,Damoda Drone DMD,PT AIM,Device,Registered Asset,2025-06-18,15094131.53,3773532.88,11320598.65,36,Straight Line
AS0000870664,0,Damoda Drone DMD,PT AIM,Device,Registered Asset,2025-06-18,15094131.53,3773532.88,11320598.65,36,Straight Line
AS0000870665,0,Damoda Drone DMD,PT AIM,Device,Registered Asset,2025-06-18,15094131.53,3773532.88,11320598.65,36,Straight Line
AS0000870666,0,Damoda Drone DMD,PT AIM,Device,Registered Asset,2025-06-18,15094131.53,3773532.88,11320598.65,36,Straight Line
AS0000870667,0,Damoda Drone DMD,PT AIM,Device,Registered Asset,2025-06-18,15094131.53,3773532.88,11320598.65,36,Straight Line
AS0000870668,0,Damoda Drone DMD,PT AIM,Device,Registered Asset,2025-06-18,15094131.53,3773532.88,11320598.65,36,Straight Line
AS0000870669,0,Damoda Drone DMD,PT AIM,Device,Registered Asset,2025-06-18,15094131.53,3773532.88,11320598.65,36,Straight Line
AS0000870670,0,Damoda Drone DMD,PT AIM,Device,Registered Asset,2025-06-18,15094131.53,3773532.88,11320598.65,36,Straight Line
AS0000870671,0,Damoda Drone DMD,PT AIM,Device,Registered Asset,2025-06-18,15094131.53,3773532.88,11320598.65,36,Straight Line
AS0000870672,0,Damoda Drone DMD,PT AIM,Device,Registered Asset,2025-06-18,15094131.53,3773532.88,11320598.65,36,Straight Line
AS0000870673,0,Damoda Drone DMD,PT AIM,Device,Registered Asset,2025-06-18,15094131.53,3773532.88,11320598.65,36,Straight Line
AS0000870674,0,Damoda Drone DMD,PT AIM,Device,Registered Asset,2025-06-18,15094131.53,3773532.88,11320598.65,36,Straight Line
AS0000870675,0,Damoda Drone DMD,PT AIM,Device,Registered Asset,2025-06-18,15094131.53,3773532.88,11320598.65,36,Straight Line
AS0000870676,0,Damoda Drone DMD,PT AIM,Device,Registered Asset,2025-06-18,15094131.53,3773532.88,11320598.65,36,Straight Line
AS0000870677,0,Damoda Drone DMD,PT AIM,Device,Registered Asset,2025-06-18,15094131.53,3773532.88,11320598.65,36,Straight Line
AS0000870678,0,Damoda Drone DMD,PT AIM,Device,Registered Asset,2025-06-18,15094131.53,3773532.88,11320598.65,36,Straight Line
AS0000870679,0,Damoda Drone DMD,PT AIM,Device,Registered Asset,2025-06-18,15094131.53,3773532.88,11320598.65,36,Straight Line
AS0000870680,0,Damoda Drone DMD,PT AIM,Device,Registered Asset,2025-06-18,15094131.53,3773532.88,11320598.65,36,Straight Line
AS0000870681,0,Damoda Drone DMD,PT AIM,Device,Registered Asset,2025-06-18,15094131.53,3773532.88,11320598.65,36,Straight Line
AS0000870682,0,Damoda Drone DMD,PT AIM,Device,Registered Asset,2025-06-18,15094131.53,3773532.88,11320598.65,36,Straight Line
AS0000870683,0,Damoda Drone DMD,PT AIM,Device,Registered Asset,2025-06-18,15094131.53,3773532.88,11320598.65,36,Straight Line
AS0000870684,0,Damoda Drone DMD,PT AIM,Device,Registered Asset,2025-06-18,15094131.53,3773532.88,11320598.65,36,Straight Line
AS0000870685,0,Damoda Drone DMD,PT AIM,Device,Registered Asset,2025-06-18,15094131.53,3773532.88,11320598.65,36,Straight Line
AS0000870686,0,Damoda Drone DMD,PT AIM,Device,Registered Asset,2025-06-18,15094131.53,3773532.88,11320598.65,36,Straight Line
AS0000870687,0,Damoda Drone DMD,PT AIM,Device,Registered Asset,2025-06-18,15094131.53,3773532.88,11320598.65,36,Straight Line
AS0000870688,0,Damoda Drone DMD,PT AIM,Device,Registered Asset,2025-06-18,15094131.53,3773532.88,11320598.65,36,Straight Line
AS0000870689,0,Damoda Drone DMD,PT AIM,Device,Registered Asset,2025-06-18,15094131.53,3773532.88,11320598.65,36,Straight Line
AS0000870690,0,Damoda Drone DMD,PT AIM,Device,Registered Asset,2025-06-18,15094131.53,3773532.88,11320598.65,36,Straight Line
AS0000870691,0,Damoda Drone DMD,PT AIM,Device,Registered Asset,2025-06-18,15094131.53,3773532.88,11320598.65,36,Straight Line
AS0000870692,0,Damoda Drone DMD,PT AIM,Device,Registered Asset,2025-06-18,15094131.53,3773532.88,11320598.65,36,Straight Line
AS0000870693,0,Damoda Drone DMD,PT AIM,Device,Registered Asset,2025-06-18,15094131.53,3773532.88,11320598.65,36,Straight Line
AS0000870694,0,Damoda Drone DMD,PT AIM,Device,Registered Asset,2025-06-18,15094131.53,3773532.88,11320598.65,36,Straight Line
AS0000870695,0,Damoda Drone DMD,PT AIM,Device,Registered Asset,2025-06-18,15094131.53,3773532.88,11320598.65,36,Straight Line
AS0000870696,0,Damoda Drone DMD,PT AIM,Device,Registered Asset,2025-06-18,15094131.53,3773532.88,11320598.65,36,Straight Line
AS0000870697,0,Damoda Drone DMD,PT AIM,Device,Registered Asset,2025-06-18,15094131.53,3773532.88,11320598.65,36,Straight Line
AS0000870698,0,Damoda Drone DMD,PT AIM,Device,Registered Asset,2025-06-18,15094131.53,3773532.88,11320598.65,36,Straight Line
AS0000870699,0,Damoda Drone DMD,PT AIM,Device,Registered Asset,2025-06-18,15094131.53,3773532.88,11320598.65,36,Straight Line
AS0000870700,0,Damoda Drone DMD,PT AIM,Device,Registered Asset,2025-06-18,15094131.53,3773532.88,11320598.65,36,Straight Line
AS0000870701,0,Damoda Drone DMD,PT AIM,Device,Registered Asset,2025-06-18,15094131.53,3773532.88,11320598.65,36,Straight Line
AS0000870702,0,Damoda Drone DMD,PT AIM,Device,Registered Asset,2025-06-18,15094131.53,3773532.88,11320598.65,36,Straight Line
AS0000870703,0,Damoda Drone DMD,PT AIM,Device,Registered Asset,2025-06-18,15094131.53,3773532.88,11320598.65,36,Straight Line
AS0000870704,0,Damoda Drone DMD,PT AIM,Device,Registered Asset,2025-06-18,15094131.53,3773532.88,11320598.65,36,Straight Line
AS0000870705,0,Damoda Drone DMD,PT AIM,Device,Registered Asset,2025-06-18,15094131.53,3773532.88,11320598.65,36,Straight Line
AS0000870706,0,Damoda Drone DMD,PT AIM,Device,Registered Asset,2025-06-18,15094131.53,3773532.88,11320598.65,36,Straight Line
AS0000870707,0,Damoda Drone DMD,PT AIM,Device,Registered Asset,2025-06-18,15094131.53,3773532.88,11320598.65,36,Straight Line
AS0000870708,0,Damoda Drone DMD,PT AIM,Device,Registered Asset,2025-06-18,15094131.53,3773532.88,11320598.65,36,Straight Line
AS0000870709,0,Damoda Drone DMD,PT AIM,Device,Registered Asset,2025-06-18,15094131.53,3773532.88,11320598.65,36,Straight Line
AS0000870710,0,Damoda Drone DMD,PT AIM,Device,Registered Asset,2025-06-18,15094131.53,3773532.88,11320598.65,36,Straight Line
AS0000870711,0,Damoda Drone DMD,PT AIM,Device,Registered Asset,2025-06-18,15094131.53,3773532.88,11320598.65,36,Straight Line
AS0000870712,0,Damoda Drone DMD,PT AIM,Device,Registered Asset,2025-06-18,15094131.53,3773532.88,11320598.65,36,Straight Line
AS0000870713,0,Damoda Drone DMD,PT AIM,Device,Registered Asset,2025-06-18,15094131.53,3773532.88,11320598.65,36,Straight Line
AS0000870714,0,Damoda Drone DMD,PT AIM,Device,Registered Asset,2025-06-18,15094131.53,3773532.88,11320598.65,36,Straight Line
AS0000870715,0,Damoda Drone DMD,PT AIM,Device,Registered Asset,2025-06-18,15094131.53,3773532.88,11320598.65,36,Straight Line
AS0000870716,0,Damoda Drone DMD,PT AIM,Device,Registered Asset,2025-06-18,15094131.53,3773532.88,11320598.65,36,Straight Line
AS0000870717,0,Damoda Drone DMD,PT AIM,Device,Registered Asset,2025-06-18,15094131.53,3773532.88,11320598.65,36,Straight Line
AS0000870718,0,Damoda Drone DMD,PT AIM,Device,Registered Asset,2025-06-18,15094131.53,3773532.88,11320598.65,36,Straight Line
AS0000870719,0,Damoda Drone DMD,PT AIM,Device,Registered Asset,2025-06-18,15094131.53,3773532.88,11320598.65,36,Straight Line
AS0000870720,0,Damoda Drone DMD,PT AIM,Device,Registered Asset,2025-06-18,15094131.53,3773532.88,11320598.65,36,Straight Line
AS0000870721,0,Damoda Drone DMD,PT AIM,Device,Registered Asset,2025-06-18,15094131.53,3773532.88,11320598.65,36,Straight Line
AS0000870722,0,Damoda Drone DMD,PT AIM,Device,Registered Asset,2025-06-18,15094131.53,3773532.88,11320598.65,36,Straight Line
AS0000870723,0,Damoda Drone DMD,PT AIM,Device,Registered Asset,2025-06-18,15094131.53,3773532.88,11320598.65,36,Straight Line
AS0000870724,0,Damoda Drone DMD,PT AIM,Device,Registered Asset,2025-06-18,15094131.53,3773532.88,11320598.65,36,Straight Line
AS0000870725,0,Damoda Drone DMD,PT AIM,Device,Registered Asset,2025-06-18,15094131.53,3773532.88,11320598.65,36,Straight Line
AS0000870726,0,Damoda Drone DMD,PT AIM,Device,Registered Asset,2025-06-18,15094131.53,3773532.88,11320598.65,36,Straight Line
AS0000870727,0,Damoda Drone DMD,PT AIM,Device,Registered Asset,2025-06-18,15094131.53,3773532.88,11320598.65,36,Straight Line
AS0000870728,0,Damoda Drone DMD,PT AIM,Device,Registered Asset,2025-06-18,15094131.53,3773532.88,11320598.65,36,Straight Line
AS0000870729,0,Damoda Drone DMD,PT AIM,Device,Registered Asset,2025-06-18,15094131.53,3773532.88,11320598.65,36,Straight Line
AS0000870730,0,Damoda Drone DMD,PT AIM,Device,Registered Asset,2025-06-18,15094131.53,3773532.88,11320598.65,36,Straight Line
AS0000870731,0,Damoda Drone DMD,PT AIM,Device,Registered Asset,2025-06-18,15094131.53,3773532.88,11320598.65,36,Straight Line
AS0000870732,0,Damoda Drone DMD,PT AIM,Device,Registered Asset,2025-06-18,15094131.53,3773532.88,11320598.65,36,Straight Line
AS0000870733,0,Damoda Drone DMD,PT AIM,Device,Registered Asset,2025-06-18,15094131.53,3773532.88,11320598.65,36,Straight Line
AS0000870734,0,Damoda Drone DMD,PT AIM,Device,Registered Asset,2025-06-18,15094131.53,3773532.88,11320598.65,36,Straight Line
AS0000870735,0,Damoda Drone DMD,PT AIM,Device,Registered Asset,2025-06-18,15094131.53,3773532.88,11320598.65,36,Straight Line
AS0000870736,0,Damoda Drone DMD,PT AIM,Device,Registered Asset,2025-06-18,15094131.53,3773532.88,11320598.65,36,Straight Line
AS0000870737,0,Damoda Drone DMD,PT AIM,Device,Registered Asset,2025-06-18,15094131.53,3773532.88,11320598.65,36,Straight Line
AS0000870738,0,Damoda Drone DMD,PT AIM,Device,Registered Asset,2025-06-18,15094131.53,3773532.88,11320598.65,36,Straight Line
AS0000870739,0,Damoda Drone DMD,PT AIM,Device,Registered Asset,2025-06-18,15094131.53,3773532.88,11320598.65,36,Straight Line
AS0000870740,0,Damoda Drone DMD,PT AIM,Device,Registered Asset,2025-06-18,15094131.53,3773532.88,11320598.65,36,Straight Line
AS0000870741,0,Damoda Drone DMD,PT AIM,Device,Registered Asset,2025-06-18,15094131.53,3773532.88,11320598.65,36,Straight Line
AS0000870742,0,Damoda Drone DMD,PT AIM,Device,Registered Asset,2025-06-18,15094131.53,3773532.88,11320598.65,36,Straight Line
AS0000870743,0,Damoda Drone DMD,PT AIM,Device,Registered Asset,2025-06-18,15094131.53,3773532.88,11320598.65,36,Straight Line
AS0000870744,0,Damoda Drone DMD,PT AIM,Device,Registered Asset,2025-06-18,15094131.53,3773532.88,11320598.65,36,Straight Line
AS0000870745,0,Damoda Drone DMD,PT AIM,Device,Registered Asset,2025-06-18,15094131.53,3773532.88,11320598.65,36,Straight Line
AS0000870746,0,Damoda Drone DMD,PT AIM,Device,Registered Asset,2025-06-18,15094131.53,3773532.88,11320598.65,36,Straight Line
AS0000870747,0,Damoda Drone DMD,PT AIM,Device,Registered Asset,2025-06-18,15094131.53,3773532.88,11320598.65,36,Straight Line
AS0000870748,0,Damoda Drone DMD,PT AIM,Device,Registered Asset,2025-06-18,15094131.53,3773532.88,11320598.65,36,Straight Line
AS0000870749,0,Damoda Drone DMD,PT AIM,Device,Registered Asset,2025-06-18,15094131.53,3773532.88,11320598.65,36,Straight Line
AS0000870750,0,Damoda Drone DMD,PT AIM,Device,Registered Asset,2025-06-18,15094131.53,3773532.88,11320598.65,36,Straight Line
AS0000870751,0,Damoda Drone DMD,PT AIM,Device,Registered Asset,2025-06-18,15094131.53,3773532.88,11320598.65,36,Straight Line
AS0000870752,0,Damoda Drone DMD,PT AIM,Device,Registered Asset,2025-06-18,15094131.53,3773532.88,11320598.65,36,Straight Line
AS0000870753,0,Damoda Drone DMD,PT AIM,Device,Registered Asset,2025-06-18,15094131.53,3773532.88,11320598.65,36,Straight Line
AS0000870754,0,Damoda Drone DMD,PT AIM,Device,Registered Asset,2025-06-18,15094131.53,3773532.88,11320598.65,36,Straight Line
AS0000870755,0,Damoda Drone DMD,PT AIM,Device,Registered Asset,2025-06-18,15094131.53,3773532.88,11320598.65,36,Straight Line
AS0000870756,0,Damoda Drone DMD,PT AIM,Device,Registered Asset,2025-06-18,15094131.53,3773532.88,11320598.65,36,Straight Line
AS0000870757,0,Damoda Drone DMD,PT AIM,Device,Registered Asset,2025-06-18,15094131.53,3773532.88,11320598.65,36,Straight Line
AS0000870758,0,Damoda Drone DMD,PT AIM,Device,Registered Asset,2025-06-18,15094131.53,3773532.88,11320598.65,36,Straight Line
AS0000870759,0,Damoda Drone DMD,PT AIM,Device,Registered Asset,2025-06-18,15094131.53,3773532.88,11320598.65,36,Straight Line
AS0000870760,0,Damoda Drone DMD,PT AIM,Device,Registered Asset,2025-06-18,15094131.53,3773532.88,11320598.65,36,Straight Line
AS0000870761,0,Damoda Drone DMD,PT AIM,Device,Registered Asset,2025-06-18,15094131.53,3773532.88,11320598.65,36,Straight Line
AS0000870762,0,Damoda Drone DMD,PT AIM,Device,Registered Asset,2025-06-18,15094131.53,3773532.88,11320598.65,36,Straight Line
AS0000870763,0,Damoda Drone DMD,PT AIM,Device,Registered Asset,2025-06-18,15094131.53,3773532.88,11320598.65,36,Straight Line
AS0000870764,0,Damoda Drone DMD,PT AIM,Device,Registered Asset,2025-06-18,15094131.53,3773532.88,11320598.65,36,Straight Line
AS0000870765,0,Damoda Drone DMD,PT AIM,Device,Registered Asset,2025-06-18,15094131.53,3773532.88,11320598.65,36,Straight Line
AS0000870766,0,Damoda Drone DMD,PT AIM,Device,Registered Asset,2025-06-18,15094131.53,3773532.88,11320598.65,36,Straight Line
AS0000870767,0,Damoda Drone DMD,PT AIM,Device,Registered Asset,2025-06-18,15094131.53,3773532.88,11320598.65,36,Straight Line
AS0000870768,0,Damoda Drone DMD,PT AIM,Device,Registered Asset,2025-06-18,15094131.53,3773532.88,11320598.65,36,Straight Line
AS0000870769,0,Damoda Drone DMD,PT AIM,Device,Registered Asset,2025-06-18,15094131.53,3773532.88,11320598.65,36,Straight Line
AS0000870770,0,Damoda Drone DMD,PT AIM,Device,Registered Asset,2025-06-18,15094131.53,3773532.88,11320598.65,36,Straight Line
AS0000870771,0,Damoda Drone DMD,PT AIM,Device,Registered Asset,2025-06-18,15094131.53,3773532.88,11320598.65,36,Straight Line
AS0000870772,0,Damoda Drone DMD,PT AIM,Device,Registered Asset,2025-06-18,15094131.53,3773532.88,11320598.65,36,Straight Line
AS0000870773,0,Damoda Drone DMD,PT AIM,Device,Registered Asset,2025-06-18,15094131.53,3773532.88,11320598.65,36,Straight Line
AS0000870774,0,Damoda Drone DMD,PT AIM,Device,Registered Asset,2025-06-18,15094131.53,3773532.88,11320598.65,36,Straight Line
AS0000870775,0,Damoda Drone DMD,PT AIM,Device,Registered Asset,2025-06-18,15094131.53,3773532.88,11320598.65,36,Straight Line
AS0000870776,0,Damoda Drone DMD,PT AIM,Device,Registered Asset,2025-06-18,15094131.53,3773532.88,11320598.65,36,Straight Line
AS0000870777,0,Damoda Drone DMD,PT AIM,Device,Registered Asset,2025-06-18,15094131.53,3773532.88,11320598.65,36,Straight Line
AS0000870778,0,Damoda Drone DMD,PT AIM,Device,Registered Asset,2025-06-18,15094131.53,3773532.88,11320598.65,36,Straight Line
AS0000870779,0,Damoda Drone DMD,PT AIM,Device,Registered Asset,2025-06-18,15094131.53,3773532.88,11320598.65,36,Straight Line
AS0000870780,0,Damoda Drone DMD,PT AIM,Device,Registered Asset,2025-06-18,15094131.53,3773532.88,11320598.65,36,Straight Line
AS0000870781,0,Damoda Drone DMD,PT AIM,Device,Registered Asset,2025-06-18,15094131.53,3773532.88,11320598.65,36,Straight Line
AS0000870782,0,Damoda Drone DMD,PT AIM,Device,Registered Asset,2025-06-18,15094131.53,3773532.88,11320598.65,36,Straight Line
AS0000870783,0,Damoda Drone DMD,PT AIM,Device,Registered Asset,2025-06-18,15094131.53,3773532.88,11320598.65,36,Straight Line
AS0000870784,0,Damoda Drone DMD,PT AIM,Device,Registered Asset,2025-06-18,15094131.53,3773532.88,11320598.65,36,Straight Line
AS0000870785,0,Damoda Drone DMD,PT AIM,Device,Registered Asset,2025-06-18,15094131.53,3773532.88,11320598.65,36,Straight Line
AS0000870786,0,Damoda Drone DMD,PT AIM,Device,Registered Asset,2025-06-18,15094131.53,3773532.88,11320598.65,36,Straight Line
AS0000870787,0,Damoda Drone DMD,PT AIM,Device,Registered Asset,2025-06-18,15094131.53,3773532.88,11320598.65,36,Straight Line
AS0000870788,0,Damoda Drone DMD,PT AIM,Device,Registered Asset,2025-06-18,15094131.53,3773532.88,11320598.65,36,Straight Line
AS0000870789,0,Damoda Drone DMD,PT AIM,Device,Registered Asset,2025-06-18,15094131.53,3773532.88,11320598.65,36,Straight Line
AS0000870790,0,Damoda Drone DMD,PT AIM,Device,Registered Asset,2025-06-18,15094131.53,3773532.88,11320598.65,36,Straight Line
AS0000870791,0,Damoda Drone DMD,PT AIM,Device,Registered Asset,2025-06-18,15094131.53,3773532.88,11320598.65,36,Straight Line
AS0000870792,0,Damoda Drone DMD,PT AIM,Device,Registered Asset,2025-06-18,15094131.53,3773532.88,11320598.65,36,Straight Line
AS0000870793,0,Damoda Drone DMD,PT AIM,Device,Registered Asset,2025-06-18,15094131.53,3773532.88,11320598.65,36,Straight Line
AS0000870794,0,Damoda Drone DMD,PT AIM,Device,Registered Asset,2025-06-18,15094131.53,3773532.88,11320598.65,36,Straight Line
AS0000870795,0,Damoda Drone DMD,PT AIM,Device,Registered Asset,2025-06-18,15094131.53,3773532.88,11320598.65,36,Straight Line
AS0000870796,0,Damoda Drone DMD,PT AIM,Device,Registered Asset,2025-06-18,15094131.53,3773532.88,11320598.65,36,Straight Line
AS0000870797,0,Damoda Drone DMD,PT AIM,Device,Registered Asset,2025-06-18,15094131.53,3773532.88,11320598.65,36,Straight Line
AS0000870798,0,Damoda Drone DMD,PT AIM,Device,Registered Asset,2025-06-18,15094131.53,3773532.88,11320598.65,36,Straight Line
AS0000870799,0,Damoda Drone DMD,PT AIM,Device,Registered Asset,2025-06-18,15094131.53,3773532.88,11320598.65,36,Straight Line
AS0000870800,0,Damoda Drone DMD,PT AIM,Device,Registered Asset,2025-06-18,15094131.53,3773532.88,11320598.65,36,Straight Line
AS0000870801,0,Damoda Drone DMD,PT AIM,Device,Registered Asset,2025-06-18,15094131.53,3773532.88,11320598.65,36,Straight Line
AS0000870802,0,Damoda Drone DMD,PT AIM,Device,Registered Asset,2025-06-18,15094131.53,3773532.88,11320598.65,36,Straight Line
AS0000870803,0,Damoda Drone DMD,PT AIM,Device,Registered Asset,2025-06-18,15094131.53,3773532.88,11320598.65,36,Straight Line
AS0000870804,0,Damoda Drone DMD,PT AIM,Device,Registered Asset,2025-06-18,15094131.53,3773532.88,11320598.65,36,Straight Line
AS0000870805,0,Damoda Drone DMD,PT AIM,Device,Registered Asset,2025-06-18,15094131.53,3773532.88,11320598.65,36,Straight Line
AS0000870806,0,Damoda Drone DMD,PT AIM,Device,Registered Asset,2025-06-18,15094131.53,3773532.88,11320598.65,36,Straight Line
AS0000870807,0,Damoda Drone DMD,PT AIM,Device,Registered Asset,2025-06-18,15094131.53,3773532.88,11320598.65,36,Straight Line
AS0000870808,0,Damoda Drone DMD,PT AIM,Device,Registered Asset,2025-06-18,15094131.53,3773532.88,11320598.65,36,Straight Line
AS0000870809,0,Damoda Drone DMD,PT AIM,Device,Registered Asset,2025-06-18,15094131.53,3773532.88,11320598.65,36,Straight Line
AS0000870810,0,Damoda Drone DMD,PT AIM,Device,Registered Asset,2025-06-18,15094131.53,3773532.88,11320598.65,36,Straight Line
AS0000870811,0,Damoda Drone DMD,PT AIM,Device,Registered Asset,2025-06-18,15094131.53,3773532.88,11320598.65,36,Straight Line
AS0000870812,0,Damoda Drone DMD,PT AIM,Device,Registered Asset,2025-06-18,15094131.53,3773532.88,11320598.65,36,Straight Line
AS0000870813,0,Damoda Drone DMD,PT AIM,Device,Registered Asset,2025-06-18,15094131.53,3773532.88,11320598.65,36,Straight Line
AS0000870814,0,Damoda Drone DMD,PT AIM,Device,Registered Asset,2025-06-18,15094131.53,3773532.88,11320598.65,36,Straight Line
AS0000870815,0,Damoda Drone DMD,PT AIM,Device,Registered Asset,2025-06-18,15094131.53,3773532.88,11320598.65,36,Straight Line
AS0000870816,0,Damoda Drone DMD,PT AIM,Device,Registered Asset,2025-06-18,15094131.53,3773532.88,11320598.65,36,Straight Line
AS0000870817,0,Damoda Drone DMD,PT AIM,Device,Registered Asset,2025-06-18,15094131.53,3773532.88,11320598.65,36,Straight Line
AS0000870818,0,Damoda Drone DMD,PT AIM,Device,Registered Asset,2025-06-18,15094131.53,3773532.88,11320598.65,36,Straight Line
AS0000870819,0,Damoda Drone DMD,PT AIM,Device,Registered Asset,2025-06-18,15094131.53,3773532.88,11320598.65,36,Straight Line
AS0000870820,0,Damoda Drone DMD,PT AIM,Device,Registered Asset,2025-06-18,15094131.53,3773532.88,11320598.65,36,Straight Line
AS0000870821,0,Damoda Drone DMD,PT AIM,Device,Registered Asset,2025-06-18,15094131.53,3773532.88,11320598.65,36,Straight Line
AS0000870822,0,Damoda Drone DMD,PT AIM,Device,Registered Asset,2025-06-18,15094131.53,3773532.88,11320598.65,36,Straight Line
AS0000870823,0,Damoda Drone DMD,PT AIM,Device,Registered Asset,2025-06-18,15094131.53,3773532.88,11320598.65,36,Straight Line
AS0000870824,0,Damoda Drone DMD,PT AIM,Device,Registered Asset,2025-06-18,15094131.53,3773532.88,11320598.65,36,Straight Line
AS0000870825,0,Damoda Drone DMD,PT AIM,Device,Registered Asset,2025-06-18,15094131.53,3773532.88,11320598.65,36,Straight Line
AS0000870826,0,Damoda Drone DMD,PT AIM,Device,Registered Asset,2025-06-18,15094131.53,3773532.88,11320598.65,36,Straight Line
AS0000870827,0,Damoda Drone DMD,PT AIM,Device,Registered Asset,2025-06-18,15094131.53,3773532.88,11320598.65,36,Straight Line
AS0000870828,0,Damoda Drone DMD,PT AIM,Device,Registered Asset,2025-06-18,15094131.53,3773532.88,11320598.65,36,Straight Line
AS0000870829,0,Damoda Drone DMD,PT AIM,Device,Registered Asset,2025-06-18,15094131.53,3773532.88,11320598.65,36,Straight Line
AS0000870830,0,Damoda Drone DMD,PT AIM,Device,Registered Asset,2025-06-18,15094131.53,3773532.88,11320598.65,36,Straight Line
AS0000870831,0,Damoda Drone DMD,PT AIM,Device,Registered Asset,2025-06-18,15094131.53,3773532.88,11320598.65,36,Straight Line
AS0000870832,0,Damoda Drone DMD,PT AIM,Device,Registered Asset,2025-06-18,15094131.53,3773532.88,11320598.65,36,Straight Line
AS0000870833,0,Damoda Drone DMD,PT AIM,Device,Registered Asset,2025-06-18,15094131.53,3773532.88,11320598.65,36,Straight Line
AS0000870834,0,Damoda Drone DMD,PT AIM,Device,Registered Asset,2025-06-18,15094131.53,3773532.88,11320598.65,36,Straight Line
AS0000870835,0,Damoda Drone DMD,PT AIM,Device,Registered Asset,2025-06-18,15094131.53,3773532.88,11320598.65,36,Straight Line
AS0000870836,0,Damoda Drone DMD,PT AIM,Device,Registered Asset,2025-06-18,15094131.53,3773532.88,11320598.65,36,Straight Line
AS0000870837,0,Damoda Drone DMD,PT AIM,Device,Registered Asset,2025-06-18,15094131.53,3773532.88,11320598.65,36,Straight Line
AS0000870838,0,Damoda Drone DMD,PT AIM,Device,Registered Asset,2025-06-18,15094131.53,3773532.88,11320598.65,36,Straight Line
AS0000870839,0,Damoda Drone DMD,PT AIM,Device,Registered Asset,2025-06-18,15094131.53,3773532.88,11320598.65,36,Straight Line
AS0000870840,0,Damoda Drone DMD,PT AIM,Device,Registered Asset,2025-06-18,15094131.53,3773532.88,11320598.65,36,Straight Line
AS0000870841,0,Damoda Drone DMD,PT AIM,Device,Registered Asset,2025-06-18,15094131.53,3773532.88,11320598.65,36,Straight Line
AS0000870842,0,Damoda Drone DMD,PT AIM,Device,Registered Asset,2025-06-18,15094131.53,3773532.88,11320598.65,36,Straight Line
AS0000870843,0,Damoda Drone DMD,PT AIM,Device,Registered Asset,2025-06-18,15094131.53,3773532.88,11320598.65,36,Straight Line
AS0000870844,0,Damoda Drone DMD,PT AIM,Device,Registered Asset,2025-06-18,15094131.53,3773532.88,11320598.65,36,Straight Line
AS0000870845,0,Damoda Drone DMD,PT AIM,Device,Registered Asset,2025-06-18,15094131.53,3773532.88,11320598.65,36,Straight Line
AS0000870846,0,Damoda Drone DMD,PT AIM,Device,Registered Asset,2025-06-18,15094131.53,3773532.88,11320598.65,36,Straight Line
AS0000870847,0,Damoda Drone DMD,PT AIM,Device,Registered Asset,2025-06-18,15094131.53,3773532.88,11320598.65,36,Straight Line
AS0000870848,0,Damoda Drone DMD,PT AIM,Device,Registered Asset,2025-06-18,15094131.53,3773532.88,11320598.65,36,Straight Line
AS0000870849,0,Damoda Drone DMD,PT AIM,Device,Registered Asset,2025-06-18,15094131.53,3773532.88,11320598.65,36,Straight Line
AS0000870850,0,Damoda Drone DMD,PT AIM,Device,Registered Asset,2025-06-18,15094131.53,3773532.88,11320598.65,36,Straight Line
AS0000870851,0,Damoda Drone DMD,PT AIM,Device,Registered Asset,2025-06-18,15094131.53,3773532.88,11320598.65,36,Straight Line
AS0000870852,0,Damoda Drone DMD,PT AIM,Device,Registered Asset,2025-06-18,15094131.53,3773532.88,11320598.65,36,Straight Line
AS0000870853,0,Damoda Drone DMD,PT AIM,Device,Registered Asset,2025-06-18,15094131.53,3773532.88,11320598.65,36,Straight Line
AS0000870854,0,Damoda Drone DMD,PT AIM,Device,Registered Asset,2025-06-18,15094131.53,3773532.88,11320598.65,36,Straight Line
AS0000870855,0,Damoda Drone DMD,PT AIM,Device,Registered Asset,2025-06-18,15094131.53,3773532.88,11320598.65,36,Straight Line
AS0000870856,0,Damoda Drone DMD,PT AIM,Device,Registered Asset,2025-06-18,15094131.53,3773532.88,11320598.65,36,Straight Line
AS0000870857,0,Damoda Drone DMD,PT AIM,Device,Registered Asset,2025-06-18,15094131.53,3773532.88,11320598.65,36,Straight Line
AS0000870858,0,Damoda Drone DMD,PT AIM,Device,Registered Asset,2025-06-18,15094131.53,3773532.88,11320598.65,36,Straight Line
AS0000870859,0,Damoda Drone DMD,PT AIM,Device,Registered Asset,2025-06-18,15094131.53,3773532.88,11320598.65,36,Straight Line
AS0000870860,0,Damoda Drone DMD,PT AIM,Device,Registered Asset,2025-06-18,15094131.53,3773532.88,11320598.65,36,Straight Line
AS0000870861,0,Damoda Drone DMD,PT AIM,Device,Registered Asset,2025-06-18,15094131.53,3773532.88,11320598.65,36,Straight Line
AS0000870862,0,Damoda Drone DMD,PT AIM,Device,Registered Asset,2025-06-18,15094131.53,3773532.88,11320598.65,36,Straight Line
AS0000870863,0,Damoda Drone DMD,PT AIM,Device,Registered Asset,2025-06-18,15094131.53,3773532.88,11320598.65,36,Straight Line
AS0000870864,0,Damoda Drone DMD,PT AIM,Device,Registered Asset,2025-06-18,15094131.53,3773532.88,11320598.65,36,Straight Line
AS0000870865,0,Damoda Drone DMD,PT AIM,Device,Registered Asset,2025-06-18,15094131.53,3773532.88,11320598.65,36,Straight Line
AS0000870866,0,Damoda Drone DMD,PT AIM,Device,Registered Asset,2025-06-18,15094131.53,3773532.88,11320598.65,36,Straight Line
AS0000870867,0,Damoda Drone DMD,PT AIM,Device,Registered Asset,2025-06-18,15094131.53,3773532.88,11320598.65,36,Straight Line
AS0000870868,0,Damoda Drone DMD,PT AIM,Device,Registered Asset,2025-06-18,15094131.53,3773532.88,11320598.65,36,Straight Line
AS0000870869,0,Damoda Drone DMD,PT AIM,Device,Registered Asset,2025-06-18,15094131.53,3773532.88,11320598.65,36,Straight Line
AS0000870870,0,Damoda Drone DMD,PT AIM,Device,Registered Asset,2025-06-18,15094131.53,3773532.88,11320598.65,36,Straight Line
AS0000870871,0,Damoda Drone DMD,PT AIM,Device,Registered Asset,2025-06-18,15094131.53,3773532.88,11320598.65,36,Straight Line
AS0000870872,0,Damoda Drone DMD,PT AIM,Device,Registered Asset,2025-06-18,15094131.53,3773532.88,11320598.65,36,Straight Line
AS0000870873,0,Damoda Drone DMD,PT AIM,Device,Registered Asset,2025-06-18,15094131.53,3773532.88,11320598.65,36,Straight Line
AS0000870874,0,Damoda Drone DMD,PT AIM,Device,Registered Asset,2025-06-18,15094131.53,3773532.88,11320598.65,36,Straight Line
AS0000870875,0,Damoda Drone DMD,PT AIM,Device,Registered Asset,2025-06-18,15094131.53,3773532.88,11320598.65,36,Straight Line
AS0000870876,0,Damoda Drone DMD,PT AIM,Device,Registered Asset,2025-06-18,15094131.53,3773532.88,11320598.65,36,Straight Line
AS0000870877,0,Damoda Drone DMD,PT AIM,Device,Registered Asset,2025-06-18,15094131.53,3773532.88,11320598.65,36,Straight Line
AS0000870878,0,Damoda Drone DMD,PT AIM,Device,Registered Asset,2025-06-18,15094131.53,3773532.88,11320598.65,36,Straight Line
AS0000870879,0,Damoda Drone DMD,PT AIM,Device,Registered Asset,2025-06-18,15094131.53,3773532.88,11320598.65,36,Straight Line
AS0000870880,0,Damoda Drone DMD,PT AIM,Device,Registered Asset,2025-06-18,15094131.53,3773532.88,11320598.65,36,Straight Line
AS0000870881,0,Damoda Drone DMD,PT AIM,Device,Registered Asset,2025-06-18,15094131.53,3773532.88,11320598.65,36,Straight Line
AS0000870882,0,Damoda Drone DMD,PT AIM,Device,Registered Asset,2025-06-18,15094131.53,3773532.88,11320598.65,36,Straight Line
AS0000870883,0,Damoda Drone DMD,PT AIM,Device,Registered Asset,2025-06-18,15094131.53,3773532.88,11320598.65,36,Straight Line
AS0000870884,0,Damoda Drone DMD,PT AIM,Device,Registered Asset,2025-06-18,15094131.53,3773532.88,11320598.65,36,Straight Line
AS0000870885,0,Damoda Drone DMD,PT AIM,Device,Registered Asset,2025-06-18,15094131.53,3773532.88,11320598.65,36,Straight Line
AS0000870886,0,Damoda Drone DMD,PT AIM,Device,Registered Asset,2025-06-18,15094131.53,3773532.88,11320598.65,36,Straight Line
AS0000870887,0,Damoda Drone DMD,PT AIM,Device,Registered Asset,2025-06-18,15094131.53,3773532.88,11320598.65,36,Straight Line
AS0000870888,0,Damoda Drone DMD,PT AIM,Device,Registered Asset,2025-06-18,15094131.53,3773532.88,11320598.65,36,Straight Line
AS0000870889,0,Damoda Drone DMD,PT AIM,Device,Registered Asset,2025-06-18,15094131.53,3773532.88,11320598.65,36,Straight Line
AS0000870890,0,Damoda Drone DMD,PT AIM,Device,Registered Asset,2025-06-18,15094131.53,3773532.88,11320598.65,36,Straight Line
AS0000870891,0,Damoda Drone DMD,PT AIM,Device,Registered Asset,2025-06-18,15094131.53,3773532.88,11320598.65,36,Straight Line
AS0000870892,0,Damoda Drone DMD,PT AIM,Device,Registered Asset,2025-06-18,15094131.53,3773532.88,11320598.65,36,Straight Line
AS0000870893,0,Damoda Drone DMD,PT AIM,Device,Registered Asset,2025-06-18,15094131.53,3773532.88,11320598.65,36,Straight Line
AS0000870894,0,Damoda Drone DMD,PT AIM,Device,Registered Asset,2025-06-18,15094131.53,3773532.88,11320598.65,36,Straight Line
AS0000870895,0,Damoda Drone DMD,PT AIM,Device,Registered Asset,2025-06-18,15094131.53,3773532.88,11320598.65,36,Straight Line
AS0000870896,0,Damoda Drone DMD,PT AIM,Device,Registered Asset,2025-06-18,15094131.53,3773532.88,11320598.65,36,Straight Line
AS0000870897,0,Damoda Drone DMD,PT AIM,Device,Registered Asset,2025-06-18,15094131.53,3773532.88,11320598.65,36,Straight Line
AS0000870898,0,Damoda Drone DMD,PT AIM,Device,Registered Asset,2025-06-18,15094131.53,3773532.88,11320598.65,36,Straight Line
AS0000870899,0,Damoda Drone DMD,PT AIM,Device,Registered Asset,2025-06-18,15094131.53,3773532.88,11320598.65,36,Straight Line
AS0000870900,0,Damoda Drone DMD,PT AIM,Device,Registered Asset,2025-06-18,15094131.53,3773532.88,11320598.65,36,Straight Line
AS0000870901,0,Damoda Drone DMD,PT AIM,Device,Registered Asset,2025-06-18,15094131.53,3773532.88,11320598.65,36,Straight Line
AS0000870902,0,Damoda Drone DMD,PT AIM,Device,Registered Asset,2025-06-18,15094131.53,3773532.88,11320598.65,36,Straight Line
AS0000870903,0,Damoda Drone DMD,PT AIM,Device,Registered Asset,2025-06-18,15094131.53,3773532.88,11320598.65,36,Straight Line
AS0000870904,0,Damoda Drone DMD,PT AIM,Device,Registered Asset,2025-06-18,15094131.53,3773532.88,11320598.65,36,Straight Line
AS0000870905,0,Damoda Drone DMD,PT AIM,Device,Registered Asset,2025-06-18,15094131.53,3773532.88,11320598.65,36,Straight Line
AS0000870906,0,Damoda Drone DMD,PT AIM,Device,Registered Asset,2025-06-18,15094131.53,3773532.88,11320598.65,36,Straight Line
AS0000870907,0,Damoda Drone DMD,PT AIM,Device,Registered Asset,2025-06-18,15094131.53,3773532.88,11320598.65,36,Straight Line
AS0000870908,0,Damoda Drone DMD,PT AIM,Device,Registered Asset,2025-06-18,15094131.53,3773532.88,11320598.65,36,Straight Line
AS0000870909,0,Damoda Drone DMD,PT AIM,Device,Registered Asset,2025-06-18,15094131.53,3773532.88,11320598.65,36,Straight Line
AS0000870910,0,Damoda Drone DMD,PT AIM,Device,Registered Asset,2025-06-18,15094131.53,3773532.88,11320598.65,36,Straight Line
AS0000870911,0,Damoda Drone DMD,PT AIM,Device,Registered Asset,2025-06-18,15094131.53,3773532.88,11320598.65,36,Straight Line
AS0000870912,0,Damoda Drone DMD,PT AIM,Device,Registered Asset,2025-06-18,15094131.53,3773532.88,11320598.65,36,Straight Line
AS0000870913,0,Damoda Drone DMD,PT AIM,Device,Registered Asset,2025-06-18,15094131.53,3773532.88,11320598.65,36,Straight Line
AS0000870914,0,Damoda Drone DMD,PT AIM,Device,Registered Asset,2025-06-18,15094131.53,3773532.88,11320598.65,36,Straight Line
AS0000870915,0,Damoda Drone DMD,PT AIM,Device,Registered Asset,2025-06-18,15094131.53,3773532.88,11320598.65,36,Straight Line
AS0000870916,0,Damoda Drone DMD,PT AIM,Device,Registered Asset,2025-06-18,15094131.53,3773532.88,11320598.65,36,Straight Line
AS0000870917,0,Damoda Drone DMD,PT AIM,Device,Registered Asset,2025-06-18,15094131.53,3773532.88,11320598.65,36,Straight Line
AS0000870918,0,Damoda Drone DMD,PT AIM,Device,Registered Asset,2025-06-18,15094131.53,3773532.88,11320598.65,36,Straight Line
AS0000870919,0,Damoda Drone DMD,PT AIM,Device,Registered Asset,2025-06-18,15094131.53,3773532.88,11320598.65,36,Straight Line
AS0000870920,0,Damoda Drone DMD,PT AIM,Device,Registered Asset,2025-06-18,15094131.53,3773532.88,11320598.65,36,Straight Line
AS0000870921,0,Damoda Drone DMD,PT AIM,Device,Registered Asset,2025-06-18,15094131.53,3773532.88,11320598.65,36,Straight Line
AS0000870922,0,Damoda Drone DMD,PT AIM,Device,Registered Asset,2025-06-18,15094131.53,3773532.88,11320598.65,36,Straight Line
AS0000870923,0,Damoda Drone DMD,PT AIM,Device,Registered Asset,2025-06-18,15094131.53,3773532.88,11320598.65,36,Straight Line
AS0000870924,0,Damoda Drone DMD,PT AIM,Device,Registered Asset,2025-06-18,15094131.53,3773532.88,11320598.65,36,Straight Line
AS0000870925,0,Damoda Drone DMD,PT AIM,Device,Registered Asset,2025-06-18,15094131.53,3773532.88,11320598.65,36,Straight Line
AS0000870926,0,Damoda Drone DMD,PT AIM,Device,Registered Asset,2025-06-18,15094131.53,3773532.88,11320598.65,36,Straight Line
AS0000870927,0,Damoda Drone DMD,PT AIM,Device,Registered Asset,2025-06-18,15094131.53,3773532.88,11320598.65,36,Straight Line
AS0000870928,0,Damoda Drone DMD,PT AIM,Device,Registered Asset,2025-06-18,15094131.53,3773532.88,11320598.65,36,Straight Line
AS0000870929,0,Damoda Drone DMD,PT AIM,Device,Registered Asset,2025-06-18,15094131.53,3773532.88,11320598.65,36,Straight Line
AS0000870930,0,Damoda Drone DMD,PT AIM,Device,Registered Asset,2025-06-18,15094131.53,3773532.88,11320598.65,36,Straight Line
AS0000870931,0,Damoda Drone DMD,PT AIM,Device,Registered Asset,2025-06-18,15094131.53,3773532.88,11320598.65,36,Straight Line
AS0000870932,0,Damoda Drone DMD,PT AIM,Device,Registered Asset,2025-06-18,15094131.53,3773532.88,11320598.65,36,Straight Line
AS0000870933,0,Damoda Drone DMD,PT AIM,Device,Registered Asset,2025-06-18,15094131.53,3773532.88,11320598.65,36,Straight Line
AS0000870934,0,Damoda Drone DMD,PT AIM,Device,Registered Asset,2025-06-18,15094131.53,3773532.88,11320598.65,36,Straight Line
AS0000870935,0,Damoda Drone DMD,PT AIM,Device,Registered Asset,2025-06-18,15094131.53,3773532.88,11320598.65,36,Straight Line
AS0000870936,0,Damoda Drone DMD,PT AIM,Device,Registered Asset,2025-06-18,15094131.53,3773532.88,11320598.65,36,Straight Line
AS0000870937,0,Damoda Drone DMD,PT AIM,Device,Registered Asset,2025-06-18,15094131.53,3773532.88,11320598.65,36,Straight Line
AS0000870938,0,Damoda Drone DMD,PT AIM,Device,Registered Asset,2025-06-18,15094131.53,3773532.88,11320598.65,36,Straight Line
AS0000870939,0,Damoda Drone DMD,PT AIM,Device,Registered Asset,2025-06-18,15094131.53,3773532.88,11320598.65,36,Straight Line
AS0000870940,0,Damoda Drone DMD,PT AIM,Device,Registered Asset,2025-06-18,15094131.53,3773532.88,11320598.65,36,Straight Line
AS0000870941,0,Damoda Drone DMD,PT AIM,Device,Registered Asset,2025-06-18,15094131.53,3773532.88,11320598.65,36,Straight Line
AS0000870942,0,Damoda Drone DMD,PT AIM,Device,Registered Asset,2025-06-18,15094131.53,3773532.88,11320598.65,36,Straight Line
AS0000870943,0,Damoda Drone DMD,PT AIM,Device,Registered Asset,2025-06-18,15094131.53,3773532.88,11320598.65,36,Straight Line
AS0000870944,0,Damoda Drone DMD,PT AIM,Device,Registered Asset,2025-06-18,15094131.53,3773532.88,11320598.65,36,Straight Line
AS0000870945,0,Damoda Drone DMD,PT AIM,Device,Registered Asset,2025-06-18,15094131.53,3773532.88,11320598.65,36,Straight Line
AS0000870946,0,Damoda Drone DMD,PT AIM,Device,Registered Asset,2025-06-18,15094131.53,3773532.88,11320598.65,36,Straight Line
AS0000870947,0,Damoda Drone DMD,PT AIM,Device,Registered Asset,2025-06-18,15094131.53,3773532.88,11320598.65,36,Straight Line
AS0000870948,0,Damoda Drone DMD,PT AIM,Device,Registered Asset,2025-06-18,15094131.53,3773532.88,11320598.65,36,Straight Line
AS0000870949,0,Damoda Drone DMD,PT AIM,Device,Registered Asset,2025-06-18,15094131.53,3773532.88,11320598.65,36,Straight Line
AS0000870950,0,Damoda Drone DMD,PT AIM,Device,Registered Asset,2025-06-18,15094131.53,3773532.88,11320598.65,36,Straight Line
AS0000870951,0,Damoda Drone DMD,PT AIM,Device,Registered Asset,2025-06-18,15094131.53,3773532.88,11320598.65,36,Straight Line
AS0000870952,0,Damoda Drone DMD,PT AIM,Device,Registered Asset,2025-06-18,15094131.53,3773532.88,11320598.65,36,Straight Line
AS0000870953,0,Damoda Drone DMD,PT AIM,Device,Registered Asset,2025-06-18,15094131.53,3773532.88,11320598.65,36,Straight Line
AS0000870954,0,Damoda Drone DMD,PT AIM,Device,Registered Asset,2025-06-18,15094131.53,3773532.88,11320598.65,36,Straight Line
AS0000870955,0,Damoda Drone DMD,PT AIM,Device,Registered Asset,2025-06-18,15094131.53,3773532.88,11320598.65,36,Straight Line
AS0000870956,0,Damoda Drone DMD,PT AIM,Device,Registered Asset,2025-06-18,15094131.53,3773532.88,11320598.65,36,Straight Line
AS0000870957,0,Damoda Drone DMD,PT AIM,Device,Registered Asset,2025-06-18,15094131.53,3773532.88,11320598.65,36,Straight Line
AS0000870958,0,Damoda Drone DMD,PT AIM,Device,Registered Asset,2025-06-18,15094131.53,3773532.88,11320598.65,36,Straight Line
AS0000870959,0,Damoda Drone DMD,PT AIM,Device,Registered Asset,2025-06-18,15094131.53,3773532.88,11320598.65,36,Straight Line
AS0000870960,0,Damoda Drone DMD,PT AIM,Device,Registered Asset,2025-06-18,15094131.53,3773532.88,11320598.65,36,Straight Line
AS0000870961,0,Damoda Drone DMD,PT AIM,Device,Registered Asset,2025-06-18,15094131.53,3773532.88,11320598.65,36,Straight Line
AS0000870962,0,Damoda Drone DMD,PT AIM,Device,Registered Asset,2025-06-18,15094131.53,3773532.88,11320598.65,36,Straight Line
AS0000870963,0,Damoda Drone DMD,PT AIM,Device,Registered Asset,2025-06-18,15094131.53,3773532.88,11320598.65,36,Straight Line
AS0000870964,0,Damoda Drone DMD,PT AIM,Device,Registered Asset,2025-06-18,15094131.53,3773532.88,11320598.65,36,Straight Line
AS0000870965,0,Damoda Drone DMD,PT AIM,Device,Registered Asset,2025-06-18,15094131.53,3773532.88,11320598.65,36,Straight Line
AS0000870966,0,Damoda Drone DMD,PT AIM,Device,Registered Asset,2025-06-18,15094131.53,3773532.88,11320598.65,36,Straight Line
AS0000870967,0,Damoda Drone DMD,PT AIM,Device,Registered Asset,2025-06-18,15094131.53,3773532.88,11320598.65,36,Straight Line
AS0000870968,0,Damoda Drone DMD,PT AIM,Device,Registered Asset,2025-06-18,15094131.53,3773532.88,11320598.65,36,Straight Line
AS0000870969,0,Damoda Drone DMD,PT AIM,Device,Registered Asset,2025-06-18,15094131.53,3773532.88,11320598.65,36,Straight Line
AS0000870970,0,Damoda Drone DMD,PT AIM,Device,Registered Asset,2025-06-18,15094131.53,3773532.88,11320598.65,36,Straight Line
AS0000870971,0,Damoda Drone DMD,PT AIM,Device,Registered Asset,2025-06-18,15094131.53,3773532.88,11320598.65,36,Straight Line
AS0000870972,0,Damoda Drone DMD,PT AIM,Device,Registered Asset,2025-06-18,15094131.53,3773532.88,11320598.65,36,Straight Line
AS0000870973,0,Damoda Drone DMD,PT AIM,Device,Registered Asset,2025-06-18,15094131.53,3773532.88,11320598.65,36,Straight Line
AS0000870974,0,Damoda Drone DMD,PT AIM,Device,Registered Asset,2025-06-18,15094131.53,3773532.88,11320598.65,36,Straight Line
AS0000870975,0,Damoda Drone DMD,PT AIM,Device,Registered Asset,2025-06-18,15094131.53,3773532.88,11320598.65,36,Straight Line
AS0000870976,0,Damoda Drone DMD,PT AIM,Device,Registered Asset,2025-06-18,15094131.53,3773532.88,11320598.65,36,Straight Line
AS0000870977,0,Damoda Drone DMD,PT AIM,Device,Registered Asset,2025-06-18,15094131.53,3773532.88,11320598.65,36,Straight Line
AS0000870978,0,Damoda Drone DMD,PT AIM,Device,Registered Asset,2025-06-18,15094131.53,3773532.88,11320598.65,36,Straight Line
AS0000870979,0,Damoda Drone DMD,PT AIM,Device,Registered Asset,2025-06-18,15094131.53,3773532.88,11320598.65,36,Straight Line
AS0000870980,0,Damoda Drone DMD,PT AIM,Device,Registered Asset,2025-06-18,15094131.53,3773532.88,11320598.65,36,Straight Line
AS0000870981,0,Damoda Drone DMD,PT AIM,Device,Registered Asset,2025-06-18,15094131.53,3773532.88,11320598.65,36,Straight Line
AS0000870982,0,Damoda Drone DMD,PT AIM,Device,Registered Asset,2025-06-18,15094131.53,3773532.88,11320598.65,36,Straight Line
AS0000870983,0,Damoda Drone DMD,PT AIM,Device,Registered Asset,2025-06-18,15094131.53,3773532.88,11320598.65,36,Straight Line
AS0000870984,0,Damoda Drone DMD,PT AIM,Device,Registered Asset,2025-06-18,15094131.53,3773532.88,11320598.65,36,Straight Line
AS0000870985,0,Damoda Drone DMD,PT AIM,Device,Registered Asset,2025-06-18,15094131.53,3773532.88,11320598.65,36,Straight Line
AS0000870986,0,Damoda Drone DMD,PT AIM,Device,Registered Asset,2025-06-18,15094131.53,3773532.88,11320598.65,36,Straight Line
AS0000870987,0,Damoda Drone DMD,PT AIM,Device,Registered Asset,2025-06-18,15094131.53,3773532.88,11320598.65,36,Straight Line
AS0000870988,0,Damoda Drone DMD,PT AIM,Device,Registered Asset,2025-06-18,15094131.53,3773532.88,11320598.65,36,Straight Line
AS0000870989,0,Damoda Drone DMD,PT AIM,Device,Registered Asset,2025-06-18,15094131.53,3773532.88,11320598.65,36,Straight Line
AS0000870990,0,Damoda Drone DMD,PT AIM,Device,Registered Asset,2025-06-18,15094131.53,3773532.88,11320598.65,36,Straight Line
AS0000870991,0,Damoda Drone DMD,PT AIM,Device,Registered Asset,2025-06-18,15094131.53,3773532.88,11320598.65,36,Straight Line
AS0000870992,0,Damoda Drone DMD,PT AIM,Device,Registered Asset,2025-06-18,15094131.53,3773532.88,11320598.65,36,Straight Line
AS0000870993,0,Damoda Drone DMD,PT AIM,Device,Registered Asset,2025-06-18,15094131.53,3773532.88,11320598.65,36,Straight Line
AS0000870994,0,Damoda Drone DMD,PT AIM,Device,Registered Asset,2025-06-18,15094131.53,3773532.88,11320598.65,36,Straight Line
AS0000870995,0,Damoda Drone DMD,PT AIM,Device,Registered Asset,2025-06-18,15094131.53,3773532.88,11320598.65,36,Straight Line
AS0000870996,0,Damoda Drone DMD,PT AIM,Device,Registered Asset,2025-06-18,15094131.53,3773532.88,11320598.65,36,Straight Line
AS0000870997,0,Damoda Drone DMD,PT AIM,Device,Registered Asset,2025-06-18,15094131.53,3773532.88,11320598.65,36,Straight Line
AS0000870998,0,Damoda Drone DMD,PT AIM,Device,Registered Asset,2025-06-18,15094131.53,3773532.88,11320598.65,36,Straight Line
AS0000870999,0,Damoda Drone DMD,PT AIM,Device,Registered Asset,2025-06-18,15094131.53,3773532.88,11320598.65,36,Straight Line
AS0000871000,0,Damoda Drone DMD,PT AIM,Device,Registered Asset,2025-06-18,15094131.53,3773532.88,11320598.65,36,Straight Line
AS0000871001,0,Damoda Drone DMD,PT AIM,Device,Registered Asset,2025-06-18,15094131.53,3773532.88,11320598.65,36,Straight Line
AS0000871002,0,Damoda Drone DMD,PT AIM,Device,Registered Asset,2025-06-18,15094131.53,3773532.88,11320598.65,36,Straight Line
AS0000871003,0,Damoda Drone DMD,PT AIM,Device,Registered Asset,2025-06-18,15094131.53,3773532.88,11320598.65,36,Straight Line
AS0000871004,0,Damoda Drone DMD,PT AIM,Device,Registered Asset,2025-06-18,15094131.53,3773532.88,11320598.65,36,Straight Line
AS0000871005,0,Damoda Drone DMD,PT AIM,Device,Registered Asset,2025-06-18,15094131.53,3773532.88,11320598.65,36,Straight Line
AS0000871006,0,Damoda Drone DMD,PT AIM,Device,Registered Asset,2025-06-18,15094131.53,3773532.88,11320598.65,36,Straight Line
AS0000871007,0,Damoda Drone DMD,PT AIM,Device,Registered Asset,2025-06-18,15094131.53,3773532.88,11320598.65,36,Straight Line
AS0000871008,0,Damoda Drone DMD,PT AIM,Device,Registered Asset,2025-06-18,15094131.53,3773532.88,11320598.65,36,Straight Line
AS0000871009,0,Damoda Drone DMD,PT AIM,Device,Registered Asset,2025-06-18,15094131.53,3773532.88,11320598.65,36,Straight Line
AS0000871010,0,Damoda Drone DMD,PT AIM,Device,Registered Asset,2025-06-18,15094131.53,3773532.88,11320598.65,36,Straight Line
AS0000871011,0,Damoda Drone DMD,PT AIM,Device,Registered Asset,2025-06-18,15094131.53,3773532.88,11320598.65,36,Straight Line
AS0000871012,0,Damoda Drone DMD,PT AIM,Device,Registered Asset,2025-06-18,15094131.53,3773532.88,11320598.65,36,Straight Line
AS0000871013,0,Damoda Drone DMD,PT AIM,Device,Registered Asset,2025-06-18,15094131.53,3773532.88,11320598.65,36,Straight Line
AS0000871014,0,Damoda Drone DMD,PT AIM,Device,Registered Asset,2025-06-18,15094131.53,3773532.88,11320598.65,36,Straight Line
AS0000871015,0,Damoda Drone DMD,PT AIM,Device,Registered Asset,2025-06-18,15094131.53,3773532.88,11320598.65,36,Straight Line
AS0000871016,0,Damoda Drone DMD,PT AIM,Device,Registered Asset,2025-06-18,15094131.53,3773532.88,11320598.65,36,Straight Line
AS0000871017,0,Damoda Drone DMD,PT AIM,Device,Registered Asset,2025-06-18,15094131.53,3773532.88,11320598.65,36,Straight Line
AS0000871018,0,Damoda Drone DMD,PT AIM,Device,Registered Asset,2025-06-18,15094131.53,3773532.88,11320598.65,36,Straight Line
AS0000871019,0,Damoda Drone DMD,PT AIM,Device,Registered Asset,2025-06-18,15094131.53,3773532.88,11320598.65,36,Straight Line
AS0000871020,0,Damoda Drone DMD,PT AIM,Device,Registered Asset,2025-06-18,15094131.53,3773532.88,11320598.65,36,Straight Line
AS0000871021,0,Damoda Drone DMD,PT AIM,Device,Registered Asset,2025-06-18,15094131.53,3773532.88,11320598.65,36,Straight Line
AS0000871022,0,Damoda Drone DMD,PT AIM,Device,Registered Asset,2025-06-18,15094131.53,3773532.88,11320598.65,36,Straight Line
AS0000871023,0,Damoda Drone DMD,PT AIM,Device,Registered Asset,2025-06-18,15094131.53,3773532.88,11320598.65,36,Straight Line
AS0000871024,0,Damoda Drone DMD,PT AIM,Device,Registered Asset,2025-06-18,15094131.53,3773532.88,11320598.65,36,Straight Line
AS0000871025,0,Damoda Drone DMD,PT AIM,Device,Registered Asset,2025-06-18,15094131.53,3773532.88,11320598.65,36,Straight Line
AS0000871026,0,Damoda Drone DMD,PT AIM,Device,Registered Asset,2025-06-18,15094131.53,3773532.88,11320598.65,36,Straight Line
AS0000871027,0,Damoda Drone DMD,PT AIM,Device,Registered Asset,2025-06-18,15094131.53,3773532.88,11320598.65,36,Straight Line
AS0000871028,0,Damoda Drone DMD,PT AIM,Device,Registered Asset,2025-06-18,15094131.53,3773532.88,11320598.65,36,Straight Line
AS0000871029,0,Damoda Drone DMD,PT AIM,Device,Registered Asset,2025-06-18,15094131.53,3773532.88,11320598.65,36,Straight Line
AS0000871030,0,Damoda Drone DMD,PT AIM,Device,Registered Asset,2025-06-18,15094131.53,3773532.88,11320598.65,36,Straight Line
AS0000871031,0,Damoda Drone DMD,PT AIM,Device,Registered Asset,2025-06-18,15094131.53,3773532.88,11320598.65,36,Straight Line
AS0000871032,0,Damoda Drone DMD,PT AIM,Device,Registered Asset,2025-06-18,15094131.53,3773532.88,11320598.65,36,Straight Line
AS0000871033,0,Damoda Drone DMD,PT AIM,Device,Registered Asset,2025-06-18,15094131.53,3773532.88,11320598.65,36,Straight Line
AS0000871034,0,Damoda Drone DMD,PT AIM,Device,Registered Asset,2025-06-18,15094131.53,3773532.88,11320598.65,36,Straight Line
AS0000871035,0,Damoda Drone DMD,PT AIM,Device,Registered Asset,2025-06-18,15094131.53,3773532.88,11320598.65,36,Straight Line
AS0000871036,0,Damoda Drone DMD,PT AIM,Device,Registered Asset,2025-06-18,15094131.53,3773532.88,11320598.65,36,Straight Line
AS0000871037,0,Damoda Drone DMD,PT AIM,Device,Registered Asset,2025-06-18,15094131.53,3773532.88,11320598.65,36,Straight Line
AS0000871038,0,Damoda Drone DMD,PT AIM,Device,Registered Asset,2025-06-18,15094131.53,3773532.88,11320598.65,36,Straight Line
AS0000871039,0,Damoda Drone DMD,PT AIM,Device,Registered Asset,2025-06-18,15094131.53,3773532.88,11320598.65,36,Straight Line
AS0000871040,0,Damoda Drone DMD,PT AIM,Device,Registered Asset,2025-06-18,15094131.53,3773532.88,11320598.65,36,Straight Line
AS0000871041,0,Damoda Drone DMD,PT AIM,Device,Registered Asset,2025-06-18,15094131.53,3773532.88,11320598.65,36,Straight Line
AS0000871042,0,Damoda Drone DMD,PT AIM,Device,Registered Asset,2025-06-18,15094131.53,3773532.88,11320598.65,36,Straight Line
AS0000871043,0,Damoda Drone DMD,PT AIM,Device,Registered Asset,2025-06-18,15094131.53,3773532.88,11320598.65,36,Straight Line
AS0000871044,0,Damoda Drone DMD,PT AIM,Device,Registered Asset,2025-06-18,15094131.53,3773532.88,11320598.65,36,Straight Line
AS0000871045,0,Damoda Drone DMD,PT AIM,Device,Registered Asset,2025-06-18,15094131.53,3773532.88,11320598.65,36,Straight Line
AS0000871046,0,Damoda Drone DMD,PT AIM,Device,Registered Asset,2025-06-18,15094131.53,3773532.88,11320598.65,36,Straight Line
AS0000871047,0,Damoda Drone DMD,PT AIM,Device,Registered Asset,2025-06-18,15094131.53,3773532.88,11320598.65,36,Straight Line
AS0000871048,0,Damoda Drone DMD,PT AIM,Device,Registered Asset,2025-06-18,15094131.53,3773532.88,11320598.65,36,Straight Line
AS0000871049,0,Damoda Drone DMD,PT AIM,Device,Registered Asset,2025-06-18,15094131.53,3773532.88,11320598.65,36,Straight Line
AS0000871050,0,Damoda Drone DMD,PT AIM,Device,Registered Asset,2025-06-18,15094131.53,3773532.88,11320598.65,36,Straight Line
AS0000871051,0,Damoda Drone DMD,PT AIM,Device,Registered Asset,2025-06-18,15094131.53,3773532.88,11320598.65,36,Straight Line
AS0000871052,0,Damoda Drone DMD,PT AIM,Device,Registered Asset,2025-06-18,15094131.53,3773532.88,11320598.65,36,Straight Line
AS0000871053,0,Damoda Drone DMD,PT AIM,Device,Registered Asset,2025-06-18,15094131.53,3773532.88,11320598.65,36,Straight Line
AS0000871054,0,Damoda Drone DMD,PT AIM,Device,Registered Asset,2025-06-18,15094131.53,3773532.88,11320598.65,36,Straight Line
AS0000871055,0,Damoda Drone DMD,PT AIM,Device,Registered Asset,2025-06-18,15094131.53,3773532.88,11320598.65,36,Straight Line
AS0000871056,0,Damoda Drone DMD,PT AIM,Device,Registered Asset,2025-06-18,15094131.53,3773532.88,11320598.65,36,Straight Line
AS0000871057,0,Damoda Drone DMD,PT AIM,Device,Registered Asset,2025-06-18,15094131.53,3773532.88,11320598.65,36,Straight Line
AS0000871058,0,Damoda Drone DMD,PT AIM,Device,Registered Asset,2025-06-18,15094131.53,3773532.88,11320598.65,36,Straight Line
AS0000871059,0,Damoda Drone DMD,PT AIM,Device,Registered Asset,2025-06-18,15094131.53,3773532.88,11320598.65,36,Straight Line
AS0000871060,0,Damoda Drone DMD,PT AIM,Device,Registered Asset,2025-06-18,15094131.53,3773532.88,11320598.65,36,Straight Line
AS0000871061,0,Damoda Drone DMD,PT AIM,Device,Registered Asset,2025-06-18,15094131.53,3773532.88,11320598.65,36,Straight Line
AS0000871062,0,Damoda Drone DMD,PT AIM,Device,Registered Asset,2025-06-18,15094131.53,3773532.88,11320598.65,36,Straight Line
AS0000871063,0,Damoda Drone DMD,PT AIM,Device,Registered Asset,2025-06-18,15094131.53,3773532.88,11320598.65,36,Straight Line
AS0000871064,0,Damoda Drone DMD,PT AIM,Device,Registered Asset,2025-06-18,15094131.53,3773532.88,11320598.65,36,Straight Line
AS0000871065,0,Damoda Drone DMD,PT AIM,Device,Registered Asset,2025-06-18,15094131.53,3773532.88,11320598.65,36,Straight Line
AS0000871066,0,Damoda Drone DMD,PT AIM,Device,Registered Asset,2025-06-18,15094131.53,3773532.88,11320598.65,36,Straight Line
AS0000871067,0,Damoda Drone DMD,PT AIM,Device,Registered Asset,2025-06-18,15094131.53,3773532.88,11320598.65,36,Straight Line
AS0000871068,0,Damoda Drone DMD,PT AIM,Device,Registered Asset,2025-06-18,15094131.53,3773532.88,11320598.65,36,Straight Line
AS0000871069,0,Damoda Drone DMD,PT AIM,Device,Registered Asset,2025-06-18,15094131.53,3773532.88,11320598.65,36,Straight Line
AS0000871070,0,Damoda Drone DMD,PT AIM,Device,Registered Asset,2025-06-18,15094131.53,3773532.88,11320598.65,36,Straight Line
AS0000871071,0,Damoda Drone DMD,PT AIM,Device,Registered Asset,2025-06-18,15094131.53,3773532.88,11320598.65,36,Straight Line
AS0000871072,0,Damoda Drone DMD,PT AIM,Device,Registered Asset,2025-06-18,15094131.53,3773532.88,11320598.65,36,Straight Line
AS0000871073,0,Damoda Drone DMD,PT AIM,Device,Registered Asset,2025-06-18,15094131.53,3773532.88,11320598.65,36,Straight Line
AS0000871074,0,Damoda Drone DMD,PT AIM,Device,Registered Asset,2025-06-18,15094131.53,3773532.88,11320598.65,36,Straight Line
AS0000871075,0,Damoda Drone DMD,PT AIM,Device,Registered Asset,2025-06-18,15094131.53,3773532.88,11320598.65,36,Straight Line
AS0000871076,0,Damoda Drone DMD,PT AIM,Device,Registered Asset,2025-06-18,15094131.53,3773532.88,11320598.65,36,Straight Line
AS0000871077,0,Damoda Drone DMD,PT AIM,Device,Registered Asset,2025-06-18,15094131.53,3773532.88,11320598.65,36,Straight Line
AS0000871078,0,Damoda Drone DMD,PT AIM,Device,Registered Asset,2025-06-18,15094131.53,3773532.88,11320598.65,36,Straight Line
AS0000871079,0,Damoda Drone DMD,PT AIM,Device,Registered Asset,2025-06-18,15094131.53,3773532.88,11320598.65,36,Straight Line
AS0000871080,0,Damoda Drone DMD,PT AIM,Device,Registered Asset,2025-06-18,15094131.53,3773532.88,11320598.65,36,Straight Line
AS0000871081,0,Damoda Drone DMD,PT AIM,Device,Registered Asset,2025-06-18,15094131.53,3773532.88,11320598.65,36,Straight Line
AS0000871082,0,Damoda Drone DMD,PT AIM,Device,Registered Asset,2025-06-18,15094131.53,3773532.88,11320598.65,36,Straight Line
AS0000871083,0,Damoda Drone DMD,PT AIM,Device,Registered Asset,2025-06-18,15094131.53,3773532.88,11320598.65,36,Straight Line
AS0000871084,0,Damoda Drone DMD,PT AIM,Device,Registered Asset,2025-06-18,15094131.53,3773532.88,11320598.65,36,Straight Line
AS0000871085,0,Damoda Drone DMD,PT AIM,Device,Registered Asset,2025-06-18,15094131.53,3773532.88,11320598.65,36,Straight Line
AS0000871086,0,Damoda Drone DMD,PT AIM,Device,Registered Asset,2025-06-18,15094131.53,3773532.88,11320598.65,36,Straight Line
AS0000871087,0,Damoda Drone DMD,PT AIM,Device,Registered Asset,2025-06-18,15094131.53,3773532.88,11320598.65,36,Straight Line
AS0000871088,0,Damoda Drone DMD,PT AIM,Device,Registered Asset,2025-06-18,15094131.53,3773532.88,11320598.65,36,Straight Line
AS0000871089,0,Damoda Drone DMD,PT AIM,Device,Registered Asset,2025-06-18,15094131.53,3773532.88,11320598.65,36,Straight Line
AS0000871090,0,Damoda Drone DMD,PT AIM,Device,Registered Asset,2025-06-18,15094131.53,3773532.88,11320598.65,36,Straight Line
AS0000871091,0,Damoda Drone DMD,PT AIM,Device,Registered Asset,2025-06-18,15094131.53,3773532.88,11320598.65,36,Straight Line
AS0000871092,0,Damoda Drone DMD,PT AIM,Device,Registered Asset,2025-06-18,15094131.53,3773532.88,11320598.65,36,Straight Line
AS0000871093,0,Damoda Drone DMD,PT AIM,Device,Registered Asset,2025-06-18,15094131.53,3773532.88,11320598.65,36,Straight Line
AS0000871094,0,Damoda Drone DMD,PT AIM,Device,Registered Asset,2025-06-18,15094131.53,3773532.88,11320598.65,36,Straight Line
AS0000871095,0,Damoda Drone DMD,PT AIM,Device,Registered Asset,2025-06-18,15094131.53,3773532.88,11320598.65,36,Straight Line
AS0000871096,0,Damoda Drone DMD,PT AIM,Device,Registered Asset,2025-06-18,15094131.53,3773532.88,11320598.65,36,Straight Line
AS0000871097,0,Damoda Drone DMD,PT AIM,Device,Registered Asset,2025-06-18,15094131.53,3773532.88,11320598.65,36,Straight Line
AS0000871098,0,Damoda Drone DMD,PT AIM,Device,Registered Asset,2025-06-18,15094131.53,3773532.88,11320598.65,36,Straight Line
AS0000871099,0,Damoda Drone DMD,PT AIM,Device,Registered Asset,2025-06-18,15094131.53,3773532.88,11320598.65,36,Straight Line
AS0000871100,0,Damoda Drone DMD,PT AIM,Device,Registered Asset,2025-06-18,15094131.53,3773532.88,11320598.65,36,Straight Line
AS0000871101,0,Damoda Drone DMD,PT AIM,Device,Registered Asset,2025-06-18,15094131.53,3773532.88,11320598.65,36,Straight Line
AS0000871102,0,Damoda Drone DMD,PT AIM,Device,Registered Asset,2025-06-18,15094131.53,3773532.88,11320598.65,36,Straight Line
AS0000871103,0,Damoda Drone DMD,PT AIM,Device,Registered Asset,2025-06-18,15094131.53,3773532.88,11320598.65,36,Straight Line
AS0000871104,0,Damoda Drone DMD,PT AIM,Device,Registered Asset,2025-06-18,15094131.53,3773532.88,11320598.65,36,Straight Line
AS0000871105,0,Damoda Drone DMD,PT AIM,Device,Registered Asset,2025-06-18,15094131.53,3773532.88,11320598.65,36,Straight Line
AS0000871106,0,Damoda Drone DMD,PT AIM,Device,Registered Asset,2025-06-18,15094131.53,3773532.88,11320598.65,36,Straight Line
AS0000871107,0,Damoda Drone DMD,PT AIM,Device,Registered Asset,2025-06-18,15094131.53,3773532.88,11320598.65,36,Straight Line
AS0000871108,0,Damoda Drone DMD,PT AIM,Device,Registered Asset,2025-06-18,15094131.53,3773532.88,11320598.65,36,Straight Line
AS0000871109,0,Damoda Drone DMD,PT AIM,Device,Registered Asset,2025-06-18,15094131.53,3773532.88,11320598.65,36,Straight Line
AS0000871110,0,Damoda Drone DMD,PT AIM,Device,Registered Asset,2025-06-18,15094131.53,3773532.88,11320598.65,36,Straight Line
AS0000871111,0,Damoda Drone DMD,PT AIM,Device,Registered Asset,2025-06-18,15094131.53,3773532.88,11320598.65,36,Straight Line
AS0000871112,0,Damoda Drone DMD,PT AIM,Device,Registered Asset,2025-06-18,15094131.53,3773532.88,11320598.65,36,Straight Line
AS0000871113,0,Damoda Drone DMD,PT AIM,Device,Registered Asset,2025-06-18,15094131.53,3773532.88,11320598.65,36,Straight Line
AS0000871114,0,Damoda Drone DMD,PT AIM,Device,Registered Asset,2025-06-18,15094131.53,3773532.88,11320598.65,36,Straight Line
AS0000871115,0,Damoda Drone DMD,PT AIM,Device,Registered Asset,2025-06-18,15094131.53,3773532.88,11320598.65,36,Straight Line
AS0000871116,0,Damoda Drone DMD,PT AIM,Device,Registered Asset,2025-06-18,15094131.53,3773532.88,11320598.65,36,Straight Line
AS0000871117,0,Damoda Drone DMD,PT AIM,Device,Registered Asset,2025-06-18,15094131.53,3773532.88,11320598.65,36,Straight Line
AS0000871118,0,Damoda Drone DMD,PT AIM,Device,Registered Asset,2025-06-18,15094131.53,3773532.88,11320598.65,36,Straight Line
AS0000871119,0,Damoda Drone DMD,PT AIM,Device,Registered Asset,2025-06-18,15094131.53,3773532.88,11320598.65,36,Straight Line
AS0000871120,0,Damoda Drone DMD,PT AIM,Device,Registered Asset,2025-06-18,15094131.53,3773532.88,11320598.65,36,Straight Line
AS0000871121,0,Damoda Drone DMD,PT AIM,Device,Registered Asset,2025-06-18,15094131.53,3773532.88,11320598.65,36,Straight Line
AS0000871122,0,Damoda Drone DMD,PT AIM,Device,Registered Asset,2025-06-18,15094131.53,3773532.88,11320598.65,36,Straight Line
AS0000871123,0,Damoda Drone DMD,PT AIM,Device,Registered Asset,2025-06-18,15094131.53,3773532.88,11320598.65,36,Straight Line
AS0000871124,0,Damoda Drone DMD,PT AIM,Device,Registered Asset,2025-06-18,15094131.53,3773532.88,11320598.65,36,Straight Line
AS0000871125,0,Damoda Drone DMD,PT AIM,Device,Registered Asset,2025-06-18,15094131.53,3773532.88,11320598.65,36,Straight Line
AS0000871126,0,Damoda Drone DMD,PT AIM,Device,Registered Asset,2025-06-18,15094131.53,3773532.88,11320598.65,36,Straight Line
AS0000871127,0,Damoda Drone DMD,PT AIM,Device,Registered Asset,2025-06-18,15094131.53,3773532.88,11320598.65,36,Straight Line
AS0000871128,0,Damoda Drone DMD,PT AIM,Device,Registered Asset,2025-06-18,15094131.53,3773532.88,11320598.65,36,Straight Line
AS0000871129,0,Damoda Drone DMD,PT AIM,Device,Registered Asset,2025-06-18,15094131.53,3773532.88,11320598.65,36,Straight Line
AS0000871130,0,Damoda Drone DMD,PT AIM,Device,Registered Asset,2025-06-18,15094131.53,3773532.88,11320598.65,36,Straight Line
AS0000871131,0,Damoda Drone DMD,PT AIM,Device,Registered Asset,2025-06-18,15094131.53,3773532.88,11320598.65,36,Straight Line
AS0000871132,0,Damoda Drone DMD,PT AIM,Device,Registered Asset,2025-06-18,15094131.53,3773532.88,11320598.65,36,Straight Line
AS0000871133,0,Damoda Drone DMD,PT AIM,Device,Registered Asset,2025-06-18,15094131.53,3773532.88,11320598.65,36,Straight Line
AS0000871134,0,Damoda Drone DMD,PT AIM,Device,Registered Asset,2025-06-18,15094131.53,3773532.88,11320598.65,36,Straight Line
AS0000871135,0,Damoda Drone DMD,PT AIM,Device,Registered Asset,2025-06-18,15094131.53,3773532.88,11320598.65,36,Straight Line
AS0000871136,0,Damoda Drone DMD,PT AIM,Device,Registered Asset,2025-06-18,15094131.53,3773532.88,11320598.65,36,Straight Line
AS0000871137,0,Damoda Drone DMD,PT AIM,Device,Registered Asset,2025-06-18,15094131.53,3773532.88,11320598.65,36,Straight Line
AS0000871138,0,Damoda Drone DMD,PT AIM,Device,Registered Asset,2025-06-18,15094131.53,3773532.88,11320598.65,36,Straight Line
AS0000871139,0,Damoda Drone DMD,PT AIM,Device,Registered Asset,2025-06-18,15094131.53,3773532.88,11320598.65,36,Straight Line
AS0000871140,0,Damoda Drone DMD,PT AIM,Device,Registered Asset,2025-06-18,15094131.53,3773532.88,11320598.65,36,Straight Line
AS0000871141,0,Damoda Drone DMD,PT AIM,Device,Registered Asset,2025-06-18,15094131.53,3773532.88,11320598.65,36,Straight Line
AS0000871142,0,Damoda Drone DMD,PT AIM,Device,Registered Asset,2025-06-18,15094131.53,3773532.88,11320598.65,36,Straight Line
AS0000871143,0,Damoda Drone DMD,PT AIM,Device,Registered Asset,2025-06-18,15094131.53,3773532.88,11320598.65,36,Straight Line
AS0000871144,0,Damoda Drone DMD,PT AIM,Device,Registered Asset,2025-06-18,15094131.53,3773532.88,11320598.65,36,Straight Line
AS0000871145,0,Damoda Drone DMD,PT AIM,Device,Registered Asset,2025-06-18,15094131.53,3773532.88,11320598.65,36,Straight Line
AS0000871146,0,Damoda Drone DMD,PT AIM,Device,Registered Asset,2025-06-18,15094131.53,3773532.88,11320598.65,36,Straight Line
AS0000871147,0,Damoda Drone DMD,PT AIM,Device,Registered Asset,2025-06-18,15094131.53,3773532.88,11320598.65,36,Straight Line
AS0000871148,0,Damoda Drone DMD,PT AIM,Device,Registered Asset,2025-06-18,15094131.53,3773532.88,11320598.65,36,Straight Line
AS0000871149,0,Damoda Drone DMD,PT AIM,Device,Registered Asset,2025-06-18,15094131.53,3773532.88,11320598.65,36,Straight Line
AS0000871150,0,Damoda Drone DMD,PT AIM,Device,Registered Asset,2025-06-18,15094131.53,3773532.88,11320598.65,36,Straight Line
AS0000871151,0,Damoda Drone DMD,PT AIM,Device,Registered Asset,2025-06-18,15094131.53,3773532.88,11320598.65,36,Straight Line
AS0000871152,0,Damoda Drone DMD,PT AIM,Device,Registered Asset,2025-06-18,15094131.53,3773532.88,11320598.65,36,Straight Line
AS0000871153,0,Damoda Drone DMD,PT AIM,Device,Registered Asset,2025-06-18,15094131.53,3773532.88,11320598.65,36,Straight Line
AS0000871154,0,Damoda Drone DMD,PT AIM,Device,Registered Asset,2025-06-18,15094131.53,3773532.88,11320598.65,36,Straight Line
AS0000871155,0,Damoda Drone DMD,PT AIM,Device,Registered Asset,2025-06-18,15094131.53,3773532.88,11320598.65,36,Straight Line
AS0000871156,0,Damoda Drone DMD,PT AIM,Device,Registered Asset,2025-06-18,15094131.53,3773532.88,11320598.65,36,Straight Line
AS0000871157,0,Damoda Drone DMD,PT AIM,Device,Registered Asset,2025-06-18,15094131.53,3773532.88,11320598.65,36,Straight Line
AS0000871158,0,Damoda Drone DMD,PT AIM,Device,Registered Asset,2025-06-18,15094131.53,3773532.88,11320598.65,36,Straight Line
AS0000871159,0,Damoda Drone DMD,PT AIM,Device,Registered Asset,2025-06-18,15094131.53,3773532.88,11320598.65,36,Straight Line
AS0000871160,0,Damoda Drone DMD,PT AIM,Device,Registered Asset,2025-06-18,15094131.53,3773532.88,11320598.65,36,Straight Line
AS0000871161,0,Damoda Drone DMD,PT AIM,Device,Registered Asset,2025-06-18,15094131.53,3773532.88,11320598.65,36,Straight Line
AS0000871162,0,Damoda Drone DMD,PT AIM,Device,Registered Asset,2025-06-18,15094131.53,3773532.88,11320598.65,36,Straight Line
AS0000871163,0,Damoda Drone DMD,PT AIM,Device,Registered Asset,2025-06-18,15094131.53,3773532.88,11320598.65,36,Straight Line
AS0000871164,0,Damoda Drone DMD,PT AIM,Device,Registered Asset,2025-06-18,15094131.53,3773532.88,11320598.65,36,Straight Line
AS0000871165,0,Damoda Drone DMD,PT AIM,Device,Registered Asset,2025-06-18,15094131.53,3773532.88,11320598.65,36,Straight Line
AS0000871166,0,Damoda Drone DMD,PT AIM,Device,Registered Asset,2025-06-18,15094131.53,3773532.88,11320598.65,36,Straight Line
AS0000871167,0,Damoda Drone DMD,PT AIM,Device,Registered Asset,2025-06-18,15094131.53,3773532.88,11320598.65,36,Straight Line
AS0000871168,0,Damoda Drone DMD,PT AIM,Device,Registered Asset,2025-06-18,15094131.53,3773532.88,11320598.65,36,Straight Line
AS0000871169,0,Damoda Drone DMD,PT AIM,Device,Registered Asset,2025-06-18,15094131.53,3773532.88,11320598.65,36,Straight Line
AS0000871170,0,Damoda Drone DMD,PT AIM,Device,Registered Asset,2025-06-18,15094131.53,3773532.88,11320598.65,36,Straight Line
AS0000871171,0,Damoda Drone DMD,PT AIM,Device,Registered Asset,2025-06-18,15094131.53,3773532.88,11320598.65,36,Straight Line
AS0000871172,0,Damoda Drone DMD,PT AIM,Device,Registered Asset,2025-06-18,15094131.53,3773532.88,11320598.65,36,Straight Line
AS0000871173,0,Damoda Drone DMD,PT AIM,Device,Registered Asset,2025-06-18,15094131.53,3773532.88,11320598.65,36,Straight Line
AS0000871174,0,Damoda Drone DMD,PT AIM,Device,Registered Asset,2025-06-18,15094131.53,3773532.88,11320598.65,36,Straight Line
AS0000871175,0,Damoda Drone DMD,PT AIM,Device,Registered Asset,2025-06-18,15094131.53,3773532.88,11320598.65,36,Straight Line
AS0000871176,0,Damoda Drone DMD,PT AIM,Device,Registered Asset,2025-06-18,15094131.53,3773532.88,11320598.65,36,Straight Line
AS0000871177,0,Damoda Drone DMD,PT AIM,Device,Registered Asset,2025-06-18,15094131.53,3773532.88,11320598.65,36,Straight Line
AS0000871178,0,Damoda Drone DMD,PT AIM,Device,Registered Asset,2025-06-18,15094131.53,3773532.88,11320598.65,36,Straight Line
AS0000871179,0,Damoda Drone DMD,PT AIM,Device,Registered Asset,2025-06-18,15094131.53,3773532.88,11320598.65,36,Straight Line
AS0000871180,0,Damoda Drone DMD,PT AIM,Device,Registered Asset,2025-06-18,15094131.53,3773532.88,11320598.65,36,Straight Line
AS0000871181,0,Damoda Drone DMD,PT AIM,Device,Registered Asset,2025-06-18,15094131.53,3773532.88,11320598.65,36,Straight Line
AS0000871182,0,Damoda Drone DMD,PT AIM,Device,Registered Asset,2025-06-18,15094131.53,3773532.88,11320598.65,36,Straight Line
AS0000871183,0,Damoda Drone DMD,PT AIM,Device,Registered Asset,2025-06-18,15094131.53,3773532.88,11320598.65,36,Straight Line
AS0000871184,0,Damoda Drone DMD,PT AIM,Device,Registered Asset,2025-06-18,15094131.53,3773532.88,11320598.65,36,Straight Line
AS0000871185,0,Damoda Drone DMD,PT AIM,Device,Registered Asset,2025-06-18,15094131.53,3773532.88,11320598.65,36,Straight Line
AS0000871186,0,Damoda Drone DMD,PT AIM,Device,Registered Asset,2025-06-18,15094131.53,3773532.88,11320598.65,36,Straight Line
AS0000871187,0,Damoda Drone DMD,PT AIM,Device,Registered Asset,2025-06-18,15094131.53,3773532.88,11320598.65,36,Straight Line
AS0000871188,0,Damoda Drone DMD,PT AIM,Device,Registered Asset,2025-06-18,15094131.53,3773532.88,11320598.65,36,Straight Line
AS0000871189,0,Damoda Drone DMD,PT AIM,Device,Registered Asset,2025-06-18,15094131.53,3773532.88,11320598.65,36,Straight Line
AS0000871190,0,Damoda Drone DMD,PT AIM,Device,Registered Asset,2025-06-18,15094131.53,3773532.88,11320598.65,36,Straight Line
AS0000871191,0,Damoda Drone DMD,PT AIM,Device,Registered Asset,2025-06-18,15094131.53,3773532.88,11320598.65,36,Straight Line
AS0000871192,0,Damoda Drone DMD,PT AIM,Device,Registered Asset,2025-06-18,15094131.53,3773532.88,11320598.65,36,Straight Line
AS0000871193,0,Damoda Drone DMD,PT AIM,Device,Registered Asset,2025-06-18,15094131.53,3773532.88,11320598.65,36,Straight Line
AS0000871194,0,Damoda Drone DMD,PT AIM,Device,Registered Asset,2025-06-18,15094131.53,3773532.88,11320598.65,36,Straight Line
AS0000871195,0,Damoda Drone DMD,PT AIM,Device,Registered Asset,2025-06-18,15094131.53,3773532.88,11320598.65,36,Straight Line
AS0000871196,0,Damoda Drone DMD,PT AIM,Device,Registered Asset,2025-06-18,15094131.53,3773532.88,11320598.65,36,Straight Line
AS0000871197,0,Damoda Drone DMD,PT AIM,Device,Registered Asset,2025-06-18,15094131.53,3773532.88,11320598.65,36,Straight Line
AS0000871198,0,Damoda Drone DMD,PT AIM,Device,Registered Asset,2025-06-18,15094131.53,3773532.88,11320598.65,36,Straight Line
AS0000871199,0,Damoda Drone DMD,PT AIM,Device,Registered Asset,2025-06-18,15094131.53,3773532.88,11320598.65,36,Straight Line
AS0000871200,0,Damoda Drone DMD,PT AIM,Device,Registered Asset,2025-06-18,15094131.53,3773532.88,11320598.65,36,Straight Line
AS0000871201,0,Damoda Drone DMD,PT AIM,Device,Registered Asset,2025-06-18,15094131.53,3773532.88,11320598.65,36,Straight Line
AS0000871202,0,Damoda Drone DMD,PT AIM,Device,Registered Asset,2025-06-18,15094131.53,3773532.88,11320598.65,36,Straight Line
AS0000871203,0,Damoda Drone DMD,PT AIM,Device,Registered Asset,2025-06-18,15094131.53,3773532.88,11320598.65,36,Straight Line
AS0000871204,0,Damoda Drone DMD,PT AIM,Device,Registered Asset,2025-06-18,15094131.53,3773532.88,11320598.65,36,Straight Line
AS0000871205,0,Damoda Drone DMD,PT AIM,Device,Registered Asset,2025-06-18,15094131.53,3773532.88,11320598.65,36,Straight Line
AS0000871206,0,Damoda Drone DMD,PT AIM,Device,Registered Asset,2025-06-18,15094131.53,3773532.88,11320598.65,36,Straight Line
AS0000871207,0,Damoda Drone DMD,PT AIM,Device,Registered Asset,2025-06-18,15094131.53,3773532.88,11320598.65,36,Straight Line
AS0000871208,0,Damoda Drone DMD,PT AIM,Device,Registered Asset,2025-06-18,15094131.53,3773532.88,11320598.65,36,Straight Line
AS0000871209,0,Damoda Drone DMD,PT AIM,Device,Registered Asset,2025-06-18,15094131.53,3773532.88,11320598.65,36,Straight Line
AS0000871210,0,Damoda Drone DMD,PT AIM,Device,Registered Asset,2025-06-18,15094131.53,3773532.88,11320598.65,36,Straight Line
AS0000871211,0,Damoda Drone DMD,PT AIM,Device,Registered Asset,2025-06-18,15094131.53,3773532.88,11320598.65,36,Straight Line
AS0000871212,0,Damoda Drone DMD,PT AIM,Device,Registered Asset,2025-06-18,15094131.53,3773532.88,11320598.65,36,Straight Line
AS0000871213,0,Damoda Drone DMD,PT AIM,Device,Registered Asset,2025-06-18,15094131.53,3773532.88,11320598.65,36,Straight Line
AS0000871214,0,Damoda Drone DMD,PT AIM,Device,Registered Asset,2025-06-18,15094131.53,3773532.88,11320598.65,36,Straight Line
AS0000871215,0,Damoda Drone DMD,PT AIM,Device,Registered Asset,2025-06-18,15094131.53,3773532.88,11320598.65,36,Straight Line
AS0000871216,0,Damoda Drone DMD,PT AIM,Device,Registered Asset,2025-06-18,15094131.53,3773532.88,11320598.65,36,Straight Line
AS0000871217,0,Damoda Drone DMD,PT AIM,Device,Registered Asset,2025-06-18,15094131.53,3773532.88,11320598.65,36,Straight Line
AS0000871218,0,Damoda Drone DMD,PT AIM,Device,Registered Asset,2025-06-18,15094131.53,3773532.88,11320598.65,36,Straight Line
AS0000871219,0,Damoda Drone DMD,PT AIM,Device,Registered Asset,2025-06-18,15094131.53,3773532.88,11320598.65,36,Straight Line
AS0000871220,0,Damoda Drone DMD,PT AIM,Device,Registered Asset,2025-06-18,15094131.53,3773532.88,11320598.65,36,Straight Line
AS0000871221,0,Damoda Drone DMD,PT AIM,Device,Registered Asset,2025-06-18,15094131.53,3773532.88,11320598.65,36,Straight Line
AS0000871222,0,Damoda Drone DMD,PT AIM,Device,Registered Asset,2025-06-18,15094131.53,3773532.88,11320598.65,36,Straight Line
AS0000871223,0,Damoda Drone DMD,PT AIM,Device,Registered Asset,2025-06-18,15094131.53,3773532.88,11320598.65,36,Straight Line
AS0000871224,0,Damoda Drone DMD,PT AIM,Device,Registered Asset,2025-06-18,15094131.53,3773532.88,11320598.65,36,Straight Line
AS0000871225,0,Damoda Drone DMD,PT AIM,Device,Registered Asset,2025-06-18,15094131.53,3773532.88,11320598.65,36,Straight Line
AS0000871226,0,Damoda Drone DMD,PT AIM,Device,Registered Asset,2025-06-18,15094131.53,3773532.88,11320598.65,36,Straight Line
AS0000871227,0,Damoda Drone DMD,PT AIM,Device,Registered Asset,2025-06-18,15094131.53,3773532.88,11320598.65,36,Straight Line
AS0000871228,0,Damoda Drone DMD,PT AIM,Device,Registered Asset,2025-06-18,15094131.53,3773532.88,11320598.65,36,Straight Line
AS0000871229,0,Damoda Drone DMD,PT AIM,Device,Registered Asset,2025-06-18,15094131.53,3773532.88,11320598.65,36,Straight Line
AS0000871230,0,Damoda Drone DMD,PT AIM,Device,Registered Asset,2025-06-18,15094131.53,3773532.88,11320598.65,36,Straight Line
AS0000871231,0,Damoda Drone DMD,PT AIM,Device,Registered Asset,2025-06-18,15094131.53,3773532.88,11320598.65,36,Straight Line
AS0000871232,0,Damoda Drone DMD,PT AIM,Device,Registered Asset,2025-06-18,15094131.53,3773532.88,11320598.65,36,Straight Line
AS0000871233,0,Damoda Drone DMD,PT AIM,Device,Registered Asset,2025-06-18,15094131.53,3773532.88,11320598.65,36,Straight Line
AS0000871234,0,Damoda Drone DMD,PT AIM,Device,Registered Asset,2025-06-18,15094131.53,3773532.88,11320598.65,36,Straight Line
AS0000871235,0,Damoda Drone DMD,PT AIM,Device,Registered Asset,2025-06-18,15094131.53,3773532.88,11320598.65,36,Straight Line
AS0000871236,0,Damoda Drone DMD,PT AIM,Device,Registered Asset,2025-06-18,15094131.53,3773532.88,11320598.65,36,Straight Line
AS0000871237,0,Damoda Drone DMD,PT AIM,Device,Registered Asset,2025-06-18,15094131.53,3773532.88,11320598.65,36,Straight Line
AS0000871238,0,Damoda Drone DMD,PT AIM,Device,Registered Asset,2025-06-18,15094131.53,3773532.88,11320598.65,36,Straight Line
AS0000871239,0,Damoda Drone DMD,PT AIM,Device,Registered Asset,2025-06-18,15094131.53,3773532.88,11320598.65,36,Straight Line
AS0000871240,0,Damoda Drone DMD,PT AIM,Device,Registered Asset,2025-06-18,15094131.53,3773532.88,11320598.65,36,Straight Line
AS0000871241,0,Damoda Drone DMD,PT AIM,Device,Registered Asset,2025-06-18,15094131.53,3773532.88,11320598.65,36,Straight Line
AS0000871242,0,Damoda Drone DMD,PT AIM,Device,Registered Asset,2025-06-18,15094131.53,3773532.88,11320598.65,36,Straight Line
AS0000871243,0,Damoda Drone DMD,PT AIM,Device,Registered Asset,2025-06-18,15094131.53,3773532.88,11320598.65,36,Straight Line
AS0000871244,0,Damoda Drone DMD,PT AIM,Device,Registered Asset,2025-06-18,15094131.53,3773532.88,11320598.65,36,Straight Line
AS0000871245,0,Damoda Drone DMD,PT AIM,Device,Registered Asset,2025-06-18,15094131.53,3773532.88,11320598.65,36,Straight Line
AS0000871246,0,Damoda Drone DMD,PT AIM,Device,Registered Asset,2025-06-18,15094131.53,3773532.88,11320598.65,36,Straight Line
AS0000871247,0,Damoda Drone DMD,PT AIM,Device,Registered Asset,2025-06-18,15094131.53,3773532.88,11320598.65,36,Straight Line
AS0000871248,0,Damoda Drone DMD,PT AIM,Device,Registered Asset,2025-06-18,15094131.53,3773532.88,11320598.65,36,Straight Line
AS0000871249,0,Damoda Drone DMD,PT AIM,Device,Registered Asset,2025-06-18,15094131.53,3773532.88,11320598.65,36,Straight Line
AS0000871250,0,Damoda Drone DMD,PT AIM,Device,Registered Asset,2025-06-18,15094131.53,3773532.88,11320598.65,36,Straight Line
AS0000871251,0,Damoda Drone DMD,PT AIM,Device,Registered Asset,2025-06-18,15094131.53,3773532.88,11320598.65,36,Straight Line
AS0000871252,0,Damoda Drone DMD,PT AIM,Device,Registered Asset,2025-06-18,15094131.53,3773532.88,11320598.65,36,Straight Line
AS0000871253,0,Damoda Drone DMD,PT AIM,Device,Registered Asset,2025-06-18,15094131.53,3773532.88,11320598.65,36,Straight Line
AS0000871254,0,Damoda Drone DMD,PT AIM,Device,Registered Asset,2025-06-18,15094131.53,3773532.88,11320598.65,36,Straight Line
AS0000871255,0,Damoda Drone DMD,PT AIM,Device,Registered Asset,2025-06-18,15094131.53,3773532.88,11320598.65,36,Straight Line
AS0000871256,0,Damoda Drone DMD,PT AIM,Device,Registered Asset,2025-06-18,15094131.53,3773532.88,11320598.65,36,Straight Line
AS0000871257,0,Damoda Drone DMD,PT AIM,Device,Registered Asset,2025-06-18,15094131.53,3773532.88,11320598.65,36,Straight Line
AS0000871258,0,Damoda Drone DMD,PT AIM,Device,Registered Asset,2025-06-18,15094131.53,3773532.88,11320598.65,36,Straight Line
AS0000871259,0,Damoda Drone DMD,PT AIM,Device,Registered Asset,2025-06-18,15094131.53,3773532.88,11320598.65,36,Straight Line
AS0000871260,0,Damoda Drone DMD,PT AIM,Device,Registered Asset,2025-06-18,15094131.53,3773532.88,11320598.65,36,Straight Line
AS0000871261,0,Damoda Drone DMD,PT AIM,Device,Registered Asset,2025-06-18,15094131.53,3773532.88,11320598.65,36,Straight Line
AS0000871262,0,Damoda Drone DMD,PT AIM,Device,Registered Asset,2025-06-18,15094131.53,3773532.88,11320598.65,36,Straight Line
AS0000871263,0,Damoda Drone DMD,PT AIM,Device,Registered Asset,2025-06-18,15094131.53,3773532.88,11320598.65,36,Straight Line
AS0000871264,0,Damoda Drone DMD,PT AIM,Device,Registered Asset,2025-06-18,15094131.53,3773532.88,11320598.65,36,Straight Line
AS0000871265,0,Damoda Drone DMD,PT AIM,Device,Registered Asset,2025-06-18,15094131.53,3773532.88,11320598.65,36,Straight Line
AS0000871266,0,Damoda Drone DMD,PT AIM,Device,Registered Asset,2025-06-18,15094131.53,3773532.88,11320598.65,36,Straight Line
AS0000871267,0,Damoda Drone DMD,PT AIM,Device,Registered Asset,2025-06-18,15094131.53,3773532.88,11320598.65,36,Straight Line
AS0000871268,0,Damoda Drone DMD,PT AIM,Device,Registered Asset,2025-06-18,15094131.53,3773532.88,11320598.65,36,Straight Line
AS0000871269,0,Damoda Drone DMD,PT AIM,Device,Registered Asset,2025-06-18,15094131.53,3773532.88,11320598.65,36,Straight Line
AS0000871270,0,Damoda Drone DMD,PT AIM,Device,Registered Asset,2025-06-18,15094131.53,3773532.88,11320598.65,36,Straight Line
AS0000871271,0,Damoda Drone DMD,PT AIM,Device,Registered Asset,2025-06-18,15094131.53,3773532.88,11320598.65,36,Straight Line
AS0000871272,0,Damoda Drone DMD,PT AIM,Device,Registered Asset,2025-06-18,15094131.53,3773532.88,11320598.65,36,Straight Line
AS0000871273,0,Damoda Drone DMD,PT AIM,Device,Registered Asset,2025-06-18,15094131.53,3773532.88,11320598.65,36,Straight Line
AS0000871274,0,Damoda Drone DMD,PT AIM,Device,Registered Asset,2025-06-18,15094131.53,3773532.88,11320598.65,36,Straight Line
AS0000871275,0,Damoda Drone DMD,PT AIM,Device,Registered Asset,2025-06-18,15094131.53,3773532.88,11320598.65,36,Straight Line
AS0000871276,0,Damoda Drone DMD,PT AIM,Device,Registered Asset,2025-06-18,15094131.53,3773532.88,11320598.65,36,Straight Line
AS0000871277,0,Damoda Drone DMD,PT AIM,Device,Registered Asset,2025-06-18,15094131.53,3773532.88,11320598.65,36,Straight Line
AS0000871278,0,Damoda Drone DMD,PT AIM,Device,Registered Asset,2025-06-18,15094131.53,3773532.88,11320598.65,36,Straight Line
AS0000871279,0,Damoda Drone DMD,PT AIM,Device,Registered Asset,2025-06-18,15094131.53,3773532.88,11320598.65,36,Straight Line
AS0000871280,0,Damoda Drone DMD,PT AIM,Device,Registered Asset,2025-06-18,15094131.53,3773532.88,11320598.65,36,Straight Line
AS0000871281,0,Damoda Drone DMD,PT AIM,Device,Registered Asset,2025-06-18,15094131.53,3773532.88,11320598.65,36,Straight Line
AS0000871282,0,Damoda Drone DMD,PT AIM,Device,Registered Asset,2025-06-18,15094131.53,3773532.88,11320598.65,36,Straight Line
AS0000871283,0,Damoda Drone DMD,PT AIM,Device,Registered Asset,2025-06-18,15094131.53,3773532.88,11320598.65,36,Straight Line
AS0000871284,0,Damoda Drone DMD,PT AIM,Device,Registered Asset,2025-06-18,15094131.53,3773532.88,11320598.65,36,Straight Line
AS0000871285,0,Damoda Drone DMD,PT AIM,Device,Registered Asset,2025-06-18,15094131.53,3773532.88,11320598.65,36,Straight Line
AS0000871286,0,Damoda Drone DMD,PT AIM,Device,Registered Asset,2025-06-18,15094131.53,3773532.88,11320598.65,36,Straight Line
AS0000871287,0,Damoda Drone DMD,PT AIM,Device,Registered Asset,2025-06-18,15094131.53,3773532.88,11320598.65,36,Straight Line
AS0000871288,0,Damoda Drone DMD,PT AIM,Device,Registered Asset,2025-06-18,15094131.53,3773532.88,11320598.65,36,Straight Line
AS0000871289,0,Damoda Drone DMD,PT AIM,Device,Registered Asset,2025-06-18,15094131.53,3773532.88,11320598.65,36,Straight Line
AS0000871290,0,Damoda Drone DMD,PT AIM,Device,Registered Asset,2025-06-18,15094131.53,3773532.88,11320598.65,36,Straight Line
AS0000871291,0,Damoda Drone DMD,PT AIM,Device,Registered Asset,2025-06-18,15094131.53,3773532.88,11320598.65,36,Straight Line
AS0000871292,0,Damoda Drone DMD,PT AIM,Device,Registered Asset,2025-06-18,15094131.53,3773532.88,11320598.65,36,Straight Line
AS0000871293,0,Damoda Drone DMD,PT AIM,Device,Registered Asset,2025-06-18,15094131.53,3773532.88,11320598.65,36,Straight Line
AS0000871294,0,Damoda Drone DMD,PT AIM,Device,Registered Asset,2025-06-18,15094131.53,3773532.88,11320598.65,36,Straight Line
AS0000871295,0,Damoda Drone DMD,PT AIM,Device,Registered Asset,2025-06-18,15094131.53,3773532.88,11320598.65,36,Straight Line
AS0000871296,0,Damoda Drone DMD,PT AIM,Device,Registered Asset,2025-06-18,15094131.53,3773532.88,11320598.65,36,Straight Line
AS0000871297,0,Damoda Drone DMD,PT AIM,Device,Registered Asset,2025-06-18,15094131.53,3773532.88,11320598.65,36,Straight Line
AS0000871298,0,Damoda Drone DMD,PT AIM,Device,Registered Asset,2025-06-18,15094131.53,3773532.88,11320598.65,36,Straight Line
AS0000871299,0,Damoda Drone DMD,PT AIM,Device,Registered Asset,2025-06-18,15094131.53,3773532.88,11320598.65,36,Straight Line
AS0000871300,0,Damoda Drone DMD,PT AIM,Device,Registered Asset,2025-06-18,15094131.53,3773532.88,11320598.65,36,Straight Line
AS0000871301,0,Damoda Drone DMD,PT AIM,Device,Registered Asset,2025-06-18,15094131.53,3773532.88,11320598.65,36,Straight Line
AS0000871302,0,Damoda Drone DMD,PT AIM,Device,Registered Asset,2025-06-18,15094131.53,3773532.88,11320598.65,36,Straight Line
AS0000871303,0,Damoda Drone DMD,PT AIM,Device,Registered Asset,2025-06-18,15094131.53,3773532.88,11320598.65,36,Straight Line
AS0000871304,0,Damoda Drone DMD,PT AIM,Device,Registered Asset,2025-06-18,15094131.53,3773532.88,11320598.65,36,Straight Line
AS0000871305,0,Damoda Drone DMD,PT AIM,Device,Registered Asset,2025-06-18,15094131.53,3773532.88,11320598.65,36,Straight Line
AS0000871306,0,Damoda Drone DMD,PT AIM,Device,Registered Asset,2025-06-18,15094131.53,3773532.88,11320598.65,36,Straight Line
AS0000871307,0,Damoda Drone DMD,PT AIM,Device,Registered Asset,2025-06-18,15094131.53,3773532.88,11320598.65,36,Straight Line
AS0000871308,0,Damoda Drone DMD,PT AIM,Device,Registered Asset,2025-06-18,15094131.53,3773532.88,11320598.65,36,Straight Line
AS0000871309,0,Damoda Drone DMD,PT AIM,Device,Registered Asset,2025-06-18,15094131.53,3773532.88,11320598.65,36,Straight Line
AS0000871310,0,Damoda Drone DMD,PT AIM,Device,Registered Asset,2025-06-18,15094131.53,3773532.88,11320598.65,36,Straight Line
AS0000871311,0,Damoda Drone DMD,PT AIM,Device,Registered Asset,2025-06-18,15094131.53,3773532.88,11320598.65,36,Straight Line
AS0000871312,0,Damoda Drone DMD,PT AIM,Device,Registered Asset,2025-06-18,15094131.53,3773532.88,11320598.65,36,Straight Line
AS0000871313,0,Damoda Drone DMD,PT AIM,Device,Registered Asset,2025-06-18,15094131.53,3773532.88,11320598.65,36,Straight Line
AS0000871314,0,Damoda Drone DMD,PT AIM,Device,Registered Asset,2025-06-18,15094131.53,3773532.88,11320598.65,36,Straight Line
AS0000871315,0,Damoda Drone DMD,PT AIM,Device,Registered Asset,2025-06-18,15094131.53,3773532.88,11320598.65,36,Straight Line
AS0000871316,0,Damoda Drone DMD,PT AIM,Device,Registered Asset,2025-06-18,15094131.53,3773532.88,11320598.65,36,Straight Line
AS0000871317,0,Damoda Drone DMD,PT AIM,Device,Registered Asset,2025-06-18,15094131.53,3773532.88,11320598.65,36,Straight Line
AS0000871318,0,Damoda Drone DMD,PT AIM,Device,Registered Asset,2025-06-18,15094131.53,3773532.88,11320598.65,36,Straight Line
AS0000871319,0,Damoda Drone DMD,PT AIM,Device,Registered Asset,2025-06-18,15094131.53,3773532.88,11320598.65,36,Straight Line
AS0000871320,0,Damoda Drone DMD,PT AIM,Device,Registered Asset,2025-06-18,15094131.53,3773532.88,11320598.65,36,Straight Line
AS0000871321,0,Damoda Drone DMD,PT AIM,Device,Registered Asset,2025-06-18,15094131.53,3773532.88,11320598.65,36,Straight Line
AS0000871322,0,Damoda Drone DMD,PT AIM,Device,Registered Asset,2025-06-18,15094131.53,3773532.88,11320598.65,36,Straight Line
AS0000871323,0,Damoda Drone DMD,PT AIM,Device,Registered Asset,2025-06-18,15094131.53,3773532.88,11320598.65,36,Straight Line
AS0000871324,0,Damoda Drone DMD,PT AIM,Device,Registered Asset,2025-06-18,15094131.53,3773532.88,11320598.65,36,Straight Line
AS0000871325,0,Damoda Drone DMD,PT AIM,Device,Registered Asset,2025-06-18,15094131.53,3773532.88,11320598.65,36,Straight Line
AS0000871326,0,Damoda Drone DMD,PT AIM,Device,Registered Asset,2025-06-18,15094131.53,3773532.88,11320598.65,36,Straight Line
AS0000871327,0,Damoda Drone DMD,PT AIM,Device,Registered Asset,2025-06-18,15094131.53,3773532.88,11320598.65,36,Straight Line
AS0000871328,0,Damoda Drone DMD,PT AIM,Device,Registered Asset,2025-06-18,15094131.53,3773532.88,11320598.65,36,Straight Line
AS0000871329,0,Damoda Drone DMD,PT AIM,Device,Registered Asset,2025-06-18,15094131.53,3773532.88,11320598.65,36,Straight Line
AS0000871330,0,Damoda Drone DMD,PT AIM,Device,Registered Asset,2025-06-18,15094131.53,3773532.88,11320598.65,36,Straight Line
AS0000871331,0,Damoda Drone DMD,PT AIM,Device,Registered Asset,2025-06-18,15094131.53,3773532.88,11320598.65,36,Straight Line
AS0000871332,0,Damoda Drone DMD,PT AIM,Device,Registered Asset,2025-06-18,15094131.53,3773532.88,11320598.65,36,Straight Line
AS0000871333,0,Damoda Drone DMD,PT AIM,Device,Registered Asset,2025-06-18,15094131.53,3773532.88,11320598.65,36,Straight Line
AS0000871334,0,Damoda Drone DMD,PT AIM,Device,Registered Asset,2025-06-18,15094131.53,3773532.88,11320598.65,36,Straight Line
AS0000871335,0,Damoda Drone DMD,PT AIM,Device,Registered Asset,2025-06-18,15094131.53,3773532.88,11320598.65,36,Straight Line
AS0000871336,0,Damoda Drone DMD,PT AIM,Device,Registered Asset,2025-06-18,15094131.53,3773532.88,11320598.65,36,Straight Line
AS0000871337,0,Damoda Drone DMD,PT AIM,Device,Registered Asset,2025-06-18,15094131.53,3773532.88,11320598.65,36,Straight Line
AS0000871338,0,Damoda Drone DMD,PT AIM,Device,Registered Asset,2025-06-18,15094131.53,3773532.88,11320598.65,36,Straight Line
AS0000871339,0,Damoda Drone DMD,PT AIM,Device,Registered Asset,2025-06-18,15094131.53,3773532.88,11320598.65,36,Straight Line
AS0000871340,0,Damoda Drone DMD,PT AIM,Device,Registered Asset,2025-06-18,15094131.53,3773532.88,11320598.65,36,Straight Line
AS0000871341,0,Damoda Drone DMD,PT AIM,Device,Registered Asset,2025-06-18,15094131.53,3773532.88,11320598.65,36,Straight Line
AS0000871342,0,Damoda Drone DMD,PT AIM,Device,Registered Asset,2025-06-18,15094131.53,3773532.88,11320598.65,36,Straight Line
AS0000871343,0,Damoda Drone DMD,PT AIM,Device,Registered Asset,2025-06-18,15094131.53,3773532.88,11320598.65,36,Straight Line
AS0000871344,0,Damoda Drone DMD,PT AIM,Device,Registered Asset,2025-06-18,15094131.53,3773532.88,11320598.65,36,Straight Line
AS0000871345,0,Damoda Drone DMD,PT AIM,Device,Registered Asset,2025-06-18,15094131.53,3773532.88,11320598.65,36,Straight Line
AS0000871346,0,Damoda Drone DMD,PT AIM,Device,Registered Asset,2025-06-18,15094131.53,3773532.88,11320598.65,36,Straight Line
AS0000871347,0,Damoda Drone DMD,PT AIM,Device,Registered Asset,2025-06-18,15094131.53,3773532.88,11320598.65,36,Straight Line
AS0000871348,0,Damoda Drone DMD,PT AIM,Device,Registered Asset,2025-06-18,15094131.53,3773532.88,11320598.65,36,Straight Line
AS0000871349,0,Damoda Drone DMD,PT AIM,Device,Registered Asset,2025-06-18,15094131.53,3773532.88,11320598.65,36,Straight Line
AS0000871350,0,Damoda Drone DMD,PT AIM,Device,Registered Asset,2025-06-18,15094131.53,3773532.88,11320598.65,36,Straight Line
AS0000871351,0,Damoda Drone DMD,PT AIM,Device,Registered Asset,2025-06-18,15094131.53,3773532.88,11320598.65,36,Straight Line
AS0000871352,0,Damoda Drone DMD,PT AIM,Device,Registered Asset,2025-06-18,15094131.53,3773532.88,11320598.65,36,Straight Line
AS0000871353,0,Damoda Drone DMD,PT AIM,Device,Registered Asset,2025-06-18,15094131.53,3773532.88,11320598.65,36,Straight Line
AS0000871354,0,Damoda Drone DMD,PT AIM,Device,Registered Asset,2025-06-18,15094131.53,3773532.88,11320598.65,36,Straight Line
AS0000871355,0,Damoda Drone DMD,PT AIM,Device,Registered Asset,2025-06-18,15094131.53,3773532.88,11320598.65,36,Straight Line
AS0000871356,0,Damoda Drone DMD,PT AIM,Device,Registered Asset,2025-06-18,15094131.53,3773532.88,11320598.65,36,Straight Line
AS0000871357,0,Damoda Drone DMD,PT AIM,Device,Registered Asset,2025-06-18,15094131.53,3773532.88,11320598.65,36,Straight Line
AS0000871358,0,Damoda Drone DMD,PT AIM,Device,Registered Asset,2025-06-18,15094131.53,3773532.88,11320598.65,36,Straight Line
AS0000871359,0,Damoda Drone DMD,PT AIM,Device,Registered Asset,2025-06-18,15094131.53,3773532.88,11320598.65,36,Straight Line
AS0000871360,0,Damoda Drone DMD,PT AIM,Device,Registered Asset,2025-06-18,15094131.53,3773532.88,11320598.65,36,Straight Line
AS0000871361,0,Damoda Drone DMD,PT AIM,Device,Registered Asset,2025-06-18,15094131.53,3773532.88,11320598.65,36,Straight Line
AS0000871362,0,Damoda Drone DMD,PT AIM,Device,Registered Asset,2025-06-18,15094131.53,3773532.88,11320598.65,36,Straight Line
AS0000871363,0,Damoda Drone DMD,PT AIM,Device,Registered Asset,2025-06-18,15094131.53,3773532.88,11320598.65,36,Straight Line
AS0000871364,0,Damoda Drone DMD,PT AIM,Device,Registered Asset,2025-06-18,15094131.53,3773532.88,11320598.65,36,Straight Line
AS0000871365,0,Damoda Drone DMD,PT AIM,Device,Registered Asset,2025-06-18,15094131.53,3773532.88,11320598.65,36,Straight Line
AS0000871366,0,Damoda Drone DMD,PT AIM,Device,Registered Asset,2025-06-18,15094131.53,3773532.88,11320598.65,36,Straight Line
AS0000871367,0,Damoda Drone DMD,PT AIM,Device,Registered Asset,2025-06-18,15094131.53,3773532.88,11320598.65,36,Straight Line
AS0000871368,0,Damoda Drone DMD,PT AIM,Device,Registered Asset,2025-06-18,15094131.53,3773532.88,11320598.65,36,Straight Line
AS0000871369,0,Damoda Drone DMD,PT AIM,Device,Registered Asset,2025-06-18,15094131.53,3773532.88,11320598.65,36,Straight Line
AS0000871370,0,Damoda Drone DMD,PT AIM,Device,Registered Asset,2025-06-18,15094131.53,3773532.88,11320598.65,36,Straight Line
AS0000871371,0,Damoda Drone DMD,PT AIM,Device,Registered Asset,2025-06-18,15094131.53,3773532.88,11320598.65,36,Straight Line
AS0000871372,0,Damoda Drone DMD,PT AIM,Device,Registered Asset,2025-06-18,15094131.53,3773532.88,11320598.65,36,Straight Line
AS0000871373,0,Damoda Drone DMD,PT AIM,Device,Registered Asset,2025-06-18,15094131.53,3773532.88,11320598.65,36,Straight Line
AS0000871374,0,Damoda Drone DMD,PT AIM,Device,Registered Asset,2025-06-18,15094131.53,3773532.88,11320598.65,36,Straight Line
AS0000871375,0,Damoda Drone DMD,PT AIM,Device,Registered Asset,2025-06-18,15094131.53,3773532.88,11320598.65,36,Straight Line
AS0000871376,0,Damoda Drone DMD,PT AIM,Device,Registered Asset,2025-06-18,15094131.53,3773532.88,11320598.65,36,Straight Line
AS0000871377,0,Damoda Drone DMD,PT AIM,Device,Registered Asset,2025-06-18,15094131.53,3773532.88,11320598.65,36,Straight Line
AS0000871378,0,Damoda Drone DMD,PT AIM,Device,Registered Asset,2025-06-18,15094131.53,3773532.88,11320598.65,36,Straight Line
AS0000871379,0,Damoda Drone DMD,PT AIM,Device,Registered Asset,2025-06-18,15094131.53,3773532.88,11320598.65,36,Straight Line
AS0000871380,0,Damoda Drone DMD,PT AIM,Device,Registered Asset,2025-06-18,15094131.53,3773532.88,11320598.65,36,Straight Line
AS0000871381,0,Damoda Drone DMD,PT AIM,Device,Registered Asset,2025-06-18,15094131.53,3773532.88,11320598.65,36,Straight Line
AS0000871382,0,Damoda Drone DMD,PT AIM,Device,Registered Asset,2025-06-18,15094131.53,3773532.88,11320598.65,36,Straight Line
AS0000871383,0,Damoda Drone DMD,PT AIM,Device,Registered Asset,2025-06-18,15094131.53,3773532.88,11320598.65,36,Straight Line
AS0000871384,0,Damoda Drone DMD,PT AIM,Device,Registered Asset,2025-06-18,15094131.53,3773532.88,11320598.65,36,Straight Line
AS0000871385,0,Damoda Drone DMD,PT AIM,Device,Registered Asset,2025-06-18,15094131.53,3773532.88,11320598.65,36,Straight Line
AS0000871386,0,Damoda Drone DMD,PT AIM,Device,Registered Asset,2025-06-18,15094131.53,3773532.88,11320598.65,36,Straight Line
AS0000871387,0,Damoda Drone DMD,PT AIM,Device,Registered Asset,2025-06-18,15094131.53,3773532.88,11320598.65,36,Straight Line
AS0000871388,0,Damoda Drone DMD,PT AIM,Device,Registered Asset,2025-06-18,15094131.53,3773532.88,11320598.65,36,Straight Line
AS0000871389,0,Damoda Drone DMD,PT AIM,Device,Registered Asset,2025-06-18,15094131.53,3773532.88,11320598.65,36,Straight Line
AS0000871390,0,Damoda Drone DMD,PT AIM,Device,Registered Asset,2025-06-18,15094131.53,3773532.88,11320598.65,36,Straight Line
AS0000871391,0,Damoda Drone DMD,PT AIM,Device,Registered Asset,2025-06-18,15094131.53,3773532.88,11320598.65,36,Straight Line
AS0000871392,0,Damoda Drone DMD,PT AIM,Device,Registered Asset,2025-06-18,15094131.53,3773532.88,11320598.65,36,Straight Line
AS0000871393,0,Damoda Drone DMD,PT AIM,Device,Registered Asset,2025-06-18,15094131.53,3773532.88,11320598.65,36,Straight Line
AS0000871394,0,Damoda Drone DMD,PT AIM,Device,Registered Asset,2025-06-18,15094131.53,3773532.88,11320598.65,36,Straight Line
AS0000871395,0,Damoda Drone DMD,PT AIM,Device,Registered Asset,2025-06-18,15094131.53,3773532.88,11320598.65,36,Straight Line
AS0000871396,0,Damoda Drone DMD,PT AIM,Device,Registered Asset,2025-06-18,15094131.53,3773532.88,11320598.65,36,Straight Line
AS0000871397,0,Damoda Drone DMD,PT AIM,Device,Registered Asset,2025-06-18,15094131.53,3773532.88,11320598.65,36,Straight Line
AS0000871398,0,Damoda Drone DMD,PT AIM,Device,Registered Asset,2025-06-18,15094131.53,3773532.88,11320598.65,36,Straight Line
AS0000871399,0,Damoda Drone DMD,PT AIM,Device,Registered Asset,2025-06-18,15094131.53,3773532.88,11320598.65,36,Straight Line
AS0000871400,0,Damoda Drone DMD,PT AIM,Device,Registered Asset,2025-06-18,15094131.53,3773532.88,11320598.65,36,Straight Line
AS0000871401,0,Damoda Drone DMD,PT AIM,Device,Registered Asset,2025-06-18,15094131.53,3773532.88,11320598.65,36,Straight Line
AS0000871402,0,Damoda Drone DMD,PT AIM,Device,Registered Asset,2025-06-18,15094131.53,3773532.88,11320598.65,36,Straight Line
AS0000871403,0,Damoda Drone DMD,PT AIM,Device,Registered Asset,2025-06-18,15094131.53,3773532.88,11320598.65,36,Straight Line
AS0000871404,0,Damoda Drone DMD,PT AIM,Device,Registered Asset,2025-06-18,15094131.53,3773532.88,11320598.65,36,Straight Line
AS0000871405,0,Damoda Drone DMD,PT AIM,Device,Registered Asset,2025-06-18,15094131.53,3773532.88,11320598.65,36,Straight Line
AS0000871406,0,Damoda Drone DMD,PT AIM,Device,Registered Asset,2025-06-18,15094131.53,3773532.88,11320598.65,36,Straight Line
AS0000871407,0,Damoda Drone DMD,PT AIM,Device,Registered Asset,2025-06-18,15094131.53,3773532.88,11320598.65,36,Straight Line
AS0000871408,0,Damoda Drone DMD,PT AIM,Device,Registered Asset,2025-06-18,15094131.53,3773532.88,11320598.65,36,Straight Line
AS0000871409,0,Damoda Drone DMD,PT AIM,Device,Registered Asset,2025-06-18,15094131.53,3773532.88,11320598.65,36,Straight Line
AS0000871410,0,Damoda Drone DMD,PT AIM,Device,Registered Asset,2025-06-18,15094131.53,3773532.88,11320598.65,36,Straight Line
AS0000871411,0,Damoda Drone DMD,PT AIM,Device,Registered Asset,2025-06-18,15094131.53,3773532.88,11320598.65,36,Straight Line
AS0000871412,0,Damoda Drone DMD,PT AIM,Device,Registered Asset,2025-06-18,15094131.53,3773532.88,11320598.65,36,Straight Line
AS0000871413,0,Damoda Drone DMD,PT AIM,Device,Registered Asset,2025-06-18,15094131.53,3773532.88,11320598.65,36,Straight Line
AS0000871414,0,Damoda Drone DMD,PT AIM,Device,Registered Asset,2025-06-18,15094131.53,3773532.88,11320598.65,36,Straight Line
AS0000871415,0,Damoda Drone DMD,PT AIM,Device,Registered Asset,2025-06-18,15094131.53,3773532.88,11320598.65,36,Straight Line
AS0000871416,0,Damoda Drone DMD,PT AIM,Device,Registered Asset,2025-06-18,15094131.53,3773532.88,11320598.65,36,Straight Line
AS0000871417,0,Damoda Drone DMD,PT AIM,Device,Registered Asset,2025-06-18,15094131.53,3773532.88,11320598.65,36,Straight Line
AS0000871418,0,Damoda Drone DMD,PT AIM,Device,Registered Asset,2025-06-18,15094131.53,3773532.88,11320598.65,36,Straight Line
AS0000871419,0,Damoda Drone DMD,PT AIM,Device,Registered Asset,2025-06-18,15094131.53,3773532.88,11320598.65,36,Straight Line
AS0000871420,0,Damoda Drone DMD,PT AIM,Device,Registered Asset,2025-06-18,15094131.53,3773532.88,11320598.65,36,Straight Line
AS0000871421,0,Damoda Drone DMD,PT AIM,Device,Registered Asset,2025-06-18,15094131.53,3773532.88,11320598.65,36,Straight Line
AS0000871422,0,Damoda Drone DMD,PT AIM,Device,Registered Asset,2025-06-18,15094131.53,3773532.88,11320598.65,36,Straight Line
AS0000871423,0,Damoda Drone DMD,PT AIM,Device,Registered Asset,2025-06-18,15094131.53,3773532.88,11320598.65,36,Straight Line
AS0000871424,0,Damoda Drone DMD,PT AIM,Device,Registered Asset,2025-06-18,15094131.53,3773532.88,11320598.65,36,Straight Line
AS0000871425,0,Damoda Drone DMD,PT AIM,Device,Registered Asset,2025-06-18,15094131.53,3773532.88,11320598.65,36,Straight Line
AS0000871426,0,Damoda Drone DMD,PT AIM,Device,Registered Asset,2025-06-18,15094131.53,3773532.88,11320598.65,36,Straight Line
AS0000871427,0,Damoda Drone DMD,PT AIM,Device,Registered Asset,2025-06-18,15094131.53,3773532.88,11320598.65,36,Straight Line
AS0000871428,0,Damoda Drone DMD,PT AIM,Device,Registered Asset,2025-06-18,15094131.53,3773532.88,11320598.65,36,Straight Line
AS0000871429,0,Damoda Drone DMD,PT AIM,Device,Registered Asset,2025-06-18,15094131.53,3773532.88,11320598.65,36,Straight Line
AS0000871430,0,Damoda Drone DMD,PT AIM,Device,Registered Asset,2025-06-18,15094131.53,3773532.88,11320598.65,36,Straight Line
AS0000871431,0,Damoda Drone DMD,PT AIM,Device,Registered Asset,2025-06-18,15094131.53,3773532.88,11320598.65,36,Straight Line
AS0000871432,0,Damoda Drone DMD,PT AIM,Device,Registered Asset,2025-06-18,15094131.53,3773532.88,11320598.65,36,Straight Line
AS0000871433,0,Damoda Drone DMD,PT AIM,Device,Registered Asset,2025-06-18,15094131.53,3773532.88,11320598.65,36,Straight Line
AS0000871434,0,Damoda Drone DMD,PT AIM,Device,Registered Asset,2025-06-18,15094131.53,3773532.88,11320598.65,36,Straight Line
AS0000871435,0,Damoda Drone DMD,PT AIM,Device,Registered Asset,2025-06-18,15094131.53,3773532.88,11320598.65,36,Straight Line
AS0000871436,0,Damoda Drone DMD,PT AIM,Device,Registered Asset,2025-06-18,15094131.53,3773532.88,11320598.65,36,Straight Line
AS0000871437,0,Damoda Drone DMD,PT AIM,Device,Registered Asset,2025-06-18,15094131.53,3773532.88,11320598.65,36,Straight Line
AS0000871438,0,Damoda Drone DMD,PT AIM,Device,Registered Asset,2025-06-18,15094131.53,3773532.88,11320598.65,36,Straight Line
AS0000871439,0,Damoda Drone DMD,PT AIM,Device,Registered Asset,2025-06-18,15094131.53,3773532.88,11320598.65,36,Straight Line
AS0000871440,0,Damoda Drone DMD,PT AIM,Device,Registered Asset,2025-06-18,15094131.53,3773532.88,11320598.65,36,Straight Line
AS0000871441,0,Damoda Drone DMD,PT AIM,Device,Registered Asset,2025-06-18,15094131.53,3773532.88,11320598.65,36,Straight Line
AS0000871442,0,Damoda Drone DMD,PT AIM,Device,Registered Asset,2025-06-18,15094131.53,3773532.88,11320598.65,36,Straight Line
AS0000871443,0,Damoda Drone DMD,PT AIM,Device,Registered Asset,2025-06-18,15094131.53,3773532.88,11320598.65,36,Straight Line
AS0000871444,0,Damoda Drone DMD,PT AIM,Device,Registered Asset,2025-06-18,15094131.53,3773532.88,11320598.65,36,Straight Line
AS0000871445,0,Damoda Drone DMD,PT AIM,Device,Registered Asset,2025-06-18,15094131.53,3773532.88,11320598.65,36,Straight Line
AS0000871446,0,Damoda Drone DMD,PT AIM,Device,Registered Asset,2025-06-18,15094131.53,3773532.88,11320598.65,36,Straight Line
AS0000871447,0,Damoda Drone DMD,PT AIM,Device,Registered Asset,2025-06-18,15094131.53,3773532.88,11320598.65,36,Straight Line
AS0000871448,0,Damoda Drone DMD,PT AIM,Device,Registered Asset,2025-06-18,15094131.53,3773532.88,11320598.65,36,Straight Line
AS0000871449,0,Damoda Drone DMD,PT AIM,Device,Registered Asset,2025-06-18,15094131.53,3773532.88,11320598.65,36,Straight Line
AS0000871450,0,Damoda Drone DMD,PT AIM,Device,Registered Asset,2025-06-18,15094131.53,3773532.88,11320598.65,36,Straight Line
AS0000871451,0,Damoda Drone DMD,PT AIM,Device,Registered Asset,2025-06-18,15094131.53,3773532.88,11320598.65,36,Straight Line
AS0000871452,0,Damoda Drone DMD,PT AIM,Device,Registered Asset,2025-06-18,15094131.53,3773532.88,11320598.65,36,Straight Line
AS0000871453,0,Damoda Drone DMD,PT AIM,Device,Registered Asset,2025-06-18,15094131.53,3773532.88,11320598.65,36,Straight Line
AS0000871454,0,Damoda Drone DMD,PT AIM,Device,Registered Asset,2025-06-18,15094131.53,3773532.88,11320598.65,36,Straight Line
AS0000871455,0,Damoda Drone DMD,PT AIM,Device,Registered Asset,2025-06-18,15094131.53,3773532.88,11320598.65,36,Straight Line
AS0000871456,0,Damoda Drone DMD,PT AIM,Device,Registered Asset,2025-06-18,15094131.53,3773532.88,11320598.65,36,Straight Line
AS0000871457,0,Damoda Drone DMD,PT AIM,Device,Registered Asset,2025-06-18,15094131.53,3773532.88,11320598.65,36,Straight Line
AS0000871458,0,Damoda Drone DMD,PT AIM,Device,Registered Asset,2025-06-18,15094131.53,3773532.88,11320598.65,36,Straight Line
AS0000871459,0,Damoda Drone DMD,PT AIM,Device,Registered Asset,2025-06-18,15094131.53,3773532.88,11320598.65,36,Straight Line
AS0000871460,0,Damoda Drone DMD,PT AIM,Device,Registered Asset,2025-06-18,15094131.53,3773532.88,11320598.65,36,Straight Line
AS0000871461,0,Damoda Drone DMD,PT AIM,Device,Registered Asset,2025-06-18,15094131.53,3773532.88,11320598.65,36,Straight Line
AS0000871462,0,Damoda Drone DMD,PT AIM,Device,Registered Asset,2025-06-18,15094131.53,3773532.88,11320598.65,36,Straight Line
AS0000871463,0,Damoda Drone DMD,PT AIM,Device,Registered Asset,2025-06-18,15094131.53,3773532.88,11320598.65,36,Straight Line
AS0000871464,0,Damoda Drone DMD,PT AIM,Device,Registered Asset,2025-06-18,15094131.53,3773532.88,11320598.65,36,Straight Line
AS0000871465,0,Damoda Drone DMD,PT AIM,Device,Registered Asset,2025-06-18,15094131.53,3773532.88,11320598.65,36,Straight Line
AS0000871466,0,Damoda Drone DMD,PT AIM,Device,Registered Asset,2025-06-18,15094131.53,3773532.88,11320598.65,36,Straight Line
AS0000871467,0,Damoda Drone DMD,PT AIM,Device,Registered Asset,2025-06-18,15094131.53,3773532.88,11320598.65,36,Straight Line
AS0000871468,0,Damoda Drone DMD,PT AIM,Device,Registered Asset,2025-06-18,15094131.53,3773532.88,11320598.65,36,Straight Line
AS0000871469,0,Damoda Drone DMD,PT AIM,Device,Registered Asset,2025-06-18,15094131.53,3773532.88,11320598.65,36,Straight Line
AS0000871470,0,Damoda Drone DMD,PT AIM,Device,Registered Asset,2025-06-18,15094131.53,3773532.88,11320598.65,36,Straight Line
AS0000871471,0,Damoda Drone DMD,PT AIM,Device,Registered Asset,2025-06-18,15094131.53,3773532.88,11320598.65,36,Straight Line
AS0000871472,0,Damoda Drone DMD,PT AIM,Device,Registered Asset,2025-06-18,15094131.53,3773532.88,11320598.65,36,Straight Line
AS0000871473,0,Damoda Drone DMD,PT AIM,Device,Registered Asset,2025-06-18,15094131.53,3773532.88,11320598.65,36,Straight Line
AS0000871474,0,Damoda Drone DMD,PT AIM,Device,Registered Asset,2025-06-18,15094131.53,3773532.88,11320598.65,36,Straight Line
AS0000871475,0,Damoda Drone DMD,PT AIM,Device,Registered Asset,2025-06-18,15094131.53,3773532.88,11320598.65,36,Straight Line
AS0000871476,0,Damoda Drone DMD,PT AIM,Device,Registered Asset,2025-06-18,15094131.53,3773532.88,11320598.65,36,Straight Line
AS0000871477,0,Damoda Drone DMD,PT AIM,Device,Registered Asset,2025-06-18,15094131.53,3773532.88,11320598.65,36,Straight Line
AS0000871478,0,Damoda Drone DMD,PT AIM,Device,Registered Asset,2025-06-18,15094131.53,3773532.88,11320598.65,36,Straight Line
AS0000871479,0,Damoda Drone DMD,PT AIM,Device,Registered Asset,2025-06-18,15094131.53,3773532.88,11320598.65,36,Straight Line
AS0000871480,0,Damoda Drone DMD,PT AIM,Device,Registered Asset,2025-06-18,15094131.53,3773532.88,11320598.65,36,Straight Line
AS0000871481,0,Damoda Drone DMD,PT AIM,Device,Registered Asset,2025-06-18,15094131.53,3773532.88,11320598.65,36,Straight Line
AS0000871482,0,Damoda Drone DMD,PT AIM,Device,Registered Asset,2025-06-18,15094131.53,3773532.88,11320598.65,36,Straight Line
AS0000871483,0,Damoda Drone DMD,PT AIM,Device,Registered Asset,2025-06-18,15094131.53,3773532.88,11320598.65,36,Straight Line
AS0000871484,0,Damoda Drone DMD,PT AIM,Device,Registered Asset,2025-06-18,15094131.53,3773532.88,11320598.65,36,Straight Line
AS0000871485,0,Damoda Drone DMD,PT AIM,Device,Registered Asset,2025-06-18,15094131.53,3773532.88,11320598.65,36,Straight Line
AS0000871486,0,Damoda Drone DMD,PT AIM,Device,Registered Asset,2025-06-18,15094131.53,3773532.88,11320598.65,36,Straight Line
AS0000871487,0,Damoda Drone DMD,PT AIM,Device,Registered Asset,2025-06-18,15094131.53,3773532.88,11320598.65,36,Straight Line
AS0000871488,0,Damoda Drone DMD,PT AIM,Device,Registered Asset,2025-06-18,15094131.53,3773532.88,11320598.65,36,Straight Line
AS0000871489,0,Damoda Drone DMD,PT AIM,Device,Registered Asset,2025-06-18,15094131.53,3773532.88,11320598.65,36,Straight Line
AS0000871490,0,Damoda Drone DMD,PT AIM,Device,Registered Asset,2025-06-18,15094131.53,3773532.88,11320598.65,36,Straight Line
AS0000871491,0,Damoda Drone DMD,PT AIM,Device,Registered Asset,2025-06-18,15094131.53,3773532.88,11320598.65,36,Straight Line
AS0000871492,0,Damoda Drone DMD,PT AIM,Device,Registered Asset,2025-06-18,15094131.53,3773532.88,11320598.65,36,Straight Line
AS0000871493,0,Damoda Drone DMD,PT AIM,Device,Registered Asset,2025-06-18,15094131.53,3773532.88,11320598.65,36,Straight Line
AS0000871494,0,Damoda Drone DMD,PT AIM,Device,Registered Asset,2025-06-18,15094131.53,3773532.88,11320598.65,36,Straight Line
AS0000871495,0,Damoda Drone DMD,PT AIM,Device,Registered Asset,2025-06-18,15094131.53,3773532.88,11320598.65,36,Straight Line
AS0000871496,0,Damoda Drone DMD,PT AIM,Device,Registered Asset,2025-06-18,15094131.53,3773532.88,11320598.65,36,Straight Line
AS0000871497,0,Damoda Drone DMD,PT AIM,Device,Registered Asset,2025-06-18,15094131.53,3773532.88,11320598.65,36,Straight Line
AS0000871498,0,Damoda Drone DMD,PT AIM,Device,Registered Asset,2025-06-18,15094131.53,3773532.88,11320598.65,36,Straight Line
AS0000871499,0,Damoda Drone DMD,PT AIM,Device,Registered Asset,2025-06-18,15094131.53,3773532.88,11320598.65,36,Straight Line
AS0000871500,0,Damoda Drone DMD,PT AIM,Device,Registered Asset,2025-06-18,15094131.53,3773532.88,11320598.65,36,Straight Line
AS0000871501,0,Damoda Drone DMD,PT AIM,Device,Registered Asset,2025-06-18,15094131.53,3773532.88,11320598.65,36,Straight Line
AS0000871502,0,Damoda Drone DMD,PT AIM,Device,Registered Asset,2025-06-18,15094131.53,3773532.88,11320598.65,36,Straight Line
AS0000871503,0,Damoda Drone DMD,PT AIM,Device,Registered Asset,2025-06-18,15094131.53,3773532.88,11320598.65,36,Straight Line
AS0000871504,0,Damoda Drone DMD,PT AIM,Device,Registered Asset,2025-06-18,15094131.53,3773532.88,11320598.65,36,Straight Line
AS0000871505,0,Damoda Drone DMD,PT AIM,Device,Registered Asset,2025-06-18,15094131.53,3773532.88,11320598.65,36,Straight Line
AS0000871506,0,Damoda Drone DMD,PT AIM,Device,Registered Asset,2025-06-18,15094131.53,3773532.88,11320598.65,36,Straight Line
AS0000871507,0,Damoda Drone DMD,PT AIM,Device,Registered Asset,2025-06-18,15094131.53,3773532.88,11320598.65,36,Straight Line
AS0000871508,0,Damoda Drone DMD,PT AIM,Device,Registered Asset,2025-06-18,15094131.53,3773532.88,11320598.65,36,Straight Line
AS0000871509,0,Damoda Drone DMD,PT AIM,Device,Registered Asset,2025-06-18,15094131.53,3773532.88,11320598.65,36,Straight Line
AS0000871510,0,Damoda Drone DMD,PT AIM,Device,Registered Asset,2025-06-18,15094131.53,3773532.88,11320598.65,36,Straight Line
AS0000871511,0,Damoda Drone DMD,PT AIM,Device,Registered Asset,2025-06-18,15094131.53,3773532.88,11320598.65,36,Straight Line
AS0000871512,0,Damoda Drone DMD,PT AIM,Device,Registered Asset,2025-06-18,15094131.53,3773532.88,11320598.65,36,Straight Line
AS0000871513,0,Damoda Drone DMD,PT AIM,Device,Registered Asset,2025-06-18,15094131.53,3773532.88,11320598.65,36,Straight Line
AS0000871514,0,Damoda Drone DMD,PT AIM,Device,Registered Asset,2025-06-18,15094131.53,3773532.88,11320598.65,36,Straight Line
AS0000871515,0,Damoda Drone DMD,PT AIM,Device,Registered Asset,2025-06-18,15094131.53,3773532.88,11320598.65,36,Straight Line
AS0000871516,0,Damoda Drone DMD,PT AIM,Device,Registered Asset,2025-06-18,15094131.53,3773532.88,11320598.65,36,Straight Line
AS0000871517,0,Damoda Drone DMD,PT AIM,Device,Registered Asset,2025-06-18,15094131.53,3773532.88,11320598.65,36,Straight Line
AS0000871518,0,Damoda Drone DMD,PT AIM,Device,Registered Asset,2025-06-18,15094131.53,3773532.88,11320598.65,36,Straight Line
AS0000871519,0,Damoda Drone DMD,PT AIM,Device,Registered Asset,2025-06-18,15094131.53,3773532.88,11320598.65,36,Straight Line
AS0000871520,0,Damoda Drone DMD,PT AIM,Device,Registered Asset,2025-06-18,15094131.53,3773532.88,11320598.65,36,Straight Line
AS0000871521,0,Damoda Drone DMD,PT AIM,Device,Registered Asset,2025-06-18,15094131.53,3773532.88,11320598.65,36,Straight Line
AS0000871522,0,Damoda Drone DMD,PT AIM,Device,Registered Asset,2025-06-18,15094131.53,3773532.88,11320598.65,36,Straight Line
AS0000871523,0,Damoda Drone DMD,PT AIM,Device,Registered Asset,2025-06-18,15094131.53,3773532.88,11320598.65,36,Straight Line
AS0000871524,0,Damoda Drone DMD,PT AIM,Device,Registered Asset,2025-06-18,15094131.53,3773532.88,11320598.65,36,Straight Line
AS0000871525,0,Damoda Drone DMD,PT AIM,Device,Registered Asset,2025-06-18,15094131.53,3773532.88,11320598.65,36,Straight Line
AS0000871526,0,Damoda Drone DMD,PT AIM,Device,Registered Asset,2025-06-18,15094131.53,3773532.88,11320598.65,36,Straight Line
AS0000871527,0,Damoda Drone DMD,PT AIM,Device,Registered Asset,2025-06-18,15094131.53,3773532.88,11320598.65,36,Straight Line
AS0000871528,0,Damoda Drone DMD,PT AIM,Device,Registered Asset,2025-06-18,15094131.53,3773532.88,11320598.65,36,Straight Line
AS0000871529,0,Damoda Drone DMD,PT AIM,Device,Registered Asset,2025-06-18,15094131.53,3773532.88,11320598.65,36,Straight Line
AS0000871530,0,Damoda Drone DMD,PT AIM,Device,Registered Asset,2025-06-18,15094131.53,3773532.88,11320598.65,36,Straight Line
AS0000871531,0,Damoda Drone DMD,PT AIM,Device,Registered Asset,2025-06-18,15094131.53,3773532.88,11320598.65,36,Straight Line
AS0000871532,0,Damoda Drone DMD,PT AIM,Device,Registered Asset,2025-06-18,15094131.53,3773532.88,11320598.65,36,Straight Line
AS0000871533,0,Damoda Drone DMD,PT AIM,Device,Registered Asset,2025-06-18,15094131.53,3773532.88,11320598.65,36,Straight Line
AS0000871534,0,Damoda Drone DMD,PT AIM,Device,Registered Asset,2025-06-18,15094131.53,3773532.88,11320598.65,36,Straight Line
AS0000871535,0,Damoda Drone DMD,PT AIM,Device,Registered Asset,2025-06-18,15094131.53,3773532.88,11320598.65,36,Straight Line
AS0000871536,0,Damoda Drone DMD,PT AIM,Device,Registered Asset,2025-06-18,15094131.53,3773532.88,11320598.65,36,Straight Line
AS0000871537,0,Damoda Drone DMD,PT AIM,Device,Registered Asset,2025-06-18,15094131.53,3773532.88,11320598.65,36,Straight Line
AS0000871538,0,Damoda Drone DMD,PT AIM,Device,Registered Asset,2025-06-18,15094131.53,3773532.88,11320598.65,36,Straight Line
AS0000871539,0,Damoda Drone DMD,PT AIM,Device,Registered Asset,2025-06-18,15094131.53,3773532.88,11320598.65,36,Straight Line
AS0000871540,0,Damoda Drone DMD,PT AIM,Device,Registered Asset,2025-06-18,15094131.53,3773532.88,11320598.65,36,Straight Line
AS0000871541,0,Damoda Drone DMD,PT AIM,Device,Registered Asset,2025-06-18,15094131.53,3773532.88,11320598.65,36,Straight Line
AS0000871542,0,Damoda Drone DMD,PT AIM,Device,Registered Asset,2025-06-18,15094131.53,3773532.88,11320598.65,36,Straight Line
AS0000871543,0,Damoda Drone DMD,PT AIM,Device,Registered Asset,2025-06-18,15094131.53,3773532.88,11320598.65,36,Straight Line
AS0000871544,0,Damoda Drone DMD,PT AIM,Device,Registered Asset,2025-06-18,15094131.53,3773532.88,11320598.65,36,Straight Line
AS0000871545,0,Damoda Drone DMD,PT AIM,Device,Registered Asset,2025-06-18,15094131.53,3773532.88,11320598.65,36,Straight Line
AS0000871546,0,Damoda Drone DMD,PT AIM,Device,Registered Asset,2025-06-18,15094131.53,3773532.88,11320598.65,36,Straight Line
AS0000871547,0,Damoda Drone DMD,PT AIM,Device,Registered Asset,2025-06-18,15094131.53,3773532.88,11320598.65,36,Straight Line
AS0000871548,0,Damoda Drone DMD,PT AIM,Device,Registered Asset,2025-06-18,15094131.53,3773532.88,11320598.65,36,Straight Line
AS0000871549,0,Damoda Drone DMD,PT AIM,Device,Registered Asset,2025-06-18,15094131.53,3773532.88,11320598.65,36,Straight Line
AS0000871550,0,Damoda Drone DMD,PT AIM,Device,Registered Asset,2025-06-18,15094131.53,3773532.88,11320598.65,36,Straight Line
AS0000871551,0,Damoda Drone DMD,PT AIM,Device,Registered Asset,2025-06-18,15094131.53,3773532.88,11320598.65,36,Straight Line
AS0000871552,0,Damoda Drone DMD,PT AIM,Device,Registered Asset,2025-06-18,15094131.53,3773532.88,11320598.65,36,Straight Line
AS0000871553,0,Damoda Drone DMD,PT AIM,Device,Registered Asset,2025-06-18,15094131.53,3773532.88,11320598.65,36,Straight Line
AS0000871554,0,Damoda Drone DMD,PT AIM,Device,Registered Asset,2025-06-18,15094131.53,3773532.88,11320598.65,36,Straight Line
AS0000871555,0,Damoda Drone DMD,PT AIM,Device,Registered Asset,2025-06-18,15094131.53,3773532.88,11320598.65,36,Straight Line
AS0000871556,0,Damoda Drone DMD,PT AIM,Device,Registered Asset,2025-06-18,15094131.53,3773532.88,11320598.65,36,Straight Line
AS0000871557,0,Damoda Drone DMD,PT AIM,Device,Registered Asset,2025-06-18,15094131.53,3773532.88,11320598.65,36,Straight Line
AS0000871558,0,Damoda Drone DMD,PT AIM,Device,Registered Asset,2025-06-18,15094131.53,3773532.88,11320598.65,36,Straight Line
AS0000871559,0,Damoda Drone DMD,PT AIM,Device,Registered Asset,2025-06-18,15094131.53,3773532.88,11320598.65,36,Straight Line
AS0000871560,0,Damoda Drone DMD,PT AIM,Device,Registered Asset,2025-06-18,15094131.53,3773532.88,11320598.65,36,Straight Line
AS0000871561,0,Damoda Drone DMD,PT AIM,Device,Registered Asset,2025-06-18,15094131.53,3773532.88,11320598.65,36,Straight Line
AS0000871562,0,Damoda Drone DMD,PT AIM,Device,Registered Asset,2025-06-18,15094131.53,3773532.88,11320598.65,36,Straight Line
AS0000871563,0,Damoda Drone DMD,PT AIM,Device,Registered Asset,2025-06-18,15094131.53,3773532.88,11320598.65,36,Straight Line
AS0000871564,0,Damoda Drone DMD,PT AIM,Device,Registered Asset,2025-06-18,15094131.53,3773532.88,11320598.65,36,Straight Line
AS0000871565,0,Damoda Drone DMD,PT AIM,Device,Registered Asset,2025-06-18,15094131.53,3773532.88,11320598.65,36,Straight Line
AS0000871566,0,Damoda Drone DMD,PT AIM,Device,Registered Asset,2025-06-18,15094131.53,3773532.88,11320598.65,36,Straight Line
AS0000871567,0,Damoda Drone DMD,PT AIM,Device,Registered Asset,2025-06-18,15094131.53,3773532.88,11320598.65,36,Straight Line
AS0000871568,0,Damoda Drone DMD,PT AIM,Device,Registered Asset,2025-06-18,15094131.53,3773532.88,11320598.65,36,Straight Line
AS0000871569,0,Damoda Drone DMD,PT AIM,Device,Registered Asset,2025-06-18,15094131.53,3773532.88,11320598.65,36,Straight Line
AS0000871570,0,Damoda Drone DMD,PT AIM,Device,Registered Asset,2025-06-18,15094131.53,3773532.88,11320598.65,36,Straight Line
AS0000871571,0,Damoda Drone DMD,PT AIM,Device,Registered Asset,2025-06-18,15094131.53,3773532.88,11320598.65,36,Straight Line
AS0000871572,0,Damoda Drone DMD,PT AIM,Device,Registered Asset,2025-06-18,15094131.53,3773532.88,11320598.65,36,Straight Line
AS0000871573,0,Damoda Drone DMD,PT AIM,Device,Registered Asset,2025-06-18,15094131.53,3773532.88,11320598.65,36,Straight Line
AS0000871574,0,Damoda Drone DMD,PT AIM,Device,Registered Asset,2025-06-18,15094131.53,3773532.88,11320598.65,36,Straight Line
AS0000871575,0,Damoda Drone DMD,PT AIM,Device,Registered Asset,2025-06-18,15094131.53,3773532.88,11320598.65,36,Straight Line
AS0000871576,0,Damoda Drone DMD,PT AIM,Device,Registered Asset,2025-06-18,15094131.53,3773532.88,11320598.65,36,Straight Line
AS0000871577,0,Damoda Drone DMD,PT AIM,Device,Registered Asset,2025-06-18,15094131.53,3773532.88,11320598.65,36,Straight Line
AS0000871578,0,Damoda Drone DMD,PT AIM,Device,Registered Asset,2025-06-18,15094131.53,3773532.88,11320598.65,36,Straight Line
AS0000871579,0,Damoda Drone DMD,PT AIM,Device,Registered Asset,2025-06-18,15094131.53,3773532.88,11320598.65,36,Straight Line
AS0000871580,0,Damoda Drone DMD,PT AIM,Device,Registered Asset,2025-06-18,15094131.53,3773532.88,11320598.65,36,Straight Line
AS0000871581,0,Damoda Drone DMD,PT AIM,Device,Registered Asset,2025-06-18,15094131.53,3773532.88,11320598.65,36,Straight Line
AS0000871582,0,Damoda Drone DMD,PT AIM,Device,Registered Asset,2025-06-18,15094131.53,3773532.88,11320598.65,36,Straight Line
AS0000871583,0,Damoda Drone DMD,PT AIM,Device,Registered Asset,2025-06-18,15094131.53,3773532.88,11320598.65,36,Straight Line
AS0000871584,0,Damoda Drone DMD,PT AIM,Device,Registered Asset,2025-06-18,15094131.53,3773532.88,11320598.65,36,Straight Line
AS0000871585,0,Damoda Drone DMD,PT AIM,Device,Registered Asset,2025-06-18,15094131.53,3773532.88,11320598.65,36,Straight Line
AS0000871586,0,Damoda Drone DMD,PT AIM,Device,Registered Asset,2025-06-18,15094131.53,3773532.88,11320598.65,36,Straight Line
AS0000871587,0,Damoda Drone DMD,PT AIM,Device,Registered Asset,2025-06-18,15094131.53,3773532.88,11320598.65,36,Straight Line
AS0000871588,0,Damoda Drone DMD,PT AIM,Device,Registered Asset,2025-06-18,15094131.53,3773532.88,11320598.65,36,Straight Line
AS0000871589,0,Damoda Drone DMD,PT AIM,Device,Registered Asset,2025-06-18,15094131.53,3773532.88,11320598.65,36,Straight Line
AS0000871590,0,Damoda Drone DMD,PT AIM,Device,Registered Asset,2025-06-18,15094131.53,3773532.88,11320598.65,36,Straight Line
AS0000871591,0,Damoda Drone DMD,PT AIM,Device,Registered Asset,2025-06-18,15094131.53,3773532.88,11320598.65,36,Straight Line
AS0000871592,0,Damoda Drone DMD,PT AIM,Device,Registered Asset,2025-06-18,15094131.53,3773532.88,11320598.65,36,Straight Line
AS0000871593,0,Damoda Drone DMD,PT AIM,Device,Registered Asset,2025-06-18,15094131.53,3773532.88,11320598.65,36,Straight Line
AS0000871594,0,Damoda Drone DMD,PT AIM,Device,Registered Asset,2025-06-18,15094131.53,3773532.88,11320598.65,36,Straight Line
AS0000871595,0,Damoda Drone DMD,PT AIM,Device,Registered Asset,2025-06-18,15094131.53,3773532.88,11320598.65,36,Straight Line
AS0000871596,0,Damoda Drone DMD,PT AIM,Device,Registered Asset,2025-06-18,15094131.53,3773532.88,11320598.65,36,Straight Line
AS0000871597,0,Damoda Drone DMD,PT AIM,Device,Registered Asset,2025-06-18,15094131.53,3773532.88,11320598.65,36,Straight Line
AS0000871598,0,Damoda Drone DMD,PT AIM,Device,Registered Asset,2025-06-18,15094131.53,3773532.88,11320598.65,36,Straight Line
AS0000871599,0,Damoda Drone DMD,PT AIM,Device,Registered Asset,2025-06-18,15094131.53,3773532.88,11320598.65,36,Straight Line
AS0000871600,0,Damoda Drone DMD,PT AIM,Device,Registered Asset,2025-06-18,15094131.53,3773532.88,11320598.65,36,Straight Line
AS0000871601,0,Damoda Drone DMD,PT AIM,Device,Registered Asset,2025-06-18,15094131.53,3773532.88,11320598.65,36,Straight Line
AS0000871602,0,Damoda Drone DMD,PT AIM,Device,Registered Asset,2025-06-18,15094131.53,3773532.88,11320598.65,36,Straight Line
AS0000871603,0,Damoda Drone DMD,PT AIM,Device,Registered Asset,2025-06-18,15094131.53,3773532.88,11320598.65,36,Straight Line
AS0000871604,0,Damoda Drone DMD,PT AIM,Device,Registered Asset,2025-06-18,15094131.53,3773532.88,11320598.65,36,Straight Line
AS0000871605,0,Damoda Drone DMD,PT AIM,Device,Registered Asset,2025-06-18,15094131.53,3773532.88,11320598.65,36,Straight Line
AS0000871606,0,Damoda Drone DMD,PT AIM,Device,Registered Asset,2025-06-18,15094131.53,3773532.88,11320598.65,36,Straight Line
AS0000871607,0,Damoda Drone DMD,PT AIM,Device,Registered Asset,2025-06-18,15094131.53,3773532.88,11320598.65,36,Straight Line
AS0000871608,0,Damoda Drone DMD,PT AIM,Device,Registered Asset,2025-06-18,15094131.53,3773532.88,11320598.65,36,Straight Line
AS0000871609,0,Damoda Drone DMD,PT AIM,Device,Registered Asset,2025-06-18,15094131.53,3773532.88,11320598.65,36,Straight Line
AS0000871610,0,Damoda Drone DMD,PT AIM,Device,Registered Asset,2025-06-18,15094131.53,3773532.88,11320598.65,36,Straight Line
AS0000871611,0,Damoda Drone DMD,PT AIM,Device,Registered Asset,2025-06-18,15094131.53,3773532.88,11320598.65,36,Straight Line
AS0000871612,0,Damoda Drone DMD,PT AIM,Device,Registered Asset,2025-06-18,15094131.53,3773532.88,11320598.65,36,Straight Line
AS0000871613,0,Damoda Drone DMD,PT AIM,Device,Registered Asset,2025-06-18,15094131.53,3773532.88,11320598.65,36,Straight Line
AS0000871614,0,Damoda Drone DMD,PT AIM,Device,Registered Asset,2025-06-18,15094131.53,3773532.88,11320598.65,36,Straight Line
AS0000871615,0,Damoda Drone DMD,PT AIM,Device,Registered Asset,2025-06-18,15094131.53,3773532.88,11320598.65,36,Straight Line
AS0000871616,0,Damoda Drone DMD,PT AIM,Device,Registered Asset,2025-06-18,15094131.53,3773532.88,11320598.65,36,Straight Line
AS0000871617,0,Damoda Drone DMD,PT AIM,Device,Registered Asset,2025-06-18,15094131.53,3773532.88,11320598.65,36,Straight Line
AS0000871618,0,Damoda Drone DMD,PT AIM,Device,Registered Asset,2025-06-18,15094131.53,3773532.88,11320598.65,36,Straight Line
AS0000871619,0,Damoda Drone DMD,PT AIM,Device,Registered Asset,2025-06-18,15094131.53,3773532.88,11320598.65,36,Straight Line
AS0000871620,0,Damoda Drone DMD,PT AIM,Device,Registered Asset,2025-06-18,15094131.53,3773532.88,11320598.65,36,Straight Line
AS0000871621,0,Damoda Drone DMD,PT AIM,Device,Registered Asset,2025-06-18,15094131.53,3773532.88,11320598.65,36,Straight Line
AS0000871622,0,Damoda Drone DMD,PT AIM,Device,Registered Asset,2025-06-18,15094131.53,3773532.88,11320598.65,36,Straight Line
AS0000871623,0,Damoda Drone DMD,PT AIM,Device,Registered Asset,2025-06-18,15094131.53,3773532.88,11320598.65,36,Straight Line
AS0000871624,0,Damoda Drone DMD,PT AIM,Device,Registered Asset,2025-06-18,15094131.53,3773532.88,11320598.65,36,Straight Line
AS0000871625,0,Damoda Drone DMD,PT AIM,Device,Registered Asset,2025-06-18,15094131.53,3773532.88,11320598.65,36,Straight Line
AS0000871626,0,Damoda Drone DMD,PT AIM,Device,Registered Asset,2025-06-18,15094131.53,3773532.88,11320598.65,36,Straight Line
AS0000871627,0,Damoda Drone DMD,PT AIM,Device,Registered Asset,2025-06-18,15094131.53,3773532.88,11320598.65,36,Straight Line
AS0000871628,0,Damoda Drone DMD,PT AIM,Device,Registered Asset,2025-06-18,15094131.53,3773532.88,11320598.65,36,Straight Line
AS0000871629,0,Damoda Drone DMD,PT AIM,Device,Registered Asset,2025-06-18,15094131.53,3773532.88,11320598.65,36,Straight Line
AS0000871630,0,Damoda Drone DMD,PT AIM,Device,Registered Asset,2025-06-18,15094131.53,3773532.88,11320598.65,36,Straight Line
AS0000871631,0,Damoda Drone DMD,PT AIM,Device,Registered Asset,2025-06-18,15094131.53,3773532.88,11320598.65,36,Straight Line
AS0000871632,0,Damoda Drone DMD,PT AIM,Device,Registered Asset,2025-06-18,15094131.53,3773532.88,11320598.65,36,Straight Line
AS0000871633,0,Damoda Drone DMD,PT AIM,Device,Registered Asset,2025-06-18,15094131.53,3773532.88,11320598.65,36,Straight Line
AS0000871634,0,Damoda Drone DMD,PT AIM,Device,Registered Asset,2025-06-18,15094131.53,3773532.88,11320598.65,36,Straight Line
AS0000871635,0,Damoda Drone DMD,PT AIM,Device,Registered Asset,2025-06-18,15094131.53,3773532.88,11320598.65,36,Straight Line
AS0000871636,0,Damoda Drone DMD,PT AIM,Device,Registered Asset,2025-06-18,15094131.53,3773532.88,11320598.65,36,Straight Line
AS0000871637,0,Damoda Drone DMD,PT AIM,Device,Registered Asset,2025-06-18,15094131.53,3773532.88,11320598.65,36,Straight Line
AS0000871638,0,Damoda Drone DMD,PT AIM,Device,Registered Asset,2025-06-18,15094131.53,3773532.88,11320598.65,36,Straight Line
AS0000871639,0,Damoda Drone DMD,PT AIM,Device,Registered Asset,2025-06-18,15094131.53,3773532.88,11320598.65,36,Straight Line
AS0000871640,0,Damoda Drone DMD,PT AIM,Device,Registered Asset,2025-06-18,15094131.53,3773532.88,11320598.65,36,Straight Line
AS0000871641,0,Damoda Drone DMD,PT AIM,Device,Registered Asset,2025-06-18,15094131.53,3773532.88,11320598.65,36,Straight Line
AS0000871642,0,Damoda Drone DMD,PT AIM,Device,Registered Asset,2025-06-18,15094131.53,3773532.88,11320598.65,36,Straight Line
AS0000871643,0,Damoda Drone DMD,PT AIM,Device,Registered Asset,2025-06-18,15094131.53,3773532.88,11320598.65,36,Straight Line
AS0000871644,0,Damoda Drone DMD,PT AIM,Device,Registered Asset,2025-06-18,15094131.53,3773532.88,11320598.65,36,Straight Line
AS0000871645,0,Damoda Drone DMD,PT AIM,Device,Registered Asset,2025-06-18,15094131.53,3773532.88,11320598.65,36,Straight Line
AS0000871646,0,Damoda Drone DMD,PT AIM,Device,Registered Asset,2025-06-18,15094131.53,3773532.88,11320598.65,36,Straight Line
AS0000871647,0,Damoda Drone DMD,PT AIM,Device,Registered Asset,2025-06-18,15094131.53,3773532.88,11320598.65,36,Straight Line
AS0000871648,0,Damoda Drone DMD,PT AIM,Device,Registered Asset,2025-06-18,15094131.53,3773532.88,11320598.65,36,Straight Line
AS0000871649,0,Damoda Drone DMD,PT AIM,Device,Registered Asset,2025-06-18,15094131.53,3773532.88,11320598.65,36,Straight Line
AS0000871650,0,Damoda Drone DMD,PT AIM,Device,Registered Asset,2025-06-18,15094131.53,3773532.88,11320598.65,36,Straight Line
AS0000871651,0,Damoda Drone DMD,PT AIM,Device,Registered Asset,2025-06-18,15094131.53,3773532.88,11320598.65,36,Straight Line
AS0000871652,0,Damoda Drone DMD,PT AIM,Device,Registered Asset,2025-06-18,15094131.53,3773532.88,11320598.65,36,Straight Line
AS0000871653,0,Damoda Drone DMD,PT AIM,Device,Registered Asset,2025-06-18,15094131.53,3773532.88,11320598.65,36,Straight Line
AS0000871654,0,Damoda Drone DMD,PT AIM,Device,Registered Asset,2025-06-18,15094131.53,3773532.88,11320598.65,36,Straight Line
AS0000871655,0,Damoda Drone DMD,PT AIM,Device,Registered Asset,2025-06-18,15094131.53,3773532.88,11320598.65,36,Straight Line
AS0000871656,0,Damoda Drone DMD,PT AIM,Device,Registered Asset,2025-06-18,15094131.53,3773532.88,11320598.65,36,Straight Line
AS0000871657,0,Damoda Drone DMD,PT AIM,Device,Registered Asset,2025-06-18,15094131.53,3773532.88,11320598.65,36,Straight Line
AS0000871658,0,Damoda Drone DMD,PT AIM,Device,Registered Asset,2025-06-18,15094131.53,3773532.88,11320598.65,36,Straight Line
AS0000871659,0,Damoda Drone DMD,PT AIM,Device,Registered Asset,2025-06-18,15094131.53,3773532.88,11320598.65,36,Straight Line
AS0000871660,0,Damoda Drone DMD,PT AIM,Device,Registered Asset,2025-06-18,15094131.53,3773532.88,11320598.65,36,Straight Line
AS0000871661,0,Damoda Drone DMD,PT AIM,Device,Registered Asset,2025-06-18,15094131.53,3773532.88,11320598.65,36,Straight Line
AS0000871662,0,Damoda Drone DMD,PT AIM,Device,Registered Asset,2025-06-18,15094131.53,3773532.88,11320598.65,36,Straight Line
AS0000871663,0,Damoda Drone DMD,PT AIM,Device,Registered Asset,2025-06-18,15094131.53,3773532.88,11320598.65,36,Straight Line
AS0000871664,0,Damoda Drone DMD,PT AIM,Device,Registered Asset,2025-06-18,15094131.53,3773532.88,11320598.65,36,Straight Line
AS0000871665,0,Damoda Drone DMD,PT AIM,Device,Registered Asset,2025-06-18,15094131.53,3773532.88,11320598.65,36,Straight Line
AS0000871666,0,Damoda Drone DMD,PT AIM,Device,Registered Asset,2025-06-18,15094131.53,3773532.88,11320598.65,36,Straight Line
AS0000871667,0,Damoda Drone DMD,PT AIM,Device,Registered Asset,2025-06-18,15094131.53,3773532.88,11320598.65,36,Straight Line
AS0000871668,0,Damoda Drone DMD,PT AIM,Device,Registered Asset,2025-06-18,15094131.53,3773532.88,11320598.65,36,Straight Line
AS0000871669,0,Damoda Drone DMD,PT AIM,Device,Registered Asset,2025-06-18,15094131.53,3773532.88,11320598.65,36,Straight Line
AS0000871670,0,Damoda Drone DMD,PT AIM,Device,Registered Asset,2025-06-18,15094131.53,3773532.88,11320598.65,36,Straight Line
AS0000871671,0,Damoda Drone DMD,PT AIM,Device,Registered Asset,2025-06-18,15094131.53,3773532.88,11320598.65,36,Straight Line
AS0000871672,0,Damoda Drone DMD,PT AIM,Device,Registered Asset,2025-06-18,15094131.53,3773532.88,11320598.65,36,Straight Line
AS0000871673,0,Damoda Drone DMD,PT AIM,Device,Registered Asset,2025-06-18,15094131.53,3773532.88,11320598.65,36,Straight Line
AS0000871674,0,Damoda Drone DMD,PT AIM,Device,Registered Asset,2025-06-18,15094131.53,3773532.88,11320598.65,36,Straight Line
AS0000871675,0,Damoda Drone DMD,PT AIM,Device,Registered Asset,2025-06-18,15094131.53,3773532.88,11320598.65,36,Straight Line
AS0000871676,0,Damoda Drone DMD,PT AIM,Device,Registered Asset,2025-06-18,15094131.53,3773532.88,11320598.65,36,Straight Line
AS0000871677,0,Damoda Drone DMD,PT AIM,Device,Registered Asset,2025-06-18,15094131.53,3773532.88,11320598.65,36,Straight Line
AS0000871678,0,Damoda Drone DMD,PT AIM,Device,Registered Asset,2025-06-18,15094131.53,3773532.88,11320598.65,36,Straight Line
AS0000871679,0,Damoda Drone DMD,PT AIM,Device,Registered Asset,2025-06-18,15094131.53,3773532.88,11320598.65,36,Straight Line
AS0000871680,0,Damoda Drone DMD,PT AIM,Device,Registered Asset,2025-06-18,15094131.53,3773532.88,11320598.65,36,Straight Line
AS0000871681,0,Damoda Drone DMD,PT AIM,Device,Registered Asset,2025-06-18,15094131.53,3773532.88,11320598.65,36,Straight Line
AS0000871682,0,Damoda Drone DMD,PT AIM,Device,Registered Asset,2025-06-18,15094131.53,3773532.88,11320598.65,36,Straight Line
AS0000871683,0,Damoda Drone DMD,PT AIM,Device,Registered Asset,2025-06-18,15094131.53,3773532.88,11320598.65,36,Straight Line
AS0000871684,0,Damoda Drone DMD,PT AIM,Device,Registered Asset,2025-06-18,15094131.53,3773532.88,11320598.65,36,Straight Line
AS0000871685,0,Damoda Drone DMD,PT AIM,Device,Registered Asset,2025-06-18,15094131.53,3773532.88,11320598.65,36,Straight Line
AS0000871686,0,Damoda Drone DMD,PT AIM,Device,Registered Asset,2025-06-18,15094131.53,3773532.88,11320598.65,36,Straight Line
AS0000871687,0,Damoda Drone DMD,PT AIM,Device,Registered Asset,2025-06-18,15094131.53,3773532.88,11320598.65,36,Straight Line
AS0000871688,0,Damoda Drone DMD,PT AIM,Device,Registered Asset,2025-06-18,15094131.53,3773532.88,11320598.65,36,Straight Line
AS0000871689,0,Damoda Drone DMD,PT AIM,Device,Registered Asset,2025-06-18,15094131.53,3773532.88,11320598.65,36,Straight Line
AS0000871690,0,Damoda Drone DMD,PT AIM,Device,Registered Asset,2025-06-18,15094131.53,3773532.88,11320598.65,36,Straight Line
AS0000871691,0,Damoda Drone DMD,PT AIM,Device,Registered Asset,2025-06-18,15094131.53,3773532.88,11320598.65,36,Straight Line
AS0000871692,0,Damoda Drone DMD,PT AIM,Device,Registered Asset,2025-06-18,15094131.53,3773532.88,11320598.65,36,Straight Line
AS0000871693,0,Damoda Drone DMD,PT AIM,Device,Registered Asset,2025-06-18,15094131.53,3773532.88,11320598.65,36,Straight Line
AS0000871694,0,Damoda Drone DMD,PT AIM,Device,Registered Asset,2025-06-18,15094131.53,3773532.88,11320598.65,36,Straight Line
AS0000871695,0,Damoda Drone DMD,PT AIM,Device,Registered Asset,2025-06-18,15094131.53,3773532.88,11320598.65,36,Straight Line
AS0000871696,0,Damoda Drone DMD,PT AIM,Device,Registered Asset,2025-06-18,15094131.53,3773532.88,11320598.65,36,Straight Line
AS0000871697,0,Damoda Drone DMD,PT AIM,Device,Registered Asset,2025-06-18,15094131.53,3773532.88,11320598.65,36,Straight Line
AS0000871698,0,Damoda Drone DMD,PT AIM,Device,Registered Asset,2025-06-18,15094131.53,3773532.88,11320598.65,36,Straight Line
AS0000871699,0,Damoda Drone DMD,PT AIM,Device,Registered Asset,2025-06-18,15094131.53,3773532.88,11320598.65,36,Straight Line
AS0000871700,0,Damoda Drone DMD,PT AIM,Device,Registered Asset,2025-06-18,15094131.53,3773532.88,11320598.65,36,Straight Line
AS0000871701,0,Damoda Drone DMD,PT AIM,Device,Registered Asset,2025-06-18,15094131.53,3773532.88,11320598.65,36,Straight Line
AS0000871702,0,Damoda Drone DMD,PT AIM,Device,Registered Asset,2025-06-18,15094131.53,3773532.88,11320598.65,36,Straight Line
AS0000871703,0,Damoda Drone DMD,PT AIM,Device,Registered Asset,2025-06-18,15094131.53,3773532.88,11320598.65,36,Straight Line
AS0000871704,0,Damoda Drone DMD,PT AIM,Device,Registered Asset,2025-06-18,15094131.53,3773532.88,11320598.65,36,Straight Line
AS0000871705,0,Damoda Drone DMD,PT AIM,Device,Registered Asset,2025-06-18,15094131.53,3773532.88,11320598.65,36,Straight Line
AS0000871706,0,Damoda Drone DMD,PT AIM,Device,Registered Asset,2025-06-18,15094131.53,3773532.88,11320598.65,36,Straight Line
AS0000871707,0,Damoda Drone DMD,PT AIM,Device,Registered Asset,2025-06-18,15094131.53,3773532.88,11320598.65,36,Straight Line
AS0000871708,0,Damoda Drone DMD,PT AIM,Device,Registered Asset,2025-06-18,15094131.53,3773532.88,11320598.65,36,Straight Line
AS0000871709,0,Damoda Drone DMD,PT AIM,Device,Registered Asset,2025-06-18,15094131.53,3773532.88,11320598.65,36,Straight Line
AS0000871710,0,Damoda Drone DMD,PT AIM,Device,Registered Asset,2025-06-18,15094131.53,3773532.88,11320598.65,36,Straight Line
AS0000871711,0,Damoda Drone DMD,PT AIM,Device,Registered Asset,2025-06-18,15094131.53,3773532.88,11320598.65,36,Straight Line
AS0000871712,0,Damoda Drone DMD,PT AIM,Device,Registered Asset,2025-06-18,15094131.53,3773532.88,11320598.65,36,Straight Line
AS0000871713,0,Damoda Drone DMD,PT AIM,Device,Registered Asset,2025-06-18,15094131.53,3773532.88,11320598.65,36,Straight Line
AS0000871714,0,Damoda Drone DMD,PT AIM,Device,Registered Asset,2025-06-18,15094131.53,3773532.88,11320598.65,36,Straight Line
AS0000871715,0,Damoda Drone Base Station,PT AIM,Komponen Drone,Registered Asset,2025-06-18,159726262.0,39931565.5,119794696.5,36,Straight Line
AS0000871716,0,Damoda Drone Base Station,PT AIM,Komponen Drone,Registered Asset,2025-06-18,159726262.0,39931565.5,119794696.5,36,Straight Line
AS0000871717,0,Damoda Drone Base Station,PT AIM,Komponen Drone,Registered Asset,2025-06-18,159726262.0,39931565.5,119794696.5,36,Straight Line
AS0000871718,0,Damoda Drone Radio Transmitter,PT AIM,Komponen Drone,Registered Asset,2025-06-18,139190028.67,34797507.17,104392521.5,36,Straight Line
AS0000871719,0,Damoda Drone Radio Transmitter,PT AIM,Komponen Drone,Registered Asset,2025-06-18,139190028.67,34797507.17,104392521.5,36,Straight Line
AS0000871720,0,Damoda Drone Radio Transmitter,PT AIM,Komponen Drone,Registered Asset,2025-06-18,139190028.67,34797507.17,104392521.5,36,Straight Line
202600169668,0,Servo SV-5 Solution B 300 3 L (3KG),PT AIM,Komponen Drone,Registered Asset,2026-01-19,1677900.0,174781.25,1503118.75,43,Straight Line
202600169669,0,Servo SV-5 Solution B 300 3 L (3KG),PT AIM,Komponen Drone,Registered Asset,2026-01-19,1677900.0,174781.25,1503118.75,43,Straight Line
202600169670,0,Servo SV-5 Solution B 600 6 L (6KG),PT AIM,Komponen Drone,Registered Asset,2026-01-19,1884225.0,196273.44,1687951.56,43,Straight Line
202600169671,0,Servo SV-5 Solution B 600 6 L (6KG),PT AIM,Komponen Drone,Registered Asset,2026-01-19,1884225.0,196273.44,1687951.56,43,Straight Line
